"ID","clay","SOC","pH","Cd_solu","lea","soc_level","clay_level"
"QY003",19.06604815,2.572321472,6.70404,0.0322397650460274,0.473924546176603,"High (>2.5%)","Loamy (18-35%)"
"QY003",18.79340997,2.550000043,6.700344,0.0336067186922544,0.497379436645365,"High (>2.5%)","Loamy (18-35%)"
"QY003",18.52077179,2.531678615,6.698848,0.0348378864970247,0.533019663404478,"High (>2.5%)","Loamy (18-35%)"
"QY003",18.24813361,2.520428614,6.691104,0.0363674643725481,0.436409572470578,"High (>2.5%)","Loamy (18-35%)"
"QY003",17.97549542,2.503107185,6.688024,0.0378417826296234,0.454101391555481,"High (>2.5%)","Sandy (<18%)"
"QY003",17.70285724,2.4886429,6.69128,0.0389220446438324,0.572154056264336,"Medium (1.5~2.5%)","Sandy (<18%)"
"QY003",17.43021906,2.475250042,6.688024,0.0403885908629746,0.597751144772024,"Medium (1.5~2.5%)","Sandy (<18%)"
"QY003",17.15758088,2.463107185,6.688112,0.041631291219934,0.63695875566499,"Medium (1.5~2.5%)","Sandy (<18%)"
"QY003",16.8849427,2.451178613,6.68116,0.0433239669874374,0.519887603849248,"Medium (1.5~2.5%)","Sandy (<18%)"
"QY003",16.61230452,2.438714327,6.694976,0.0437743951764411,0.853600705940602,"Medium (1.5~2.5%)","Sandy (<18%)"
"QY003",16.33966634,2.425928613,6.673592,0.0466619798435313,0.415291620607429,"Medium (1.5~2.5%)","Sandy (<18%)"
"QY003",16.06702816,2.42507147,6.683888,0.0471387408626798,0.692939490681393,"Medium (1.5~2.5%)","Sandy (<18%)"
"QY003",15.79438998,2.429285756,6.691544,0.047703917289347,0.94453756232907,"Medium (1.5~2.5%)","Sandy (<18%)"
"QY003",15.5217518,2.430785756,6.687496,0.0492669569490822,0.655250527422793,"Medium (1.5~2.5%)","Sandy (<18%)"
"QY003",15.24911362,2.433392899,6.677904,0.0513452631414129,0.513452631414129,"Medium (1.5~2.5%)","Sandy (<18%)"
"QY003",14.97647544,2.45282147,6.680632,0.0521010869528891,0.734625326035737,"Medium (1.5~2.5%)","Sandy (<18%)"
"QY003",14.70383725,2.474964328,6.676848,0.0533181757558015,0.607827203616137,"Medium (1.5~2.5%)","Sandy (<18%)"
"QY003",14.43119907,2.472785756,6.694624,0.05352300468061,1.11863079782475,"Medium (1.5~2.5%)","Sandy (<18%)"
"QY003",14.15856089,2.469357185,6.656608,0.0584698690528118,0.496993886948901,"Medium (1.5~2.5%)","Sandy (<18%)"
"QY003",13.88592271,2.469821471,6.677552,0.0583009088223357,0.763741905572597,"Medium (1.5~2.5%)","Sandy (<18%)"
"QY003",13.61328453,2.473250042,6.667344,0.0608607383962991,0.797275672991518,"Medium (1.5~2.5%)","Sandy (<18%)"
"QY003",13.34064635,2.477928614,6.679488,0.0614070369364297,0.951809072514661,"Medium (1.5~2.5%)","Sandy (<18%)"
"QY003",13.06800817,2.483571471,6.671304,0.0638907153018703,0.75391044056207,"Medium (1.5~2.5%)","Sandy (<18%)"
"QY003",12.79536999,2.484500042,6.664616,0.0665047387083891,0.738202599663119,"Medium (1.5~2.5%)","Sandy (<18%)"
"QY003",12.52273181,2.480785757,6.656168,0.0693207517651694,0.658547141769109,"Medium (1.5~2.5%)","Sandy (<18%)"
"QY003",12.25009363,2.486571471,6.651592,0.0714823891197503,0.650489740989728,"Medium (1.5~2.5%)","Sandy (<18%)"
"QY003",11.97745545,2.492607185,6.615864,0.077270752009661,0.463624512057966,"Medium (1.5~2.5%)","Sandy (<18%)"
"QY003",11.70481727,2.500178614,6.64024,0.0760734577658486,0.745519886105316,"High (>2.5%)","Sandy (<18%)"
"QY003",11.43217908,2.5073929,6.593512,0.0833712214647631,0.358496252298481,"High (>2.5%)","Sandy (<18%)"
"QY003",11.1595409,2.501607185,6.654672,0.0780169769672361,0.904996932819938,"High (>2.5%)","Sandy (<18%)"
"QY003",10.88690272,2.507035757,6.639272,0.0814231896047792,0.757235663324446,"High (>2.5%)","Sandy (<18%)"
"QY003",10.61426454,2.513250043,6.650096,0.0814797894434297,1.01034938909853,"High (>2.5%)","Sandy (<18%)"
"QY003",10.34162636,2.516071471,6.639448,0.0843173322237641,0.801014656125759,"High (>2.5%)","Sandy (<18%)"
"QY003",10.06898818,2.516250043,6.636896,0.0862247430197087,0.801890110083291,"High (>2.5%)","Sandy (<18%)"
"QY003",9.79635,2.540428615,6.633024,0.0871030007621835,0.79263730693587,"High (>2.5%)","Sandy (<18%)"
"QY003",9.79635,2.5341429,6.632144,0.0887236947977732,0.807385622659736,"High (>2.5%)","Sandy (<18%)"
"QY003",9.79635,2.535178615,6.631264,0.0893008100911744,0.812637371829687,"High (>2.5%)","Sandy (<18%)"
"QY003",9.79635,2.536035757,6.630472,0.0898743762660345,0.817856824020914,"High (>2.5%)","Sandy (<18%)"
"QY003",9.79635,2.536714329,6.629856,0.090432221842805,0.822933218769525,"High (>2.5%)","Sandy (<18%)"
"QY003",9.79635,2.537250043,6.629328,0.0909845163590368,0.827959098867235,"High (>2.5%)","Sandy (<18%)"
"QY003",9.79635,2.537714329,6.628888,0.0915277095184238,0.832902156617657,"High (>2.5%)","Sandy (<18%)"
"QY003",9.79635,2.538107186,6.628448,0.0920739647964495,0.83787307964769,"High (>2.5%)","Sandy (<18%)"
"QY003",9.79635,2.538464329,6.628184,0.0925968198171836,0.84263106033637,"High (>2.5%)","Sandy (<18%)"
"QY003",9.79635,2.538785758,6.62792,0.0931208158386633,0.847399424131836,"High (>2.5%)","Sandy (<18%)"
"QY003",9.79635,2.539071472,6.627744,0.0936334563400332,0.852064452694302,"High (>2.5%)","Sandy (<18%)"
"QY003",9.79635,2.539321472,6.627568,0.0941471671527161,0.856739221089717,"High (>2.5%)","Sandy (<18%)"
"QY003",9.79635,2.539571472,6.62748,0.0946475320321068,0.861292541492172,"High (>2.5%)","Sandy (<18%)"
"QY003",9.79635,2.539785758,6.627304,0.0951616090976574,0.865970642788682,"High (>2.5%)","Sandy (<18%)"
"QY003",9.79635,2.540035758,6.627216,0.0956604194159807,0.870509816685425,"High (>2.5%)","Sandy (<18%)"
"QY003",9.79635,2.540214329,6.627128,0.096162048808155,0.875074644154211,"High (>2.5%)","Sandy (<18%)"
"QY003",9.79635,2.540428615,6.62704,0.0966610847281684,0.879615871026333,"High (>2.5%)","Sandy (<18%)"
"QY003",9.79635,2.5406429,6.62704,0.0971463411995074,0.884031704915517,"High (>2.5%)","Sandy (<18%)"
"QY003",9.79635,2.540821472,6.626952,0.0976455934682917,0.888574900561454,"High (>2.5%)","Sandy (<18%)"
"QY003",9.79635,2.541000043,6.626864,0.0981440763689882,0.893111094957793,"High (>2.5%)","Sandy (<18%)"
"QY003",9.79635,2.541178615,6.626864,0.098628599862758,0.897520258751098,"High (>2.5%)","Sandy (<18%)"
"QY003",9.79635,2.541357186,6.626776,0.099125496991623,0.902042022623769,"High (>2.5%)","Sandy (<18%)"
"QY003",9.79635,2.541535758,6.626776,0.0996083057667143,0.9064355824771,"High (>2.5%)","Sandy (<18%)"
"QY003",9.79635,2.541714329,6.626688,0.100103621664627,0.910942957148105,"High (>2.5%)","Sandy (<18%)"
"QY003",9.79635,2.5418929,6.626688,0.100584720766293,0.91532095897327,"High (>2.5%)","Sandy (<18%)"
"QY003",9.79635,2.542035758,6.6266,0.101080362865142,0.919831302072796,"High (>2.5%)","Sandy (<18%)"
"QY003",9.79635,2.542214329,6.6266,0.101559762795083,0.924193841435257,"High (>2.5%)","Sandy (<18%)"
"QY003",9.79635,2.542357186,6.6266,0.102040209543146,0.928565906842631,"High (>2.5%)","Sandy (<18%)"
"QY003",9.79635,2.542500043,6.626512,0.102533509507669,0.93305493651979,"High (>2.5%)","Sandy (<18%)"
"QY003",9.79635,2.542678615,6.626512,0.103010349293274,0.937394178568793,"High (>2.5%)","Sandy (<18%)"
"QY003",9.79635,2.542821472,6.626424,0.103502107792331,0.941869180910216,"High (>2.5%)","Sandy (<18%)"
"QY003",9.79635,2.542964329,6.626424,0.103979217686027,0.946210880942843,"High (>2.5%)","Sandy (<18%)"
"QY024",18.10679836,1.98256,6.714336,0.0323884038183208,0.476109536129315,"Medium (1.5~2.5%)","Loamy (18-35%)"
"QY024",17.84787713,1.96776,6.713544,0.0331777814582069,0.491031165581462,"Medium (1.5~2.5%)","Sandy (<18%)"
"QY024",17.5889559,1.96056,6.714512,0.0337073464834024,0.515722401196056,"Medium (1.5~2.5%)","Sandy (<18%)"
"QY024",17.33003468,1.96128,6.710112,0.0343486811585556,0.412184173902667,"Medium (1.5~2.5%)","Sandy (<18%)"
"QY024",17.07111345,1.95536,6.708968,0.034990578882358,0.419886946588296,"Medium (1.5~2.5%)","Sandy (<18%)"
"QY024",16.81219222,1.95292,6.711256,0.0353710023639379,0.519953734749887,"Medium (1.5~2.5%)","Sandy (<18%)"
"QY024",16.553271,1.95168,6.70844,0.0359973619193063,0.532760956405733,"Medium (1.5~2.5%)","Sandy (<18%)"
"QY024",16.29434977,1.95224,6.708616,0.0364573937279046,0.55779812403694,"Medium (1.5~2.5%)","Sandy (<18%)"
"QY024",16.03542855,1.95304,6.704832,0.0371631772528983,0.44595812703478,"Medium (1.5~2.5%)","Sandy (<18%)"
"QY024",15.77650732,1.9522,6.710552,0.0374211224201198,0.729711887192337,"Medium (1.5~2.5%)","Sandy (<18%)"
"QY024",15.51758609,1.95104,6.70668,0.0382534533884028,0.340455735156785,"Medium (1.5~2.5%)","Sandy (<18%)"
"QY024",15.25866487,1.96296,6.706152,0.0386200496643357,0.567714730065735,"Medium (1.5~2.5%)","Sandy (<18%)"
"QY024",14.99974364,1.98016,6.708968,0.0386704226148581,0.765674367774191,"Medium (1.5~2.5%)","Sandy (<18%)"
"QY024",14.74082242,1.99384,6.712136,0.0388059003061046,0.516118474071192,"Medium (1.5~2.5%)","Sandy (<18%)"
"QY024",14.48190119,2.00844,6.70844,0.0393718585751899,0.393718585751899,"Medium (1.5~2.5%)","Sandy (<18%)"
"QY024",14.22297996,2.04156,6.706416,0.0393981127371405,0.555513389593681,"Medium (1.5~2.5%)","Sandy (<18%)"
"QY024",13.96405874,2.07804,6.706328,0.0392516261698687,0.447468538336503,"Medium (1.5~2.5%)","Sandy (<18%)"
"QY024",13.70513751,2.08724,6.712048,0.0394911190034266,0.825364387171616,"Medium (1.5~2.5%)","Sandy (<18%)"
"QY024",13.44621628,2.09504,6.697088,0.0410328908171002,0.348779571945352,"Medium (1.5~2.5%)","Sandy (<18%)"
"QY024",13.18729506,2.10696,6.708,0.0409343479897488,0.53623995866571,"Medium (1.5~2.5%)","Sandy (<18%)"
"QY024",12.92837383,2.1218,6.700784,0.0419005598091213,0.548897333499489,"Medium (1.5~2.5%)","Sandy (<18%)"
"QY024",12.66945261,2.13768,6.70888,0.0419054199159252,0.649534008696841,"Medium (1.5~2.5%)","Sandy (<18%)"
"QY024",12.41053138,2.1544,6.70712,0.0425459182401196,0.502041835233412,"Medium (1.5~2.5%)","Sandy (<18%)"
"QY024",12.15161015,2.16584,6.702896,0.0435307519575669,0.483191346728993,"Medium (1.5~2.5%)","Sandy (<18%)"
"QY024",11.89268893,2.17424,6.700784,0.04449700587651,0.422721555826845,"Medium (1.5~2.5%)","Sandy (<18%)"
"QY024",11.6337677,2.19172,6.698056,0.0452989158423579,0.412220134165457,"Medium (1.5~2.5%)","Sandy (<18%)"
"QY024",11.37484648,2.20916,6.68116,0.0471103293663904,0.282661976198342,"Medium (1.5~2.5%)","Sandy (<18%)"
"QY024",11.11592525,2.2284,6.689168,0.0470369199930772,0.460961815932157,"Medium (1.5~2.5%)","Sandy (<18%)"
"QY024",10.85700402,2.24692,6.676584,0.0483758309971094,0.20801607328757,"Medium (1.5~2.5%)","Sandy (<18%)"
"QY024",10.5980828,2.25092,6.70184,0.0473118744532387,0.548817743657569,"Medium (1.5~2.5%)","Sandy (<18%)"
"QY024",10.33916157,2.26716,6.696736,0.0480034178325685,0.446431785842887,"Medium (1.5~2.5%)","Sandy (<18%)"
"QY024",10.08024035,2.28504,6.699816,0.0479870740556612,0.595039718290199,"Medium (1.5~2.5%)","Sandy (<18%)"
"QY024",9.821319119,2.29844,6.69744,0.0484112657036081,0.459907024184277,"Medium (1.5~2.5%)","Sandy (<18%)"
"QY024",9.562397893,2.30872,6.697968,0.0486396837207982,0.452349058603423,"Medium (1.5~2.5%)","Sandy (<18%)"
"QY024",9.303476667,2.34624,6.695944,0.0482290966931835,0.43888477990797,"Medium (1.5~2.5%)","Sandy (<18%)"
"QY024",9.303476667,2.34984,6.696032,0.0484436741993953,0.440837435214497,"Medium (1.5~2.5%)","Sandy (<18%)"
"QY024",9.303476667,2.36096,6.695856,0.0484687097762778,0.441065258964128,"Medium (1.5~2.5%)","Sandy (<18%)"
"QY024",9.303476667,2.37152,6.695768,0.0485019831005866,0.441368046215338,"Medium (1.5~2.5%)","Sandy (<18%)"
"QY024",9.303476667,2.38168,6.69568,0.0485454204713986,0.441763326289727,"Medium (1.5~2.5%)","Sandy (<18%)"
"QY024",9.303476667,2.39148,6.695592,0.0485978143120019,0.442240110239217,"Medium (1.5~2.5%)","Sandy (<18%)"
"QY024",9.303476667,2.401,6.695504,0.0486568985247139,0.442777776574897,"Medium (1.5~2.5%)","Sandy (<18%)"
"QY024",9.303476667,2.41024,6.695416,0.0487226106420347,0.443375756842516,"Medium (1.5~2.5%)","Sandy (<18%)"
"QY024",9.303476667,2.41924,6.695328,0.0487938135082021,0.444023702924639,"Medium (1.5~2.5%)","Sandy (<18%)"
"QY024",9.303476667,2.42804,6.69524,0.04886938712411,0.444711422829401,"Medium (1.5~2.5%)","Sandy (<18%)"
"QY024",9.303476667,2.43664,6.69524,0.0489427571672478,0.445379090221955,"Medium (1.5~2.5%)","Sandy (<18%)"
"QY024",9.303476667,2.44508,6.695152,0.0490259128578409,0.446135807006352,"Medium (1.5~2.5%)","Sandy (<18%)"
"QY024",9.303476667,2.45332,6.695064,0.0491133670342667,0.446931640011827,"Medium (1.5~2.5%)","Sandy (<18%)"
"QY024",9.303476667,2.46144,6.694976,0.0492029559707017,0.447746899333386,"Medium (1.5~2.5%)","Sandy (<18%)"
"QY024",9.303476667,2.46936,6.694888,0.0492968142673242,0.44860100983265,"Medium (1.5~2.5%)","Sandy (<18%)"
"QY024",9.303476667,2.47716,6.6948,0.0493927876619143,0.44947436772342,"Medium (1.5~2.5%)","Sandy (<18%)"
"QY024",9.303476667,2.4848,6.694712,0.049491940517987,0.450376658713682,"Medium (1.5~2.5%)","Sandy (<18%)"
"QY024",9.303476667,2.49228,6.694624,0.0495942650710491,0.451307812146546,"Medium (1.5~2.5%)","Sandy (<18%)"
"QY024",9.303476667,2.49968,6.694624,0.0496909778121566,0.452187898090625,"Medium (1.5~2.5%)","Sandy (<18%)"
"QY024",9.303476667,2.50688,6.694536,0.0497985638995887,0.453166931486257,"High (>2.5%)","Sandy (<18%)"
"QY024",9.303476667,2.514,6.694448,0.0499071813873183,0.454155350624596,"High (>2.5%)","Sandy (<18%)"
"QY024",9.303476667,2.52096,6.69436,0.0500189622168895,0.455172556173695,"High (>2.5%)","Sandy (<18%)"
"QY024",9.303476667,2.5278,6.694272,0.0501328413391201,0.456208856185993,"High (>2.5%)","Sandy (<18%)"
"QY024",9.303476667,2.53452,6.694272,0.0502421016279968,0.457203124814771,"High (>2.5%)","Sandy (<18%)"
"QY024",9.303476667,2.54116,6.694184,0.0503591163406213,0.458267958699654,"High (>2.5%)","Sandy (<18%)"
"QY024",9.303476667,2.54764,6.694096,0.0504793025228248,0.459361652957706,"High (>2.5%)","Sandy (<18%)"
"QY024",9.303476667,2.554,6.694008,0.0506015998375548,0.460474558521748,"High (>2.5%)","Sandy (<18%)"
"QY024",9.303476667,2.56024,6.694008,0.050719229765449,0.461544990865586,"High (>2.5%)","Sandy (<18%)"
"QY024",9.303476667,2.5664,6.69392,0.0508446947274804,0.462686722020072,"High (>2.5%)","Sandy (<18%)"
"QY024",9.303476667,2.5724,6.693832,0.0509733504791723,0.463857489360468,"High (>2.5%)","Sandy (<18%)"
"QY024",9.303476667,2.57836,6.693744,0.0511020150108128,0.465028336598396,"High (>2.5%)","Sandy (<18%)"
"QY024",9.303476667,2.58416,6.693744,0.0512270342424555,0.466166011606345,"High (>2.5%)","Sandy (<18%)"
"QY031",13.6593675,1.98116,5.953664,0.13629058796296,2.00347164305551,"Medium (1.5~2.5%)","Sandy (<18%)"
"QY031",13.46404306,1.97092,5.851848,0.163558026577682,2.42065879334969,"Medium (1.5~2.5%)","Sandy (<18%)"
"QY031",13.26871863,1.96348,5.765168,0.191134153095183,2.9243525423563,"Medium (1.5~2.5%)","Sandy (<18%)"
"QY031",13.07339419,1.96292,5.722928,0.207926351933892,2.49511622320671,"Medium (1.5~2.5%)","Sandy (<18%)"
"QY031",12.87806975,1.95632,5.673648,0.229834346844618,2.75801216213542,"Medium (1.5~2.5%)","Sandy (<18%)"
"QY031",12.68274532,1.95216,5.619264,0.255334410103692,3.75341582852428,"Medium (1.5~2.5%)","Sandy (<18%)"
"QY031",12.48742088,1.94884,5.567696,0.28173892323607,4.16973606389383,"Medium (1.5~2.5%)","Sandy (<18%)"
"QY031",12.29209645,1.9464,5.5134,0.311605737174918,4.76756777877625,"Medium (1.5~2.5%)","Sandy (<18%)"
"QY031",12.09677201,1.94396,5.493248,0.326535925845166,3.918431110142,"Medium (1.5~2.5%)","Sandy (<18%)"
"QY031",11.90144757,1.94112,5.523872,0.317986222448289,6.20073133774163,"Medium (1.5~2.5%)","Sandy (<18%)"
"QY031",11.70612314,1.93776,5.396184,0.393219539857092,3.49965390472812,"Medium (1.5~2.5%)","Sandy (<18%)"
"QY031",11.5107987,1.94584,5.433672,0.376870694953402,5.53999921581501,"Medium (1.5~2.5%)","Sandy (<18%)"
"QY031",11.31547426,1.95888,5.450744,0.371063546399731,7.34705821871468,"Medium (1.5~2.5%)","Sandy (<18%)"
"QY031",11.12014983,1.96944,5.337576,0.445988273785957,5.93164404135323,"Medium (1.5~2.5%)","Sandy (<18%)"
"QY031",10.92482539,1.98096,5.313112,0.46945621392779,4.6945621392779,"Medium (1.5~2.5%)","Sandy (<18%)"
"QY031",10.72950096,2.00884,5.31848,0.468757109033053,6.60947523736604,"Medium (1.5~2.5%)","Sandy (<18%)"
"QY031",10.53417652,2.03932,5.259168,0.514904796622912,5.86991468150119,"Medium (1.5~2.5%)","Sandy (<18%)"
"QY031",10.33885208,2.04616,5.335024,0.468579196071613,9.79330519789672,"Medium (1.5~2.5%)","Sandy (<18%)"
"QY031",10.14352765,2.05144,5.114144,0.667353033868289,5.67250078788046,"Medium (1.5~2.5%)","Sandy (<18%)"
"QY031",9.948203211,2.06032,5.155944,0.63831690366358,8.3619514379929,"Medium (1.5~2.5%)","Sandy (<18%)"
"QY031",9.752878774,2.07212,5.115728,0.68863327031218,9.02109584108956,"Medium (1.5~2.5%)","Sandy (<18%)"
"QY031",9.557554338,2.085,5.125232,0.689047197668958,10.6802315638688,"Medium (1.5~2.5%)","Sandy (<18%)"
"QY031",9.362229902,2.0988,5.049024,0.785190830073358,9.26525179486563,"Medium (1.5~2.5%)","Sandy (<18%)"
"QY031",9.166905466,2.10796,5.012064,0.8471004319907,9.40281479509678,"Medium (1.5~2.5%)","Sandy (<18%)"
"QY031",8.971581029,2.11156,4.949936,0.948855839593141,9.01413047613484,"Medium (1.5~2.5%)","Sandy (<18%)"
"QY031",8.776256593,2.12472,4.931016,0.990525182950768,9.01377916485199,"Medium (1.5~2.5%)","Sandy (<18%)"
"QY031",8.580932157,2.13812,4.81732,1.19484529734501,7.16907178407005,"Medium (1.5~2.5%)","Sandy (<18%)"
"QY031",8.385607721,2.15284,4.842048,1.16585093210122,11.425339134592,"Medium (1.5~2.5%)","Sandy (<18%)"
"QY031",8.190283284,2.16724,4.66508,1.53771029499442,6.61215426847601,"Medium (1.5~2.5%)","Sandy (<18%)"
"QY031",7.994958848,2.16884,4.77464,1.32511935600946,15.3713845297097,"Medium (1.5~2.5%)","Sandy (<18%)"
"QY031",7.799634412,2.18112,4.688928,1.51288832411062,14.0698614142288,"Medium (1.5~2.5%)","Sandy (<18%)"
"QY031",7.604309975,2.1938,4.674672,1.54601704408012,19.1706113465935,"Medium (1.5~2.5%)","Sandy (<18%)"
"QY031",7.408985539,2.20336,4.584032,1.76688342843228,16.7853925701067,"Medium (1.5~2.5%)","Sandy (<18%)"
"QY031",7.213661103,2.2102,4.508264,1.97699199625095,18.3860255651339,"Medium (1.5~2.5%)","Sandy (<18%)"
"QY031",7.018336667,2.24,4.42352,2.20284481213946,20.0458877904691,"Medium (1.5~2.5%)","Sandy (<18%)"
"QY031",7.018336667,2.24032,4.330416,2.51505775592194,22.8870255788897,"Medium (1.5~2.5%)","Sandy (<18%)"
"QY031",7.018336667,2.2476,4.220064,2.89259845041479,26.3226458987746,"Medium (1.5~2.5%)","Sandy (<18%)"
"QY031",7.018336667,2.2546,4.08912,3.41631229723802,31.088441904866,"Medium (1.5~2.5%)","Sandy (<18%)"
"QY031",7.018336667,2.26136,3.951224,4.04992739490156,36.8543392936042,"Medium (1.5~2.5%)","Sandy (<18%)"
"QY031",7.018336667,2.26792,3.848352,4.51246606347401,41.0634411776135,"Medium (1.5~2.5%)","Sandy (<18%)"
"QY031",7.018336667,2.27428,3.795992,4.62156401782532,42.0562325622104,"Medium (1.5~2.5%)","Sandy (<18%)"
"QY031",7.018336667,2.28048,3.773904,4.50372977339018,40.9839409378507,"Medium (1.5~2.5%)","Sandy (<18%)"
"QY031",7.018336667,2.28656,3.764664,4.29986226095333,39.1287465746753,"Medium (1.5~2.5%)","Sandy (<18%)"
"QY031",7.018336667,2.29248,3.760528,4.07485681782096,37.0811970421707,"Medium (1.5~2.5%)","Sandy (<18%)"
"QY031",7.018336667,2.29828,3.758416,3.8530191802559,35.0624745403287,"Medium (1.5~2.5%)","Sandy (<18%)"
"QY031",7.018336667,2.30396,3.757096,3.64279019689177,33.1493907917151,"Medium (1.5~2.5%)","Sandy (<18%)"
"QY031",7.018336667,2.30952,3.756128,3.44625475369787,31.3609182586506,"Medium (1.5~2.5%)","Sandy (<18%)"
"QY031",7.018336667,2.315,3.755248,3.26385469121051,29.7010776900157,"Medium (1.5~2.5%)","Sandy (<18%)"
"QY031",7.018336667,2.32036,3.754544,3.0942184784894,28.1573881542535,"Medium (1.5~2.5%)","Sandy (<18%)"
"QY031",7.018336667,2.3256,3.753752,2.93764186213774,26.7325409454534,"Medium (1.5~2.5%)","Sandy (<18%)"
"QY031",7.018336667,2.33076,3.753136,2.79186861722283,25.4060044167277,"Medium (1.5~2.5%)","Sandy (<18%)"
"QY031",7.018336667,2.33584,3.752432,2.65723218495264,24.1808128830691,"Medium (1.5~2.5%)","Sandy (<18%)"
"QY031",7.018336667,2.3408,3.751816,2.5322115323131,23.0431249440492,"Medium (1.5~2.5%)","Sandy (<18%)"
"QY031",7.018336667,2.34568,3.751288,2.41605003419558,21.9860553111798,"Medium (1.5~2.5%)","Sandy (<18%)"
"QY031",7.018336667,2.35048,3.750672,2.30872661236455,21.0094121725174,"Medium (1.5~2.5%)","Sandy (<18%)"
"QY031",7.018336667,2.3552,3.750144,2.20894079474315,20.1013612321626,"Medium (1.5~2.5%)","Sandy (<18%)"
"QY031",7.018336667,2.35984,3.749616,2.11643702623409,19.2595769387302,"Medium (1.5~2.5%)","Sandy (<18%)"
"QY031",7.018336667,2.36436,3.749176,2.03043810656998,18.4769867697869,"Medium (1.5~2.5%)","Sandy (<18%)"
"QY031",7.018336667,2.36884,3.748736,1.9506480833675,17.7508975586443,"Medium (1.5~2.5%)","Sandy (<18%)"
"QY031",7.018336667,2.3732,3.748296,1.87668830763996,17.0778635995236,"Medium (1.5~2.5%)","Sandy (<18%)"
"QY031",7.018336667,2.37752,3.747856,1.8080344206263,16.4531132276993,"Medium (1.5~2.5%)","Sandy (<18%)"
"QY031",7.018336667,2.38172,3.747416,1.74437205086615,15.8737856628819,"Medium (1.5~2.5%)","Sandy (<18%)"
"QY031",7.018336667,2.38588,3.747064,1.68502389120198,15.333717409938,"Medium (1.5~2.5%)","Sandy (<18%)"
"QY031",7.018336667,2.38996,3.746712,1.62994626625714,14.83251102294,"Medium (1.5~2.5%)","Sandy (<18%)"
"QY031",7.018336667,2.39396,3.74636,1.57882168563694,14.3672773392962,"Medium (1.5~2.5%)","Sandy (<18%)"
"QY031",7.018336667,2.39788,3.746096,1.53115261862622,13.9334888294986,"Medium (1.5~2.5%)","Sandy (<18%)"
"QY040",12.94224942,1.314680882,6.710904,0.0363461890371238,0.53428897884572,"Low (0.5~1.5%)","Sandy (<18%)"
"QY040",12.75717954,1.300886556,6.709848,0.0380200161254223,0.562696238656251,"Low (0.5~1.5%)","Sandy (<18%)"
"QY040",12.57210965,1.291099321,6.71064,0.0394528325746409,0.603628338392006,"Low (0.5~1.5%)","Sandy (<18%)"
"QY040",12.38703977,1.285531945,6.706416,0.041057310685782,0.492687728229384,"Low (0.5~1.5%)","Sandy (<18%)"
"QY040",12.20196988,1.276453931,6.705624,0.0426430752737781,0.511716903285338,"Low (0.5~1.5%)","Sandy (<18%)"
"QY040",12.0169,1.26929081,6.708352,0.0439359097311745,0.645857873048265,"Low (0.5~1.5%)","Sandy (<18%)"
"QY040",11.83183011,1.26287237,6.706064,0.0455402224330977,0.673995292009846,"Low (0.5~1.5%)","Sandy (<18%)"
"QY040",11.64676023,1.257446838,6.706944,0.0470508676091728,0.719878274420343,"Low (0.5~1.5%)","Sandy (<18%)"
"QY040",11.46169034,1.252198611,6.703424,0.0490314009454892,0.58837681134587,"Low (0.5~1.5%)","Sandy (<18%)"
"QY040",11.27662046,1.246170242,6.70976,0.0505050967550039,0.984849386722575,"Low (0.5~1.5%)","Sandy (<18%)"
"QY040",11.09155057,1.240070951,6.705712,0.0529129364977327,0.470925134829821,"Low (0.5~1.5%)","Sandy (<18%)"
"QY040",10.90648069,1.240992937,6.705712,0.0548433133991333,0.80619670696726,"Low (0.5~1.5%)","Sandy (<18%)"
"QY040",10.7214108,1.244680881,6.708352,0.0564966430641895,1.11863353267095,"Low (0.5~1.5%)","Sandy (<18%)"
"QY040",10.53634092,1.24645393,6.712752,0.058200404246411,0.774065376477266,"Low (0.5~1.5%)","Sandy (<18%)"
"QY040",10.35127103,1.248758895,6.707736,0.060898156810873,0.60898156810873,"Low (0.5~1.5%)","Sandy (<18%)"
"QY040",10.16620115,1.260922016,6.70536,0.0628847896790636,0.886675534474797,"Low (0.5~1.5%)","Sandy (<18%)"
"QY040",9.981131264,1.274751803,6.706856,0.0644719766024619,0.734980533268066,"Low (0.5~1.5%)","Sandy (<18%)"
"QY040",9.796061379,1.273971661,6.712224,0.0668023834412882,1.39616981392292,"Low (0.5~1.5%)","Sandy (<18%)"
"QY040",9.610991494,1.272624144,6.701136,0.0709688814707599,0.603235492501459,"Low (0.5~1.5%)","Sandy (<18%)"
"QY040",9.425921609,1.273617051,6.710552,0.073024982924075,0.956627276305382,"Low (0.5~1.5%)","Sandy (<18%)"
"QY040",9.240851724,1.276241165,6.704304,0.0767815812390897,1.00583871423208,"Low (0.5~1.5%)","Sandy (<18%)"
"QY040",9.055781839,1.279432654,6.711696,0.0790603897459954,1.22543604106293,"Low (0.5~1.5%)","Sandy (<18%)"
"QY040",8.870711954,1.283120598,6.71196,0.0822632962462101,0.97070689570528,"Low (0.5~1.5%)","Sandy (<18%)"
"QY040",8.685642069,1.284007123,6.708264,0.0864053855143948,0.959099779209783,"Low (0.5~1.5%)","Sandy (<18%)"
"QY040",8.500572184,1.283404286,6.707208,0.0905331476327717,0.860064902511332,"Low (0.5~1.5%)","Sandy (<18%)"
"QY040",8.315502299,1.287695066,6.704304,0.0946573782323495,0.861382141914381,"Low (0.5~1.5%)","Sandy (<18%)"
"QY040",8.130432414,1.291985846,6.692424,0.100172319843662,0.60103391906197,"Low (0.5~1.5%)","Sandy (<18%)"
"QY040",7.945362529,1.297304995,6.696824,0.102860293261299,1.00803087396073,"Low (0.5~1.5%)","Sandy (<18%)"
"QY040",7.760292644,1.302198612,6.69304,0.106492172867185,0.457916343328895,"Low (0.5~1.5%)","Sandy (<18%)"
"QY040",7.575222759,1.299432655,6.707296,0.1077762087027,1.25020402095132,"Low (0.5~1.5%)","Sandy (<18%)"
"QY040",7.390152873,1.303368825,6.704128,0.110749497433038,1.02997032612726,"Low (0.5~1.5%)","Sandy (<18%)"
"QY040",7.205082988,1.30819152,6.705536,0.112573280182348,1.39590867426111,"Low (0.5~1.5%)","Sandy (<18%)"
"QY040",7.020013103,1.310638329,6.704744,0.114688785490488,1.08954346215964,"Low (0.5~1.5%)","Sandy (<18%)"
"QY040",6.834943218,1.311489393,6.70492,0.116542665086665,1.08384678530598,"Low (0.5~1.5%)","Sandy (<18%)"
"QY040",6.649873333,1.326950386,6.703952,0.116570498808794,1.06079153916002,"Low (0.5~1.5%)","Sandy (<18%)"
"QY040",6.649873333,1.324184429,6.70404,0.118040226749314,1.07416606341876,"Low (0.5~1.5%)","Sandy (<18%)"
"QY040",6.649873333,1.325638329,6.703952,0.119035772132866,1.08322552640908,"Low (0.5~1.5%)","Sandy (<18%)"
"QY040",6.649873333,1.326914925,6.703864,0.120047411121677,1.09243144120726,"Low (0.5~1.5%)","Sandy (<18%)"
"QY040",6.649873333,1.328014216,6.703864,0.121059399964633,1.10164053967816,"Low (0.5~1.5%)","Sandy (<18%)"
"QY040",6.649873333,1.329007124,6.703776,0.122095744649742,1.11107127631265,"Low (0.5~1.5%)","Sandy (<18%)"
"QY040",6.649873333,1.329929109,6.703776,0.123119777632142,1.1203899764525,"Low (0.5~1.5%)","Sandy (<18%)"
"QY040",6.649873333,1.330780173,6.703688,0.124164528842465,1.12989721246643,"Low (0.5~1.5%)","Sandy (<18%)"
"QY040",6.649873333,1.331595776,6.703688,0.12519262276048,1.13925286712037,"Low (0.5~1.5%)","Sandy (<18%)"
"QY040",6.649873333,1.332375918,6.7036,0.126237554020403,1.14876174158567,"Low (0.5~1.5%)","Sandy (<18%)"
"QY040",6.649873333,1.333085138,6.7036,0.127270305664224,1.15815978154444,"Low (0.5~1.5%)","Sandy (<18%)"
"QY040",6.649873333,1.333794358,6.703512,0.128315874539474,1.16767445830921,"Low (0.5~1.5%)","Sandy (<18%)"
"QY040",6.649873333,1.334468117,6.703512,0.12934466566838,1.17703645758226,"Low (0.5~1.5%)","Sandy (<18%)"
"QY040",6.649873333,1.335106415,6.703512,0.130373846401396,1.18640200225271,"Low (0.5~1.5%)","Sandy (<18%)"
"QY040",6.649873333,1.335744712,6.703424,0.131416423089343,1.19588945011302,"Low (0.5~1.5%)","Sandy (<18%)"
"QY040",6.649873333,1.33638301,6.703424,0.132437362918882,1.20518000256182,"Low (0.5~1.5%)","Sandy (<18%)"
"QY040",6.649873333,1.336985847,6.703336,0.133476751535244,1.21463843897072,"Low (0.5~1.5%)","Sandy (<18%)"
"QY040",6.649873333,1.337588684,6.703336,0.13449431467201,1.22389826351529,"Low (0.5~1.5%)","Sandy (<18%)"
"QY040",6.649873333,1.338191521,6.703336,0.135507821332753,1.23312117412805,"Low (0.5~1.5%)","Sandy (<18%)"
"QY040",6.649873333,1.338758897,6.703248,0.136540392685695,1.24251757343983,"Low (0.5~1.5%)","Sandy (<18%)"
"QY040",6.649873333,1.339290812,6.703248,0.137555709691454,1.25175695819223,"Low (0.5~1.5%)","Sandy (<18%)"
"QY040",6.649873333,1.339858188,6.70316,0.138580742287517,1.26108475481641,"Low (0.5~1.5%)","Sandy (<18%)"
"QY040",6.649873333,1.340390103,6.70316,0.139588345271218,1.27025394196808,"Low (0.5~1.5%)","Sandy (<18%)"
"QY040",6.649873333,1.340922018,6.70316,0.140592076557386,1.27938789667221,"Low (0.5~1.5%)","Sandy (<18%)"
"QY040",6.649873333,1.341453932,6.703072,0.141610888520977,1.28865908554089,"Low (0.5~1.5%)","Sandy (<18%)"
"QY040",6.649873333,1.341950386,6.703072,0.142612063129081,1.29776977447464,"Low (0.5~1.5%)","Sandy (<18%)"
"QY040",6.649873333,1.34244684,6.702984,0.143628669475495,1.307020892227,"Low (0.5~1.5%)","Sandy (<18%)"
"QY040",6.649873333,1.342943294,6.702984,0.144622398955181,1.31606383049215,"Low (0.5~1.5%)","Sandy (<18%)"
"QY040",6.649873333,1.343439748,6.702984,0.145612381911896,1.32507267539825,"Low (0.5~1.5%)","Sandy (<18%)"
"QY040",6.649873333,1.343900741,6.702896,0.146623423585206,1.33427315462537,"Low (0.5~1.5%)","Sandy (<18%)"
"QY040",6.649873333,1.344361734,6.702896,0.147611279837987,1.34326264652568,"Low (0.5~1.5%)","Sandy (<18%)"
"QY040",6.649873333,1.344822727,6.702896,0.148595482416207,1.35221888998749,"Low (0.5~1.5%)","Sandy (<18%)"
"QY049",31.07708012,3.485934905,6.705712,0.0165725679649648,0.243616749084983,"High (>2.5%)","Loamy (18-35%)"
"QY049",30.63268816,3.445406451,6.704128,0.0171256739319912,0.253459974193469,"High (>2.5%)","Loamy (18-35%)"
"QY049",30.18829619,3.410894256,6.70316,0.0176377733502347,0.269857932258592,"High (>2.5%)","Loamy (18-35%)"
"QY049",29.74390423,3.383089378,6.697792,0.0182416384463114,0.218899661355737,"High (>2.5%)","Loamy (18-35%)"
"QY049",29.29951227,3.3502032,6.69568,0.0188115068276584,0.2257380819319,"High (>2.5%)","Loamy (18-35%)"
"QY049",28.8551203,3.320569054,6.698496,0.0192300462941359,0.282681680523798,"High (>2.5%)","Loamy (18-35%)"
"QY049",28.41072834,3.292357673,6.696032,0.0198041169116552,0.293100930292497,"High (>2.5%)","Loamy (18-35%)"
"QY049",27.96633637,3.26605686,6.695944,0.0203239223749293,0.310956012336418,"High (>2.5%)","Loamy (18-35%)"
"QY049",27.52194441,3.240447104,6.691544,0.0210041503948497,0.252049804738197,"High (>2.5%)","Loamy (18-35%)"
"QY049",27.07755244,3.21394304,6.702544,0.0212324980090189,0.414033711175869,"High (>2.5%)","Loamy (18-35%)"
"QY049",26.63316048,3.187682877,6.6882,0.0223142592444402,0.198596907275518,"High (>2.5%)","Loamy (18-35%)"
"QY049",26.18876851,3.172479626,6.69436,0.0226541294497407,0.333015702911189,"High (>2.5%)","Loamy (18-35%)"
"QY049",25.74437655,3.162032471,6.700168,0.0229741965173862,0.454889091044247,"High (>2.5%)","Loamy (18-35%)"
"QY049",25.29998459,3.149186943,6.698584,0.0235932726560991,0.313790526326118,"High (>2.5%)","Loamy (18-35%)"
"QY049",24.85559262,3.137560927,6.691808,0.0244280032149383,0.244280032149383,"High (>2.5%)","Loamy (18-35%)"
"QY049",24.41120066,3.141382065,6.692688,0.0248513294900993,0.3504037458104,"High (>2.5%)","Loamy (18-35%)"
"QY049",23.96680869,3.148414585,6.69084,0.0253614691474781,0.28912074828125,"High (>2.5%)","Loamy (18-35%)"
"QY049",23.52241673,3.133739789,6.703952,0.0255496797998701,0.533988307817286,"High (>2.5%)","Loamy (18-35%)"
"QY049",23.07802476,3.118292635,6.676936,0.0273685454062179,0.232632635952852,"High (>2.5%)","Loamy (18-35%)"
"QY049",22.6336328,3.106585318,6.69436,0.0273863407175789,0.358761063400283,"High (>2.5%)","Loamy (18-35%)"
"QY049",22.18924084,3.097601578,6.686176,0.0284646720229498,0.372887203500643,"High (>2.5%)","Loamy (18-35%)"
"QY049",21.74484887,3.089878001,6.696824,0.0287499049114533,0.445623526127527,"High (>2.5%)","Loamy (18-35%)"
"QY049",21.30045691,3.083251985,6.692248,0.0297128917948372,0.350612123179079,"High (>2.5%)","Loamy (18-35%)"
"QY049",20.85606494,3.072642229,6.687672,0.03077463811178,0.341598483040758,"High (>2.5%)","Loamy (18-35%)"
"QY049",20.41167298,3.059959302,6.682744,0.0319296318754582,0.303331502816853,"High (>2.5%)","Loamy (18-35%)"
"QY049",19.96728101,3.054959302,6.679664,0.032936011512758,0.299717704766098,"High (>2.5%)","Loamy (18-35%)"
"QY049",19.52288905,3.050325156,6.654408,0.0351197748461379,0.210718649076827,"High (>2.5%)","Loamy (18-35%)"
"QY049",19.07849708,3.047520278,6.669896,0.0351086586707381,0.344064854973233,"High (>2.5%)","Loamy (18-35%)"
"QY049",18.63410512,3.044430847,6.642176,0.0374113026943258,0.160868601585601,"High (>2.5%)","Loamy (18-35%)"
"QY049",18.18971316,3.029918652,6.68468,0.0359573480231429,0.417105237068458,"High (>2.5%)","Loamy (18-35%)"
"QY049",17.74532119,3.025609709,6.674384,0.0372109861210247,0.34606217092553,"High (>2.5%)","Sandy (<18%)"
"QY049",17.30092923,3.023008083,6.681424,0.0374328904542632,0.464167841632864,"High (>2.5%)","Sandy (<18%)"
"QY049",16.85653726,3.017032474,6.675528,0.0383988453959651,0.364789031261669,"High (>2.5%)","Sandy (<18%)"
"QY049",16.4121453,3.008861742,6.67456,0.0390752341339444,0.363399677445683,"High (>2.5%)","Sandy (<18%)"
"QY049",15.96775333,3.023089384,6.672272,0.0393967121245885,0.358510080333756,"High (>2.5%)","Sandy (<18%)"
"QY049",15.96775333,3.010121905,6.672008,0.0399465847717095,0.363513921422556,"High (>2.5%)","Sandy (<18%)"
"QY049",15.96775333,3.003495888,6.671744,0.0403876535802674,0.367527647580433,"High (>2.5%)","Sandy (<18%)"
"QY049",15.96775333,2.996707271,6.67148,0.0408340388197291,0.371589753259535,"High (>2.5%)","Sandy (<18%)"
"QY049",15.96775333,2.989878002,6.671216,0.04128361345586,0.375680882448326,"High (>2.5%)","Sandy (<18%)"
"QY049",15.96775333,2.983008084,6.670952,0.0417364220244343,0.379801440422352,"High (>2.5%)","Sandy (<18%)"
"QY049",15.96775333,2.976178816,6.670688,0.0421909654148734,0.383937785275348,"High (>2.5%)","Sandy (<18%)"
"QY049",15.96775333,2.969390198,6.670424,0.0426472303237609,0.388089795946224,"High (>2.5%)","Sandy (<18%)"
"QY049",15.96775333,2.962682881,6.67016,0.0431044106190968,0.39225013663378,"High (>2.5%)","Sandy (<18%)"
"QY049",15.96775333,2.956016214,6.669896,0.0435632653533221,0.396425714715232,"High (>2.5%)","Sandy (<18%)"
"QY049",15.96775333,2.949471499,6.66972,0.0440162672064629,0.400548031578812,"High (>2.5%)","Sandy (<18%)"
"QY049",15.96775333,2.943008084,6.669456,0.0444758822013356,0.404730528032154,"High (>2.5%)","Sandy (<18%)"
"QY049",15.96775333,2.936666621,6.66928,0.0449293919043073,0.408857466329197,"High (>2.5%)","Sandy (<18%)"
"QY049",15.96775333,2.930406459,6.669104,0.0453834561740089,0.412989451183481,"High (>2.5%)","Sandy (<18%)"
"QY049",15.96775333,2.924268247,6.668928,0.0458371746158938,0.417118289004633,"High (>2.5%)","Sandy (<18%)"
"QY049",15.96775333,2.918211337,6.668752,0.0462913344243101,0.421251143261222,"High (>2.5%)","Sandy (<18%)"
"QY049",15.96775333,2.912276378,6.668576,0.0467450136938566,0.425379624614095,"High (>2.5%)","Sandy (<18%)"
"QY049",15.96775333,2.906422719,6.6684,0.0471990191795071,0.429511074533515,"High (>2.5%)","Sandy (<18%)"
"QY049",15.96775333,2.900691012,6.668224,0.0476524074331016,0.433636907641225,"High (>2.5%)","Sandy (<18%)"
"QY049",15.96775333,2.895040606,6.668136,0.0480995718443955,0.437706103783999,"High (>2.5%)","Sandy (<18%)"
"QY049",15.96775333,2.88951215,6.66796,0.0485523587277429,0.441826464422461,"High (>2.5%)","Sandy (<18%)"
"QY049",15.96775333,2.884064996,6.667872,0.0489986828154867,0.445888013620929,"High (>2.5%)","Sandy (<18%)"
"QY049",15.96775333,2.878739793,6.667784,0.0494439971598298,0.449940374154451,"High (>2.5%)","Sandy (<18%)"
"QY049",15.96775333,2.87349589,6.667608,0.04989584008543,0.454052144777413,"High (>2.5%)","Sandy (<18%)"
"QY049",15.96775333,2.868333289,6.66752,0.050340869694799,0.458101914222671,"High (>2.5%)","Sandy (<18%)"
"QY049",15.96775333,2.863251988,6.667432,0.0507856536852602,0.462149448535868,"High (>2.5%)","Sandy (<18%)"
"QY049",15.96775333,2.858292639,6.667344,0.0512291643757341,0.466185395819181,"High (>2.5%)","Sandy (<18%)"
"QY049",15.96775333,2.85341459,6.667256,0.0516723073864366,0.470217997216573,"High (>2.5%)","Sandy (<18%)"
"QY049",15.96775333,2.848577192,6.667168,0.0521160274070415,0.474255849404077,"High (>2.5%)","Sandy (<18%)"
"QY049",15.96775333,2.843902395,6.667168,0.0525502532506414,0.478207304580837,"High (>2.5%)","Sandy (<18%)"
"QY049",15.96775333,2.839268249,6.66708,0.0529919284484372,0.482226548880779,"High (>2.5%)","Sandy (<18%)"
"QY049",15.96775333,2.834715403,6.666992,0.0534330273647888,0.486240549019578,"High (>2.5%)","Sandy (<18%)"
"QY065",37.94350888,3.057913701,6.125,0.0575109157307543,0.845410461242088,"High (>2.5%)","Clay (>35%)"
"QY065",37.40092926,3.019712261,6.037,0.0674323920053794,0.997999401679615,"High (>2.5%)","Clay (>35%)"
"QY065",36.85834964,2.986510822,5.972144,0.0761404294276272,1.1649485702427,"High (>2.5%)","Clay (>35%)"
"QY065",36.31577001,2.958741038,5.975224,0.0773521861667276,0.928226234000731,"High (>2.5%)","Clay (>35%)"
"QY065",35.77319039,2.926906505,5.95032,0.0821838174467999,0.986205809361599,"High (>2.5%)","Clay (>35%)"
"QY065",35.23061076,2.897769814,5.912656,0.0889211932645926,1.30714154098951,"High (>2.5%)","Clay (>35%)"
"QY065",34.68803114,2.869892116,5.879128,0.0955229705965159,1.41373996482844,"High (>2.5%)","Loamy (18-35%)"
"QY065",34.14545152,2.84356118,5.848152,0.102188210646545,1.56347962289214,"High (>2.5%)","Loamy (18-35%)"
"QY065",33.60287189,2.817913698,5.876312,0.0999127152719361,1.19895258326323,"High (>2.5%)","Loamy (18-35%)"
"QY065",33.06029227,2.791618734,5.8742,0.102433811711657,1.99745932837732,"High (>2.5%)","Loamy (18-35%)"
"QY065",32.51771264,2.765575568,5.848768,0.108736880761811,0.967758238780121,"High (>2.5%)","Loamy (18-35%)"
"QY065",31.97513302,2.748561179,5.861704,0.108628165118359,1.59683402723988,"High (>2.5%)","Loamy (18-35%)"
"QY065",31.4325534,2.735431683,5.86276,0.11025091216682,2.18296806090304,"High (>2.5%)","Loamy (18-35%)"
"QY065",30.88997377,2.720323769,5.844456,0.115305329169996,1.53356087796095,"High (>2.5%)","Loamy (18-35%)"
"QY065",30.34739415,2.706259021,5.876488,0.11179409485881,1.1179409485881,"High (>2.5%)","Loamy (18-35%)"
"QY065",29.80481452,2.704748229,5.84736,0.118330971204311,1.66846669398079,"High (>2.5%)","Loamy (18-35%)"
"QY065",29.2622349,2.705755424,5.87024,0.115548943645371,1.31725795755723,"High (>2.5%)","Loamy (18-35%)"
"QY065",28.71965528,2.689064776,5.867952,0.118371272698784,2.47395959940459,"High (>2.5%)","Loamy (18-35%)"
"QY065",28.17707565,2.671942474,5.79676,0.134535924294327,1.14355535650178,"High (>2.5%)","Loamy (18-35%)"
"QY065",27.63449603,2.657949668,5.842608,0.128050886909443,1.6774666185137,"High (>2.5%)","Loamy (18-35%)"
"QY065",27.0919164,2.64625902,5.837064,0.131587337060213,1.7237941154888,"High (>2.5%)","Loamy (18-35%)"
"QY065",26.54933678,2.635611538,5.857216,0.130041126768518,2.01563746491203,"High (>2.5%)","Loamy (18-35%)"
"QY065",26.00675716,2.625863336,5.859856,0.131946306625242,1.55696641817786,"High (>2.5%)","Loamy (18-35%)"
"QY065",25.46417753,2.612949667,5.889336,0.128854519362085,1.43028516491914,"High (>2.5%)","Loamy (18-35%)"
"QY065",24.92159791,2.598453264,5.9028,0.129110284910068,1.22654770664564,"High (>2.5%)","Loamy (18-35%)"
"QY065",24.37901828,2.590251825,5.957976,0.121107277809145,1.10207622806322,"High (>2.5%)","Loamy (18-35%)"
"QY065",23.83643866,2.582374127,5.989832,0.117698415446836,0.706190492681014,"High (>2.5%)","Loamy (18-35%)"
"QY065",23.29385904,2.576007221,6.039552,0.111157209798546,1.08934065602575,"High (>2.5%)","Loamy (18-35%)"
"QY065",22.75127941,2.569424487,6.109864,0.101602604491524,0.436891199313551,"High (>2.5%)","Loamy (18-35%)"
"QY065",22.20869979,2.553597149,6.136968,0.0996234604723281,1.15563214147901,"High (>2.5%)","Loamy (18-35%)"
"QY065",21.66612016,2.546223048,6.091032,0.108478380299087,1.00884893678151,"High (>2.5%)","Loamy (18-35%)"
"QY065",21.12354054,2.540251825,6.065336,0.114372494856626,1.41821893622216,"High (>2.5%)","Loamy (18-35%)"
"QY065",20.58096091,2.53158276,6.072816,0.114652953717918,1.08920306032022,"High (>2.5%)","Loamy (18-35%)"
"QY065",20.03838129,2.521151105,6.053632,0.11970728084684,1.11327771187561,"High (>2.5%)","Loamy (18-35%)"
"QY065",19.49580167,2.529028803,6.070616,0.117047239173852,1.06512987648205,"High (>2.5%)","Loamy (18-35%)"
"QY065",19.49580167,2.514676285,6.074136,0.117862829833787,1.07255175148746,"High (>2.5%)","Loamy (18-35%)"
"QY065",19.49580167,2.505683479,6.07748,0.118376334193039,1.07722464115666,"High (>2.5%)","Loamy (18-35%)"
"QY065",19.49580167,2.496618731,6.07968,0.119101764431932,1.08382605633058,"Medium (1.5~2.5%)","Loamy (18-35%)"
"QY065",19.49580167,2.487553982,6.080912,0.120005960119707,1.09205423708933,"Medium (1.5~2.5%)","Loamy (18-35%)"
"QY065",19.49580167,2.478561177,6.08144,0.121039379906095,1.10145835714546,"Medium (1.5~2.5%)","Loamy (18-35%)"
"QY065",19.49580167,2.469676284,6.081528,0.122153616905604,1.111597913841,"Medium (1.5~2.5%)","Loamy (18-35%)"
"QY065",19.49580167,2.460863335,6.081088,0.123369493168615,1.1226623878344,"Medium (1.5~2.5%)","Loamy (18-35%)"
"QY065",19.49580167,2.452158299,6.080472,0.124620532626288,1.13404684689922,"Medium (1.5~2.5%)","Loamy (18-35%)"
"QY065",19.49580167,2.443561176,6.07968,0.125907486408411,1.14575812631654,"Medium (1.5~2.5%)","Loamy (18-35%)"
"QY065",19.49580167,2.43514391,6.0788,0.127209079785604,1.157602626049,"Medium (1.5~2.5%)","Loamy (18-35%)"
"QY065",19.49580167,2.426834557,6.077832,0.12853051310137,1.16962766922247,"Medium (1.5~2.5%)","Loamy (18-35%)"
"QY065",19.49580167,2.41866909,6.076776,0.129869491777994,1.18181237517975,"Medium (1.5~2.5%)","Loamy (18-35%)"
"QY065",19.49580167,2.410611536,6.07572,0.131211287386468,1.19402271521686,"Medium (1.5~2.5%)","Loamy (18-35%)"
"QY065",19.49580167,2.402733838,6.074664,0.132550367893204,1.20620834782816,"Medium (1.5~2.5%)","Loamy (18-35%)"
"QY065",19.49580167,2.395000025,6.073608,0.133889009178641,1.21838998352563,"Medium (1.5~2.5%)","Loamy (18-35%)"
"QY065",19.49580167,2.387374125,6.072552,0.135229619578126,1.23058953816095,"Medium (1.5~2.5%)","Loamy (18-35%)"
"QY065",19.49580167,2.379892111,6.071584,0.136550945323506,1.24261360244391,"Medium (1.5~2.5%)","Loamy (18-35%)"
"QY065",19.49580167,2.372553981,6.070616,0.137870599328911,1.25462245389309,"Medium (1.5~2.5%)","Loamy (18-35%)"
"QY065",19.49580167,2.365323765,6.069648,0.139191087350724,1.26663889489159,"Medium (1.5~2.5%)","Loamy (18-35%)"
"QY065",19.49580167,2.358237434,6.068768,0.140490513941003,1.27846367686313,"Medium (1.5~2.5%)","Loamy (18-35%)"
"QY065",19.49580167,2.351294988,6.067888,0.14178701906102,1.29026187345528,"Medium (1.5~2.5%)","Loamy (18-35%)"
"QY065",19.49580167,2.344460456,6.067096,0.143064073842945,1.3018830719708,"Medium (1.5~2.5%)","Loamy (18-35%)"
"QY065",19.49580167,2.337733837,6.066304,0.144340264713713,1.31349640889479,"Medium (1.5~2.5%)","Loamy (18-35%)"
"QY065",19.49580167,2.331151103,6.0656,0.145592867053265,1.32489509018471,"Medium (1.5~2.5%)","Loamy (18-35%)"
"QY065",19.49580167,2.324676283,6.064984,0.146824121982226,1.33609951003826,"Medium (1.5~2.5%)","Loamy (18-35%)"
"QY065",19.49580167,2.318309376,6.064368,0.148053129789592,1.34728348108528,"Medium (1.5~2.5%)","Loamy (18-35%)"
"QY065",19.49580167,2.312086355,6.063752,0.149276534672038,1.35841646551554,"Medium (1.5~2.5%)","Loamy (18-35%)"
"QY065",19.49580167,2.305971247,6.063224,0.150477018559189,1.36934086888862,"Medium (1.5~2.5%)","Loamy (18-35%)"
"QY065",19.49580167,2.299964052,6.062784,0.151653895130875,1.38005044569096,"Medium (1.5~2.5%)","Loamy (18-35%)"
"QY065",19.49580167,2.294028801,6.062432,0.152809699929704,1.3905682693603,"Medium (1.5~2.5%)","Loamy (18-35%)"
"QY065",19.49580167,2.288237434,6.061992,0.153978551532961,1.40120481894994,"Medium (1.5~2.5%)","Loamy (18-35%)"
"QY070",25.05904008,3.013928623,6.706504,0.0131718719994358,0.193626518391706,"High (>2.5%)","Loamy (18-35%)"
"QY070",24.7007041,2.987857194,6.704568,0.0143415411675403,0.212254809279597,"High (>2.5%)","Loamy (18-35%)"
"QY070",24.34236812,2.963285765,6.7036,0.0155355462257474,0.237693857253935,"High (>2.5%)","Loamy (18-35%)"
"QY070",23.98403213,2.945392907,6.69876,0.0168819540545349,0.202583448654419,"High (>2.5%)","Loamy (18-35%)"
"QY070",23.62569615,2.921785764,6.696648,0.0182997478486427,0.219596974183712,"High (>2.5%)","Loamy (18-35%)"
"QY070",23.26736017,2.900571478,6.699376,0.019595070606987,0.288047537922709,"High (>2.5%)","Loamy (18-35%)"
"QY070",22.90902418,2.880357192,6.696824,0.0210691492168295,0.311823408409076,"High (>2.5%)","Loamy (18-35%)"
"QY070",22.5506882,2.861071477,6.69656,0.0224639977489875,0.343699165559508,"High (>2.5%)","Loamy (18-35%)"
"QY070",22.19235222,2.84192862,6.693216,0.0239641340314032,0.287569608376839,"High (>2.5%)","Loamy (18-35%)"
"QY070",21.83401624,2.823035762,6.70404,0.0250798966247064,0.489057984181775,"High (>2.5%)","Loamy (18-35%)"
"QY070",21.47568025,2.803821476,6.690048,0.027225641726344,0.242308211364462,"High (>2.5%)","Loamy (18-35%)"
"QY070",21.11734427,2.795892905,6.695856,0.0285184467280138,0.419221166901803,"High (>2.5%)","Loamy (18-35%)"
"QY070",20.75900829,2.793035762,6.7014,0.0298218652785117,0.590472932514531,"High (>2.5%)","Loamy (18-35%)"
"QY070",20.40067231,2.788142905,6.698232,0.0316782437567099,0.421320641964242,"High (>2.5%)","Loamy (18-35%)"
"QY070",20.04233632,2.784464333,6.693568,0.0337382670947232,0.337382670947232,"High (>2.5%)","Loamy (18-35%)"
"QY070",19.68400034,2.796821476,6.693656,0.0354352905030241,0.499637596092639,"High (>2.5%)","Loamy (18-35%)"
"QY070",19.32566436,2.811642905,6.690576,0.0373035391177349,0.425260345942177,"High (>2.5%)","Loamy (18-35%)"
"QY070",18.96732837,2.803928619,6.70492,0.0386245336141625,0.807252752535997,"High (>2.5%)","Loamy (18-35%)"
"QY070",18.60899239,2.794892905,6.675352,0.0426755940610327,0.362742549518778,"High (>2.5%)","Loamy (18-35%)"
"QY070",18.25065641,2.78960719,6.695856,0.0435709464434455,0.570779398409136,"High (>2.5%)","Loamy (18-35%)"
"QY070",17.89232043,2.787428619,6.687232,0.0464040719815298,0.60789334295804,"High (>2.5%)","Sandy (<18%)"
"QY070",17.53398444,2.78660719,6.698496,0.0479119679138441,0.742635502664583,"High (>2.5%)","Sandy (<18%)"
"QY070",17.17564846,2.78685719,6.693656,0.0506493307338333,0.597662102659233,"High (>2.5%)","Sandy (<18%)"
"QY070",16.81731248,2.782821476,6.689608,0.0535523485516734,0.594431068923575,"High (>2.5%)","Sandy (<18%)"
"QY070",16.45897649,2.772821476,6.685032,0.0564048436982817,0.535846015133676,"High (>2.5%)","Sandy (<18%)"
"QY070",16.10064051,2.772714333,6.683536,0.0588339389142736,0.535388844119889,"High (>2.5%)","Sandy (<18%)"
"QY070",15.74230453,2.773142904,6.657576,0.063637976330057,0.381827857980342,"High (>2.5%)","Sandy (<18%)"
"QY070",15.38396855,2.774892904,6.67236,0.0645097580101811,0.632195628499775,"High (>2.5%)","Sandy (<18%)"
"QY070",15.02563256,2.776642904,6.64552,0.069553961085463,0.299082032667491,"High (>2.5%)","Sandy (<18%)"
"QY070",14.66729658,2.766178619,6.689608,0.0676088183025037,0.784262292309042,"High (>2.5%)","Sandy (<18%)"
"QY070",14.3089606,2.766321476,6.677992,0.071027137502122,0.660552378769735,"High (>2.5%)","Sandy (<18%)"
"QY070",13.95062462,2.766642904,6.685208,0.0722654136030926,0.896091128678348,"High (>2.5%)","Sandy (<18%)"
"QY070",13.59228863,2.764321476,6.679752,0.0749586561191565,0.712107233131987,"High (>2.5%)","Sandy (<18%)"
"QY070",13.23395265,2.759642904,6.679488,0.0771343486329526,0.717349442286459,"High (>2.5%)","Sandy (<18%)"
"QY070",12.87561667,2.777000047,6.677288,0.078570421925765,0.714990839524461,"High (>2.5%)","Sandy (<18%)"
"QY070",12.87561667,2.766035761,6.6772,0.080562319192633,0.733117104652961,"High (>2.5%)","Sandy (<18%)"
"QY070",12.87561667,2.762250047,6.676936,0.0812812748999442,0.739659601589492,"High (>2.5%)","Sandy (<18%)"
"QY070",12.87561667,2.758392904,6.67676,0.0819943119709509,0.746148238935653,"High (>2.5%)","Sandy (<18%)"
"QY070",12.87561667,2.754500047,6.676496,0.0827219285917052,0.752769550184518,"High (>2.5%)","Sandy (<18%)"
"QY070",12.87561667,2.750642904,6.67632,0.0834392309302567,0.759297001465336,"High (>2.5%)","Sandy (<18%)"
"QY070",12.87561667,2.746785761,6.676144,0.0841586262093257,0.765843498504864,"High (>2.5%)","Sandy (<18%)"
"QY070",12.87561667,2.742964332,6.675968,0.0848786396634326,0.772395620937236,"High (>2.5%)","Sandy (<18%)"
"QY070",12.87561667,2.739214332,6.675792,0.0855977398092855,0.778939432264498,"High (>2.5%)","Sandy (<18%)"
"QY070",12.87561667,2.735464332,6.675528,0.0863304133556078,0.785606761536031,"High (>2.5%)","Sandy (<18%)"
"QY070",12.87561667,2.731785761,6.675352,0.0870506124771013,0.792160573541622,"High (>2.5%)","Sandy (<18%)"
"QY070",12.87561667,2.728178618,6.675176,0.0877697175571158,0.798704429769753,"High (>2.5%)","Sandy (<18%)"
"QY070",12.87561667,2.724642904,6.675088,0.088475816722727,0.805129932176816,"High (>2.5%)","Sandy (<18%)"
"QY070",12.87561667,2.721142903,6.674912,0.0891939813065102,0.811665229889243,"High (>2.5%)","Sandy (<18%)"
"QY070",12.87561667,2.717678618,6.674736,0.0899124256552915,0.818203073463153,"High (>2.5%)","Sandy (<18%)"
"QY070",12.87561667,2.714321475,6.67456,0.09062791652645,0.824714040390695,"High (>2.5%)","Sandy (<18%)"
"QY070",12.87561667,2.711000046,6.674472,0.091331342836305,0.831115219810376,"High (>2.5%)","Sandy (<18%)"
"QY070",12.87561667,2.707714332,6.674296,0.09204701262507,0.837627814888138,"High (>2.5%)","Sandy (<18%)"
"QY070",12.87561667,2.70453576,6.674208,0.0927470699206804,0.843998336278191,"High (>2.5%)","Sandy (<18%)"
"QY070",12.87561667,2.701357189,6.674032,0.0934610863835067,0.850495886089911,"High (>2.5%)","Sandy (<18%)"
"QY070",12.87561667,2.69828576,6.673944,0.0941591404452133,0.856848178051441,"High (>2.5%)","Sandy (<18%)"
"QY070",12.87561667,2.695250046,6.673856,0.0948568974237618,0.863197766556232,"High (>2.5%)","Sandy (<18%)"
"QY070",12.87561667,2.692250046,6.67368,0.0955670988989849,0.869660599980763,"High (>2.5%)","Sandy (<18%)"
"QY070",12.87561667,2.689321474,6.673592,0.096262514899998,0.875988885589982,"High (>2.5%)","Sandy (<18%)"
"QY070",12.87561667,2.686464331,6.673504,0.0969557653420231,0.88229746461241,"High (>2.5%)","Sandy (<18%)"
"QY070",12.87561667,2.683642903,6.673416,0.0976485128929713,0.888601467326039,"High (>2.5%)","Sandy (<18%)"
"QY070",12.87561667,2.680857189,6.673328,0.0983407191361411,0.894900544138885,"High (>2.5%)","Sandy (<18%)"
"QY070",12.87561667,2.678142903,6.67324,0.0990305758959087,0.901178240652769,"High (>2.5%)","Sandy (<18%)"
"QY070",12.87561667,2.675464331,6.673152,0.0997197883295356,0.907450073798774,"High (>2.5%)","Sandy (<18%)"
"QY070",12.87561667,2.672857188,6.673064,0.100406520022082,0.913699332200948,"High (>2.5%)","Sandy (<18%)"
"QY070",12.87561667,2.67028576,6.672976,0.101092504419385,0.919941790216403,"High (>2.5%)","Sandy (<18%)"
"QY070",12.87561667,2.667750045,6.672888,0.101777703026677,0.926177097542759,"High (>2.5%)","Sandy (<18%)"
"QY073",16.01760055,3.05347525,6.330216,0.0570095497132362,0.838040380784572,"High (>2.5%)","Sandy (<18%)"
"QY073",15.78855416,3.014716383,6.232272,0.0677555121961816,1.00278158050349,"High (>2.5%)","Sandy (<18%)"
"QY073",15.55950777,2.981383049,6.147264,0.0787398885256555,1.20472029444253,"High (>2.5%)","Sandy (<18%)"
"QY073",15.33046138,2.953829857,6.12632,0.0828076057120299,0.993691268544358,"High (>2.5%)","Sandy (<18%)"
"QY073",15.10141499,2.921844041,6.08892,0.0894982523705622,1.07397902844675,"High (>2.5%)","Sandy (<18%)"
"QY073",14.87236861,2.892766026,6.034712,0.0991047381279754,1.45683965048124,"High (>2.5%)","Sandy (<18%)"
"QY073",14.64332222,2.865000068,5.992648,0.107640812161514,1.59308401999041,"High (>2.5%)","Sandy (<18%)"
"QY073",14.41427583,2.838865315,5.943192,0.118197081789441,1.80841535137844,"High (>2.5%)","Sandy (<18%)"
"QY073",14.18522944,2.8133334,5.943544,0.120306932807866,1.44368319369439,"High (>2.5%)","Sandy (<18%)"
"QY073",13.95618305,2.787092265,5.974784,0.1170006313436,2.28151231120019,"High (>2.5%)","Sandy (<18%)"
"QY073",13.72713666,2.761099356,5.85968,0.142079875436842,1.26451089138789,"High (>2.5%)","Sandy (<18%)"
"QY073",13.49809027,2.744787299,5.910896,0.133574552547278,1.96354592244498,"High (>2.5%)","Sandy (<18%)"
"QY073",13.26904388,2.732482334,5.92964,0.131669098915952,2.60704815853586,"High (>2.5%)","Sandy (<18%)"
"QY073",13.0399975,2.717978788,5.814008,0.159329845222669,2.11908694146149,"High (>2.5%)","Sandy (<18%)"
"QY073",12.81095111,2.704468149,5.82008,0.160277884608239,1.60277884608239,"High (>2.5%)","Sandy (<18%)"
"QY073",12.58190472,2.704432688,5.832928,0.158688516176927,2.23750807809467,"High (>2.5%)","Sandy (<18%)"
"QY073",12.35285833,2.706914958,5.779688,0.173478937817296,1.97765989111717,"High (>2.5%)","Sandy (<18%)"
"QY073",12.12381194,2.690248291,5.860824,0.156193267513622,3.2644392910347,"High (>2.5%)","Sandy (<18%)"
"QY073",11.89476555,2.673120631,5.638712,0.222868489776894,1.8943821631036,"High (>2.5%)","Sandy (<18%)"
"QY073",11.66571916,2.659397226,5.7158,0.201741585296953,2.64281476739008,"High (>2.5%)","Sandy (<18%)"
"QY073",11.43667277,2.648085169,5.676904,0.217502484069719,2.84928254131332,"High (>2.5%)","Sandy (<18%)"
"QY073",11.20762639,2.637801481,5.701632,0.212881693561699,3.29966625020633,"High (>2.5%)","Sandy (<18%)"
"QY073",10.97858,2.62847524,5.638888,0.237967147629699,2.80801234203045,"High (>2.5%)","Sandy (<18%)"
"QY073",10.74953361,2.615709282,5.625336,0.247479761499425,2.74702535264362,"High (>2.5%)","Sandy (<18%)"
"QY073",10.52048722,2.601170274,5.582128,0.269618081141263,2.561371770842,"High (>2.5%)","Sandy (<18%)"
"QY073",10.29144083,2.593439778,5.596296,0.268452626810825,2.44291890397851,"High (>2.5%)","Sandy (<18%)"
"QY073",10.06239444,2.585957508,5.503016,0.314758571342042,1.88855142805225,"High (>2.5%)","Sandy (<18%)"
"QY073",9.833348054,2.580035522,5.559776,0.29332058912805,2.87454177345489,"High (>2.5%)","Sandy (<18%)"
"QY073",9.604301665,2.573865309,5.411584,0.372584952277156,1.60211529479177,"High (>2.5%)","Sandy (<18%)"
"QY073",9.375255277,2.557695096,5.578168,0.294795297170664,3.4196254471797,"High (>2.5%)","Sandy (<18%)"
"QY073",9.146208888,2.550673819,5.500904,0.335552693598286,3.12064005046406,"High (>2.5%)","Sandy (<18%)"
"QY073",8.917162499,2.545070982,5.531088,0.323932288803149,4.01676038115904,"High (>2.5%)","Sandy (<18%)"
"QY073",8.688116111,2.536524883,5.49228,0.347216884208705,3.2985603999827,"High (>2.5%)","Sandy (<18%)"
"QY073",8.459069722,2.52606389,5.469312,0.363428287246709,3.37988307139439,"High (>2.5%)","Sandy (<18%)"
"QY073",8.230023333,2.535319209,5.45576,0.370749384697886,3.37381940075076,"High (>2.5%)","Sandy (<18%)"
"QY073",8.230023333,2.520461053,5.443616,0.381141230359361,3.46838519627019,"High (>2.5%)","Sandy (<18%)"
"QY073",8.230023333,2.51145396,5.431736,0.390406519172338,3.55269932446828,"High (>2.5%)","Sandy (<18%)"
"QY073",8.230023333,2.502375946,5.419504,0.400082680337681,3.6407523910729,"High (>2.5%)","Sandy (<18%)"
"QY073",8.230023333,2.493297931,5.406744,0.410281486489667,3.73356152705597,"Medium (1.5~2.5%)","Sandy (<18%)"
"QY073",8.230023333,2.484255378,5.393456,0.421020083173148,3.83128275687564,"Medium (1.5~2.5%)","Sandy (<18%)"
"QY073",8.230023333,2.475319208,5.37964,0.432307874638872,3.93400165921374,"Medium (1.5~2.5%)","Sandy (<18%)"
"QY073",8.230023333,2.466453959,5.365296,0.444179471478738,4.04203319045652,"Medium (1.5~2.5%)","Sandy (<18%)"
"QY073",8.230023333,2.457730555,5.350336,0.456706514098807,4.15602927829914,"Medium (1.5~2.5%)","Sandy (<18%)"
"QY073",8.230023333,2.449113533,5.334848,0.469868389523699,4.27580234466566,"Medium (1.5~2.5%)","Sandy (<18%)"
"QY073",8.230023333,2.440638356,5.318656,0.483815771427026,4.40272351998593,"Medium (1.5~2.5%)","Sandy (<18%)"
"QY073",8.230023333,2.432269561,5.30176,0.498600791080216,4.53726719882997,"Medium (1.5~2.5%)","Sandy (<18%)"
"QY073",8.230023333,2.424078072,5.28416,0.514249327802079,4.67966888299892,"Medium (1.5~2.5%)","Sandy (<18%)"
"QY073",8.230023333,2.415992965,5.265768,0.530900242283046,4.83119220477572,"Medium (1.5~2.5%)","Sandy (<18%)"
"QY073",8.230023333,2.408085163,5.246496,0.548663826102881,4.99284081753621,"Medium (1.5~2.5%)","Sandy (<18%)"
"QY073",8.230023333,2.400283745,5.226344,0.567629915802169,5.16543223379974,"Medium (1.5~2.5%)","Sandy (<18%)"
"QY073",8.230023333,2.392659631,5.205136,0.588006993066676,5.35086363690676,"Medium (1.5~2.5%)","Sandy (<18%)"
"QY073",8.230023333,2.3851419,5.182784,0.609994534499617,5.55095026394651,"Medium (1.5~2.5%)","Sandy (<18%)"
"QY073",8.230023333,2.377766014,5.159112,0.633862123257816,5.76814532164612,"Medium (1.5~2.5%)","Sandy (<18%)"
"QY073",8.230023333,2.370531971,5.134032,0.659838056478737,6.00452631395651,"Medium (1.5~2.5%)","Sandy (<18%)"
"QY073",8.230023333,2.363404311,5.107368,0.688283785210218,6.26338244541299,"Medium (1.5~2.5%)","Sandy (<18%)"
"QY073",8.230023333,2.356418495,5.078768,0.719773916232666,6.54994263771726,"Medium (1.5~2.5%)","Sandy (<18%)"
"QY073",8.230023333,2.349574524,5.048056,0.754785202650524,6.86854534411977,"Medium (1.5~2.5%)","Sandy (<18%)"
"QY073",8.230023333,2.342836935,5.014792,0.794200646812173,7.22722588599077,"Medium (1.5~2.5%)","Sandy (<18%)"
"QY073",8.230023333,2.33624119,4.978448,0.839138170648135,7.63615735289803,"Medium (1.5~2.5%)","Sandy (<18%)"
"QY073",8.230023333,2.329751828,4.938496,0.890967227573122,8.10780177091541,"Medium (1.5~2.5%)","Sandy (<18%)"
"QY073",8.230023333,2.32340431,4.894144,0.951684664328824,8.6603304453923,"Medium (1.5~2.5%)","Sandy (<18%)"
"QY073",8.230023333,2.317127714,4.84416,1.02450070596848,9.32295642431316,"Medium (1.5~2.5%)","Sandy (<18%)"
"QY073",8.230023333,2.310992963,4.787048,1.11384861500212,10.1360223965193,"Medium (1.5~2.5%)","Sandy (<18%)"
"QY073",8.230023333,2.305000055,4.720432,1.22720554457089,11.1675704555951,"Medium (1.5~2.5%)","Sandy (<18%)"
"QY073",8.230023333,2.299078069,4.640616,1.3775864502827,12.5360366975726,"Medium (1.5~2.5%)","Sandy (<18%)"
"QY073",8.230023333,2.293262466,4.541616,1.58920689741534,14.4617827664796,"Medium (1.5~2.5%)","Sandy (<18%)"
"QY076",19.87454543,1.938297108,6.708704,0.0282813365635673,0.41573564748444,"Medium (1.5~2.5%)","Loamy (18-35%)"
"QY076",19.59034601,1.916847833,6.70756,0.0291673293666503,0.431676474626425,"Medium (1.5~2.5%)","Loamy (18-35%)"
"QY076",19.30614659,1.900434789,6.707296,0.0299277681082251,0.457894852055843,"Medium (1.5~2.5%)","Loamy (18-35%)"
"QY076",19.02194716,1.889384064,6.702456,0.0308113295881364,0.369735955057637,"Medium (1.5~2.5%)","Loamy (18-35%)"
"QY076",18.73774774,1.873949282,6.701136,0.0316529083826581,0.379834900591897,"Medium (1.5~2.5%)","Loamy (18-35%)"
"QY076",18.45354831,1.861014499,6.704568,0.0322244975022259,0.47370011328272,"Medium (1.5~2.5%)","Loamy (18-35%)"
"QY076",18.16934889,1.849057977,6.702104,0.0330728444012372,0.489478097138311,"Medium (1.5~2.5%)","Loamy (18-35%)"
"QY076",17.88514946,1.838405803,6.702544,0.0337871007636076,0.516942641683196,"Medium (1.5~2.5%)","Sandy (<18%)"
"QY076",17.60095004,1.828115948,6.698936,0.0347382979646583,0.416859575575899,"Medium (1.5~2.5%)","Sandy (<18%)"
"QY076",17.31675061,1.816847832,6.707384,0.0351240807673425,0.684919574963179,"Medium (1.5~2.5%)","Sandy (<18%)"
"QY076",17.03255119,1.805579716,6.698848,0.0364468096577166,0.324376605953678,"Medium (1.5~2.5%)","Sandy (<18%)"
"QY076",16.74835176,1.803188412,6.701224,0.0370053827571472,0.543979126530064,"Medium (1.5~2.5%)","Sandy (<18%)"
"QY076",16.46415234,1.8043116,6.705272,0.0373848920545274,0.740220862679641,"Medium (1.5~2.5%)","Sandy (<18%)"
"QY076",16.17995292,1.80315218,6.706328,0.0380069116806024,0.505491925352012,"Medium (1.5~2.5%)","Sandy (<18%)"
"QY076",15.89575349,1.802753629,6.701136,0.0390224330161242,0.390224330161242,"Medium (1.5~2.5%)","Sandy (<18%)"
"QY076",15.61155407,1.814746383,6.700344,0.0394618143088618,0.556411581754952,"Medium (1.5~2.5%)","Sandy (<18%)"
"QY076",15.32735464,1.82891305,6.69964,0.0398460302161674,0.454244744464308,"Medium (1.5~2.5%)","Sandy (<18%)"
"QY076",15.04315522,1.824927543,6.709496,0.0401512374486367,0.839160862676506,"Medium (1.5~2.5%)","Sandy (<18%)"
"QY076",14.75895579,1.820326093,6.68996,0.0423131127140136,0.359661458069116,"Medium (1.5~2.5%)","Sandy (<18%)"
"QY076",14.47475637,1.818659427,6.704392,0.0423094033437817,0.55425318380354,"Medium (1.5~2.5%)","Sandy (<18%)"
"QY076",14.19055694,1.819057977,6.696912,0.0436677463672152,0.572047477410519,"Medium (1.5~2.5%)","Sandy (<18%)"
"QY076",13.90635752,1.820253629,6.70624,0.0439296670154756,0.680909838739871,"Medium (1.5~2.5%)","Sandy (<18%)"
"QY076",13.62215809,1.822137687,6.704128,0.0449606505972269,0.530535677047278,"Medium (1.5~2.5%)","Sandy (<18%)"
"QY076",13.33795867,1.820579716,6.700432,0.0462692343234121,0.513588500989875,"Medium (1.5~2.5%)","Sandy (<18%)"
"QY076",13.05375925,1.817246383,6.697264,0.0476540753521025,0.452713715844974,"Medium (1.5~2.5%)","Sandy (<18%)"
"QY076",12.76955982,1.820036238,6.695064,0.0488088578788554,0.444160606697584,"Medium (1.5~2.5%)","Sandy (<18%)"
"QY076",12.4853604,1.822934789,6.676232,0.0512543286777617,0.30752597206657,"Medium (1.5~2.5%)","Sandy (<18%)"
"QY076",12.20116097,1.827101456,6.685648,0.0514285726781236,0.504000012245612,"Medium (1.5~2.5%)","Sandy (<18%)"
"QY076",11.91696155,1.830869572,6.670776,0.053452260182435,0.229844718784471,"Medium (1.5~2.5%)","Sandy (<18%)"
"QY076",11.63276212,1.825108702,6.699376,0.0523034646694504,0.606720190165624,"Medium (1.5~2.5%)","Sandy (<18%)"
"QY076",11.3485627,1.827717398,6.69304,0.05353189770183,0.497846648627019,"Medium (1.5~2.5%)","Sandy (<18%)"
"QY076",11.06436327,1.831485514,6.697,0.053826437804374,0.667447828774237,"Medium (1.5~2.5%)","Sandy (<18%)"
"QY076",10.78016385,1.832355079,6.694272,0.0546986531927022,0.51963720533067,"Medium (1.5~2.5%)","Sandy (<18%)"
"QY076",10.49596442,1.831304354,6.694096,0.0553724800659398,0.51496406461324,"Medium (1.5~2.5%)","Sandy (<18%)"
"QY076",10.211765,1.848514499,6.692424,0.0553689361160658,0.503857318656199,"Medium (1.5~2.5%)","Sandy (<18%)"
"QY076",10.211765,1.843043485,6.692336,0.0559677424787582,0.5093064565567,"Medium (1.5~2.5%)","Sandy (<18%)"
"QY076",10.211765,1.842862325,6.692248,0.0563525567004076,0.512808265973709,"Medium (1.5~2.5%)","Sandy (<18%)"
"QY076",10.211765,1.842463774,6.69216,0.0567458208542391,0.516386969773576,"Medium (1.5~2.5%)","Sandy (<18%)"
"QY076",10.211765,1.841956528,6.692072,0.057143189961656,0.520003028651069,"Medium (1.5~2.5%)","Sandy (<18%)"
"QY076",10.211765,1.841304354,6.691984,0.0575462698218593,0.523671055378919,"Medium (1.5~2.5%)","Sandy (<18%)"
"QY076",10.211765,1.840579717,6.691896,0.0579521240156514,0.527364328542428,"Medium (1.5~2.5%)","Sandy (<18%)"
"QY076",10.211765,1.839818847,6.691808,0.0583592735362869,0.531069389180211,"Medium (1.5~2.5%)","Sandy (<18%)"
"QY076",10.211765,1.839057977,6.69172,0.0587661972224644,0.534772394724426,"Medium (1.5~2.5%)","Sandy (<18%)"
"QY076",10.211765,1.838224644,6.691632,0.0591760201133639,0.538501783031611,"Medium (1.5~2.5%)","Sandy (<18%)"
"QY076",10.211765,1.837427543,6.691544,0.0595840808117663,0.542215135387073,"Medium (1.5~2.5%)","Sandy (<18%)"
"QY076",10.211765,1.836594209,6.691456,0.0599935192314185,0.545941025005908,"Medium (1.5~2.5%)","Sandy (<18%)"
"QY076",10.211765,1.835797108,6.691456,0.0603930938366645,0.549577153913647,"Medium (1.5~2.5%)","Sandy (<18%)"
"QY076",10.211765,1.834963774,6.691368,0.0608021025303404,0.553299133026097,"Medium (1.5~2.5%)","Sandy (<18%)"
"QY076",10.211765,1.834166673,6.69128,0.0612093004729277,0.557004634303642,"Medium (1.5~2.5%)","Sandy (<18%)"
"QY076",10.211765,1.833369572,6.691192,0.0616162875799963,0.560708216977966,"Medium (1.5~2.5%)","Sandy (<18%)"
"QY076",10.211765,1.83257247,6.691104,0.0620230632456964,0.564409875535838,"Medium (1.5~2.5%)","Sandy (<18%)"
"QY076",10.211765,1.831811601,6.691016,0.0624279720870483,0.568094545992139,"Medium (1.5~2.5%)","Sandy (<18%)"
"QY076",10.211765,1.831050731,6.691016,0.0628242463948896,0.571700642193496,"Medium (1.5~2.5%)","Sandy (<18%)"
"QY076",10.211765,1.830289861,6.690928,0.0632286488443031,0.575380704483158,"Medium (1.5~2.5%)","Sandy (<18%)"
"QY076",10.211765,1.829565224,6.69084,0.0636311292829151,0.579043276474527,"Medium (1.5~2.5%)","Sandy (<18%)"
"QY076",10.211765,1.828840586,6.690752,0.0640333565379749,0.582703544495572,"Medium (1.5~2.5%)","Sandy (<18%)"
"QY076",10.211765,1.82815218,6.690752,0.0644250023960187,0.58626752180377,"Medium (1.5~2.5%)","Sandy (<18%)"
"QY076",10.211765,1.827427543,6.690664,0.0648266731180784,0.589922725374514,"Medium (1.5~2.5%)","Sandy (<18%)"
"QY076",10.211765,1.826739137,6.690576,0.0652263555512761,0.593559835516613,"Medium (1.5~2.5%)","Sandy (<18%)"
"QY076",10.211765,1.826086963,6.690576,0.065615243300693,0.597098714036307,"Medium (1.5~2.5%)","Sandy (<18%)"
"QY076",10.211765,1.825434789,6.690488,0.066012573259655,0.600714416662861,"Medium (1.5~2.5%)","Sandy (<18%)"
"QY076",10.211765,1.824782615,6.6904,0.0664096092672328,0.604327444331819,"Medium (1.5~2.5%)","Sandy (<18%)"
"QY076",10.211765,1.824130441,6.6904,0.0667974172036893,0.607856496553573,"Medium (1.5~2.5%)","Sandy (<18%)"
"QY076",10.211765,1.823514499,6.690312,0.0671920356410987,0.611447524333998,"Medium (1.5~2.5%)","Sandy (<18%)"
"QY076",10.211765,1.822898557,6.690224,0.0675863403743949,0.615035697406994,"Medium (1.5~2.5%)","Sandy (<18%)"
"QY076",10.211765,1.822282615,6.690224,0.067971240353352,0.618538287215503,"Medium (1.5~2.5%)","Sandy (<18%)"
"QY077",9.825151453,2.27136,6.12236,0.106022676142911,1.55853333930079,"Medium (1.5~2.5%)","Sandy (<18%)"
"QY077",9.684655038,2.24636,6.029608,0.124443018782858,1.8417566779863,"Medium (1.5~2.5%)","Sandy (<18%)"
"QY077",9.544158623,2.2264,5.94856,0.142911801023538,2.18655055566013,"Medium (1.5~2.5%)","Sandy (<18%)"
"QY077",9.403662207,2.2118,5.928672,0.149046572695675,1.7885588723481,"Medium (1.5~2.5%)","Sandy (<18%)"
"QY077",9.263165792,2.19296,5.889776,0.160499800070739,1.92599760084887,"Medium (1.5~2.5%)","Sandy (<18%)"
"QY077",9.122669377,2.17664,5.829584,0.178201076920513,2.61955583073154,"Medium (1.5~2.5%)","Sandy (<18%)"
"QY077",8.982172961,2.1614,5.780656,0.194171402720913,2.87373676026951,"Medium (1.5~2.5%)","Sandy (<18%)"
"QY077",8.841676546,2.14752,5.728032,0.212621381525561,3.25310713734109,"Medium (1.5~2.5%)","Sandy (<18%)"
"QY077",8.701180131,2.13412,5.730672,0.213899430985839,2.56679317183007,"Medium (1.5~2.5%)","Sandy (<18%)"
"QY077",8.560683716,2.11984,5.754872,0.208711363547696,4.06987158918006,"Medium (1.5~2.5%)","Sandy (<18%)"
"QY077",8.4201873,2.10556,5.647336,0.248468136417718,2.21136641411769,"Medium (1.5~2.5%)","Sandy (<18%)"
"QY077",8.279690885,2.10028,5.68456,0.236685934086291,3.47928323106848,"Medium (1.5~2.5%)","Sandy (<18%)"
"QY077",8.13919447,2.09872,5.698992,0.232665939303509,4.60678559820948,"Medium (1.5~2.5%)","Sandy (<18%)"
"QY077",7.998698054,2.095,5.581776,0.279464834703098,3.7168823015512,"Medium (1.5~2.5%)","Sandy (<18%)"
"QY077",7.858201639,2.09216,5.595856,0.275110944509642,2.75110944509642,"Medium (1.5~2.5%)","Sandy (<18%)"
"QY077",7.717705224,2.10184,5.595944,0.275018474339216,3.87776048818294,"Medium (1.5~2.5%)","Sandy (<18%)"
"QY077",7.577208809,2.11396,5.54288,0.297347414936703,3.38976053027841,"Medium (1.5~2.5%)","Sandy (<18%)"
"QY077",7.436712393,2.10812,5.621728,0.266409351354493,5.56795544330891,"Medium (1.5~2.5%)","Sandy (<18%)"
"QY077",7.296215978,2.10152,5.395744,0.378766127820924,3.21951208647785,"Medium (1.5~2.5%)","Sandy (<18%)"
"QY077",7.155719563,2.09792,5.466672,0.343103045677596,4.4946498983765,"Medium (1.5~2.5%)","Sandy (<18%)"
"QY077",7.015223147,2.09644,5.426896,0.366800797271127,4.80509044425176,"Medium (1.5~2.5%)","Sandy (<18%)"
"QY077",6.874726732,2.09588,5.451008,0.355835562467304,5.51545121824322,"Medium (1.5~2.5%)","Sandy (<18%)"
"QY077",6.734230317,2.09604,5.381488,0.398007173786517,4.6964846506809,"Medium (1.5~2.5%)","Sandy (<18%)"
"QY077",6.593733901,2.09288,5.365208,0.412046346499748,4.5737144461472,"Medium (1.5~2.5%)","Sandy (<18%)"
"QY077",6.453237486,2.08792,5.313816,0.45082138124911,4.28280312186654,"Medium (1.5~2.5%)","Sandy (<18%)"
"QY077",6.312741071,2.08912,5.327632,0.445433404343947,4.05344397952991,"Medium (1.5~2.5%)","Sandy (<18%)"
"QY077",6.172244656,2.09052,5.22168,0.528344780125801,3.17006868075481,"Medium (1.5~2.5%)","Sandy (<18%)"
"QY077",6.03174824,2.09332,5.262952,0.500244349968487,4.90239462969117,"Medium (1.5~2.5%)","Sandy (<18%)"
"QY077",5.891251825,2.0958,5.10552,0.638606430459666,2.74600765097656,"Medium (1.5~2.5%)","Sandy (<18%)"
"QY077",5.75075541,2.08876,5.2648,0.507274105187701,5.88437962017733,"Medium (1.5~2.5%)","Sandy (<18%)"
"QY077",5.610258994,2.09004,5.189472,0.57005031307414,5.3014679115895,"Medium (1.5~2.5%)","Sandy (<18%)"
"QY077",5.469762579,2.0926,5.212088,0.551100546186444,6.8336467727119,"Medium (1.5~2.5%)","Sandy (<18%)"
"QY077",5.329266164,2.09232,5.167032,0.589702653082629,5.60217520428497,"Medium (1.5~2.5%)","Sandy (<18%)"
"QY077",5.188769749,2.09012,5.137552,0.616847100954375,5.73667803887568,"Medium (1.5~2.5%)","Sandy (<18%)"
"QY077",5.048273333,2.10628,5.113616,0.631543610915816,5.74704685933392,"Medium (1.5~2.5%)","Sandy (<18%)"
"QY077",5.048273333,2.09992,5.09144,0.652074599546313,5.93387885587145,"Medium (1.5~2.5%)","Sandy (<18%)"
"QY077",5.048273333,2.09872,5.06944,0.67062235151454,6.10266339878231,"Medium (1.5~2.5%)","Sandy (<18%)"
"QY077",5.048273333,2.09736,5.04656,0.69044880235459,6.28308410142677,"Medium (1.5~2.5%)","Sandy (<18%)"
"QY077",5.048273333,2.09588,5.022624,0.711788903468788,6.47727902156597,"Medium (1.5~2.5%)","Sandy (<18%)"
"QY077",5.048273333,2.09428,4.99728,0.735116151340383,6.68955697719749,"Medium (1.5~2.5%)","Sandy (<18%)"
"QY077",5.048273333,2.09264,4.970528,0.76051172154081,6.92065666602137,"Medium (1.5~2.5%)","Sandy (<18%)"
"QY077",5.048273333,2.09096,4.942016,0.78852367085048,7.17556540473937,"Medium (1.5~2.5%)","Sandy (<18%)"
"QY077",5.048273333,2.08928,4.911744,0.819309279809263,7.45571444626429,"Medium (1.5~2.5%)","Sandy (<18%)"
"QY077",5.048273333,2.08756,4.879184,0.853767547925697,7.76928468612384,"Medium (1.5~2.5%)","Sandy (<18%)"
"QY077",5.048273333,2.08588,4.844248,0.89226250307365,8.11958877797021,"Medium (1.5~2.5%)","Sandy (<18%)"
"QY077",5.048273333,2.0842,4.806496,0.935774780988989,8.5155505069998,"Medium (1.5~2.5%)","Sandy (<18%)"
"QY077",5.048273333,2.08256,4.765488,0.985391346216319,8.9670612505685,"Medium (1.5~2.5%)","Sandy (<18%)"
"QY077",5.048273333,2.08092,4.72052,1.04285531609482,9.48998337646284,"Medium (1.5~2.5%)","Sandy (<18%)"
"QY077",5.048273333,2.07932,4.670888,1.11019116253653,10.1027395790825,"Medium (1.5~2.5%)","Sandy (<18%)"
"QY077",5.048273333,2.07772,4.615624,1.19038474239975,10.8325011558378,"Medium (1.5~2.5%)","Sandy (<18%)"
"QY077",5.048273333,2.07616,4.553408,1.28774914946508,11.7185172601322,"Medium (1.5~2.5%)","Sandy (<18%)"
"QY077",5.048273333,2.0746,4.482304,1.40914217285995,12.8231937730255,"Medium (1.5~2.5%)","Sandy (<18%)"
"QY077",5.048273333,2.07312,4.399936,1.56449017935342,14.2368606321161,"Medium (1.5~2.5%)","Sandy (<18%)"
"QY077",5.048273333,2.07164,4.303048,1.76980752597349,16.1052484863588,"Medium (1.5~2.5%)","Sandy (<18%)"
"QY077",5.048273333,2.07016,4.189352,2.0446975893038,18.6067480626646,"Medium (1.5~2.5%)","Sandy (<18%)"
"QY077",5.048273333,2.06872,4.065448,2.38449615728786,21.6989150313196,"Medium (1.5~2.5%)","Sandy (<18%)"
"QY077",5.048273333,2.06732,3.959584,2.68413375850607,24.4256172024052,"Medium (1.5~2.5%)","Sandy (<18%)"
"QY077",5.048273333,2.06592,3.895432,2.81353191907547,25.6031404635868,"Medium (1.5~2.5%)","Sandy (<18%)"
"QY077",5.048273333,2.06456,3.864192,2.7907842597947,25.3961367641318,"Medium (1.5~2.5%)","Sandy (<18%)"
"QY077",5.048273333,2.06324,3.849936,2.69136624302635,24.4914328115398,"Medium (1.5~2.5%)","Sandy (<18%)"
"QY077",5.048273333,2.06192,3.843336,2.56376749551846,23.330284209218,"Medium (1.5~2.5%)","Sandy (<18%)"
"QY077",5.048273333,2.06064,3.840256,2.42947274012312,22.1082019351203,"Medium (1.5~2.5%)","Sandy (<18%)"
"QY077",5.048273333,2.05936,3.83876,2.29792966586652,20.9111599593854,"Medium (1.5~2.5%)","Sandy (<18%)"
"QY077",5.048273333,2.05812,3.837968,2.17275555013044,19.772075506187,"Medium (1.5~2.5%)","Sandy (<18%)"
"QY077",5.048273333,2.05688,3.837528,2.05507721534649,18.701202659653,"Medium (1.5~2.5%)","Sandy (<18%)"
"QY077",5.048273333,2.05568,3.837176,1.94529153414572,17.7021529607261,"Medium (1.5~2.5%)","Sandy (<18%)"
"QY079",32.87367891,1.660141883,6.70184,0.0523175502419609,0.769067988556825,"Medium (1.5~2.5%)","Loamy (18-35%)"
"QY079",32.40359618,1.643297911,6.699904,0.0537025444980625,0.794797658571324,"Medium (1.5~2.5%)","Loamy (18-35%)"
"QY079",31.93351345,1.631418478,6.698848,0.0548210141375783,0.838761516304947,"Medium (1.5~2.5%)","Loamy (18-35%)"
"QY079",31.46343071,1.624716351,6.693568,0.056099705770806,0.673196469249672,"Medium (1.5~2.5%)","Loamy (18-35%)"
"QY079",30.99334798,1.613687981,6.692072,0.0572959507806355,0.687551409367626,"Medium (1.5~2.5%)","Loamy (18-35%)"
"QY079",30.52326525,1.60507096,6.695328,0.0579850292291114,0.852379929667937,"Medium (1.5~2.5%)","Loamy (18-35%)"
"QY079",30.05318252,1.597305002,6.692776,0.059155293509454,0.875498343939919,"Medium (1.5~2.5%)","Loamy (18-35%)"
"QY079",29.58309978,1.59078018,6.692336,0.0601374913255937,0.920103617281583,"Medium (1.5~2.5%)","Loamy (18-35%)"
"QY079",29.11301705,1.584539045,6.6882,0.0614983872017064,0.737980646420477,"Medium (1.5~2.5%)","Loamy (18-35%)"
"QY079",28.64293432,1.577340463,6.70096,0.0614037247239782,1.19737263211757,"Medium (1.5~2.5%)","Loamy (18-35%)"
"QY079",28.17285159,1.570035498,6.68248,0.0642980321420313,0.572252486064078,"Medium (1.5~2.5%)","Loamy (18-35%)"
"QY079",27.70276885,1.571312094,6.690928,0.0642613894436142,0.944642424821129,"Medium (1.5~2.5%)","Loamy (18-35%)"
"QY079",27.23268612,1.576063867,6.697792,0.0641969218403573,1.27109905243907,"Medium (1.5~2.5%)","Loamy (18-35%)"
"QY079",26.76260339,1.578510676,6.692424,0.0654674556778346,0.8707171605152,"Medium (1.5~2.5%)","Loamy (18-35%)"
"QY079",26.29252065,1.581631243,6.685824,0.0669222661036739,0.669222661036739,"Medium (1.5~2.5%)","Loamy (18-35%)"
"QY079",25.82243792,1.596844009,6.688112,0.0668618133454567,0.94275156817094,"Medium (1.5~2.5%)","Loamy (18-35%)"
"QY079",25.35235519,1.614184435,6.683976,0.0673599073048551,0.767902943275348,"Medium (1.5~2.5%)","Loamy (18-35%)"
"QY079",24.88227246,1.613723442,6.701664,0.0666793657188572,1.39359874352411,"Medium (1.5~2.5%)","Loamy (18-35%)"
"QY079",24.41218972,1.612588691,6.666112,0.0715853466133167,0.608475446213192,"Medium (1.5~2.5%)","Loamy (18-35%)"
"QY079",23.94210699,1.614255357,6.689256,0.070237889068016,0.92011634679101,"Medium (1.5~2.5%)","Loamy (18-35%)"
"QY079",23.47202426,1.617872379,6.67984,0.0722974949984161,0.947097184479251,"Medium (1.5~2.5%)","Loamy (18-35%)"
"QY079",23.00194153,1.622269542,6.6926,0.0719500113902305,1.11522517654857,"Medium (1.5~2.5%)","Loamy (18-35%)"
"QY079",22.53185879,1.627269542,6.685648,0.0737729553073379,0.870520872626588,"Medium (1.5~2.5%)","Loamy (18-35%)"
"QY079",22.06177606,1.628865287,6.680808,0.0756612963888009,0.83984038991569,"Medium (1.5~2.5%)","Loamy (18-35%)"
"QY079",21.59169333,1.62861706,6.674384,0.0779327582282787,0.740361203168647,"Medium (1.5~2.5%)","Loamy (18-35%)"
"QY079",21.12161059,1.634361741,6.672624,0.0793553132318471,0.722133350409808,"Medium (1.5~2.5%)","Loamy (18-35%)"
"QY079",20.65152786,1.640141883,6.641032,0.0845372659334833,0.5072235956009,"Medium (1.5~2.5%)","Loamy (18-35%)"
"QY079",20.18144513,1.64716316,6.660656,0.0831201920716738,0.814577882302404,"Medium (1.5~2.5%)","Loamy (18-35%)"
"QY079",19.7113624,1.653723443,6.624136,0.088884429496253,0.382203046833888,"Medium (1.5~2.5%)","Loamy (18-35%)"
"QY079",19.24127966,1.650922025,6.679136,0.0832562905133146,0.965772969954449,"Medium (1.5~2.5%)","Loamy (18-35%)"
"QY079",18.77119693,1.656241174,6.665848,0.0857903985433314,0.797850706452982,"Medium (1.5~2.5%)","Loamy (18-35%)"
"QY079",18.3011142,1.662695075,6.675176,0.0852633227580065,1.05726520219928,"Medium (1.5~2.5%)","Loamy (18-35%)"
"QY079",17.83103147,1.666241174,6.667608,0.0870172439157064,0.826663817199211,"Medium (1.5~2.5%)","Sandy (<18%)"
"QY079",17.36094873,1.667836919,6.66664,0.0879524418742309,0.817957709430348,"Medium (1.5~2.5%)","Sandy (<18%)"
"QY079",16.890866,1.687269543,6.664176,0.0877450729000188,0.798480163390172,"Medium (1.5~2.5%)","Sandy (<18%)"
"QY079",16.890866,1.684539047,6.663912,0.0885267479580947,0.805593406418662,"Medium (1.5~2.5%)","Sandy (<18%)"
"QY079",16.890866,1.686879473,6.663648,0.0889512285448551,0.809456179758181,"Medium (1.5~2.5%)","Sandy (<18%)"
"QY079",16.890866,1.688971671,6.663384,0.089391419956021,0.813461921599791,"Medium (1.5~2.5%)","Sandy (<18%)"
"QY079",16.890866,1.690886565,6.663032,0.0898544600392627,0.81767558635729,"Medium (1.5~2.5%)","Sandy (<18%)"
"QY079",16.890866,1.692659615,6.662768,0.090313958996873,0.821857026871545,"Medium (1.5~2.5%)","Sandy (<18%)"
"QY079",16.890866,1.69429082,6.662504,0.0907820018818902,0.826116217125201,"Medium (1.5~2.5%)","Sandy (<18%)"
"QY079",16.890866,1.695851104,6.66224,0.0912535908447075,0.830407676686838,"Medium (1.5~2.5%)","Sandy (<18%)"
"QY079",16.890866,1.697340466,6.661976,0.0917287884135706,0.834731974563493,"Medium (1.5~2.5%)","Sandy (<18%)"
"QY079",16.890866,1.698794366,6.661712,0.0922050786062743,0.839066215317096,"Medium (1.5~2.5%)","Sandy (<18%)"
"QY079",16.890866,1.700177345,6.661448,0.0926850863322813,0.84343428562376,"Medium (1.5~2.5%)","Sandy (<18%)"
"QY079",16.890866,1.701489402,6.661272,0.0931564165916437,0.847723390983958,"Medium (1.5~2.5%)","Sandy (<18%)"
"QY079",16.890866,1.702801459,6.661008,0.0936387784420281,0.852112883822456,"Medium (1.5~2.5%)","Sandy (<18%)"
"QY079",16.890866,1.704078055,6.660832,0.0941098029714256,0.856399207039973,"Medium (1.5~2.5%)","Sandy (<18%)"
"QY079",16.890866,1.705319189,6.660568,0.0945946512924803,0.860811326761571,"Medium (1.5~2.5%)","Sandy (<18%)"
"QY079",16.890866,1.706524863,6.660392,0.0950681034687208,0.865119741565359,"Medium (1.5~2.5%)","Sandy (<18%)"
"QY079",16.890866,1.707695076,6.660216,0.0955427985649115,0.869439466940694,"Medium (1.5~2.5%)","Sandy (<18%)"
"QY079",16.890866,1.708865289,6.66004,0.0960161010129605,0.873746519217941,"Medium (1.5~2.5%)","Sandy (<18%)"
"QY079",16.890866,1.71000004,6.659864,0.0964906972327709,0.878065344818215,"Medium (1.5~2.5%)","Sandy (<18%)"
"QY079",16.890866,1.711134792,6.659688,0.0969639285394523,0.882371749709016,"Medium (1.5~2.5%)","Sandy (<18%)"
"QY079",16.890866,1.712234083,6.659512,0.0974385039418794,0.886690385871103,"Medium (1.5~2.5%)","Sandy (<18%)"
"QY079",16.890866,1.713297913,6.659336,0.0979144574637538,0.891021562920159,"Medium (1.5~2.5%)","Sandy (<18%)"
"QY079",16.890866,1.714361743,6.659248,0.0983759388969153,0.895221043961929,"Medium (1.5~2.5%)","Sandy (<18%)"
"QY079",16.890866,1.715390112,6.659072,0.0988519605845593,0.899552841319489,"Medium (1.5~2.5%)","Sandy (<18%)"
"QY079",16.890866,1.716383019,6.658984,0.0993161613452709,0.903777068241965,"Medium (1.5~2.5%)","Sandy (<18%)"
"QY079",16.890866,1.717411388,6.658896,0.0997762288602485,0.907963682628262,"Medium (1.5~2.5%)","Sandy (<18%)"
"QY079",16.890866,1.718368835,6.65872,0.100253861632594,0.912310140856607,"Medium (1.5~2.5%)","Sandy (<18%)"
"QY079",16.890866,1.719326282,6.658632,0.100716785128752,0.91652274467164,"Medium (1.5~2.5%)","Sandy (<18%)"
"QY079",16.890866,1.720283729,6.658544,0.101178367276474,0.920723142215913,"Medium (1.5~2.5%)","Sandy (<18%)"
"QY079",16.890866,1.721205715,6.658456,0.101641418585428,0.924936909127399,"Medium (1.5~2.5%)","Sandy (<18%)"
"QY079",16.890866,1.7221277,6.658368,0.102103154849675,0.929138709132043,"Medium (1.5~2.5%)","Sandy (<18%)"
"QY079",16.890866,1.723014225,6.65828,0.102566408789849,0.93335431998763,"Medium (1.5~2.5%)","Sandy (<18%)"
"QY081",45.50664615,2.196810333,6.704832,0.02408731192232,0.354083485258105,"Medium (1.5~2.5%)","Clay (>35%)"
"QY081",44.85591617,2.175172402,6.702104,0.02531626953496,0.374680789117408,"Medium (1.5~2.5%)","Clay (>35%)"
"QY081",44.20518618,2.156379299,6.700608,0.026503270646884,0.405500040897325,"Medium (1.5~2.5%)","Clay (>35%)"
"QY081",43.5544562,2.142931023,6.694184,0.0278908585010255,0.334690302012307,"Medium (1.5~2.5%)","Clay (>35%)"
"QY081",42.90372621,2.124942517,6.692072,0.029256544124069,0.351078529488828,"Medium (1.5~2.5%)","Clay (>35%)"
"QY081",42.25299623,2.109166655,6.695592,0.0303608608901405,0.446304655085065,"Medium (1.5~2.5%)","Clay (>35%)"
"QY081",41.60226624,2.094224126,6.69304,0.0317555244359543,0.469981761652123,"Medium (1.5~2.5%)","Clay (>35%)"
"QY081",40.95153626,2.080287345,6.6926,0.0330524195735302,0.505702019475012,"Medium (1.5~2.5%)","Clay (>35%)"
"QY081",40.30080627,2.066551713,6.688376,0.0345595213586905,0.414714256304286,"Medium (1.5~2.5%)","Clay (>35%)"
"QY081",39.65007629,2.05255746,6.700344,0.0353355352646154,0.689042937660001,"Medium (1.5~2.5%)","Clay (>35%)"
"QY081",38.9993463,2.038362058,6.68336,0.0377568628068326,0.33603607898081,"Medium (1.5~2.5%)","Clay (>35%)"
"QY081",38.34861632,2.03321838,6.690488,0.0387000756566706,0.568891112153058,"Medium (1.5~2.5%)","Clay (>35%)"
"QY081",37.69788633,2.031867805,6.697264,0.0396144071433311,0.784365261437957,"Medium (1.5~2.5%)","Clay (>35%)"
"QY081",37.04715635,2.028563207,6.693216,0.0413259719004835,0.54963542627643,"Medium (1.5~2.5%)","Clay (>35%)"
"QY081",36.39642636,2.026120679,6.686704,0.0433047667671982,0.433047667671982,"Medium (1.5~2.5%)","Clay (>35%)"
"QY081",35.74569638,2.036350564,6.688112,0.0445173380007807,0.627694465811008,"Medium (1.5~2.5%)","Clay (>35%)"
"QY081",35.09496639,2.048591943,6.684416,0.0460520944875348,0.524993877157897,"Medium (1.5~2.5%)","Clay (>35%)"
"QY081",34.44423641,2.042528724,6.700872,0.0467681579961398,0.977454502119321,"Medium (1.5~2.5%)","Loamy (18-35%)"
"QY081",33.79350642,2.035660908,6.667696,0.0511891482134686,0.435107759814483,"Medium (1.5~2.5%)","Loamy (18-35%)"
"QY081",33.14277644,2.031810334,6.688376,0.0515356288417703,0.675116737827191,"Medium (1.5~2.5%)","Loamy (18-35%)"
"QY081",32.49204645,2.03025861,6.678696,0.0542539240024593,0.710726404432217,"Medium (1.5~2.5%)","Loamy (18-35%)"
"QY081",31.84131647,2.029683897,6.690928,0.0552312197094108,0.856083905495868,"Medium (1.5~2.5%)","Loamy (18-35%)"
"QY081",31.19058648,2.029885046,6.684416,0.0578285124726431,0.682376447177189,"Medium (1.5~2.5%)","Loamy (18-35%)"
"QY081",30.5398565,2.02663792,6.679488,0.0605413899931916,0.672009428924427,"Medium (1.5~2.5%)","Loamy (18-35%)"
"QY081",29.88912651,2.01979884,6.673064,0.0634128352597821,0.60242193496793,"Medium (1.5~2.5%)","Loamy (18-35%)"
"QY081",29.23839653,2.02025861,6.670512,0.0657192748859406,0.598045401462059,"Medium (1.5~2.5%)","Loamy (18-35%)"
"QY081",28.58766655,2.020977,6.639536,0.0710780138235114,0.426468082941068,"Medium (1.5~2.5%)","Loamy (18-35%)"
"QY081",27.93693656,2.022844816,6.658896,0.0710249952593165,0.696044953541302,"Medium (1.5~2.5%)","Loamy (18-35%)"
"QY081",27.28620658,2.024482748,6.622288,0.077165231053278,0.331810493529095,"Medium (1.5~2.5%)","Loamy (18-35%)"
"QY081",26.63547659,2.016408035,6.676144,0.0734347054485165,0.851842583202792,"Medium (1.5~2.5%)","Loamy (18-35%)"
"QY081",25.98474661,2.016896541,6.663472,0.0767506723589977,0.713781252938679,"Medium (1.5~2.5%)","Loamy (18-35%)"
"QY081",25.33401662,2.017931023,6.672536,0.0774030022755818,0.959797228217214,"Medium (1.5~2.5%)","Loamy (18-35%)"
"QY081",24.68328664,2.016494242,6.66488,0.0801005914390845,0.760955618671303,"Medium (1.5~2.5%)","Loamy (18-35%)"
"QY081",24.03255665,2.013160909,6.663736,0.0820809350158106,0.763352695647039,"Medium (1.5~2.5%)","Loamy (18-35%)"
"QY081",23.38182667,2.027873552,6.660832,0.0831744293059835,0.75688730668445,"Medium (1.5~2.5%)","Loamy (18-35%)"
"QY081",23.38182667,2.019626426,6.66048,0.0849388247676898,0.772943305385978,"Medium (1.5~2.5%)","Loamy (18-35%)"
"QY081",23.38182667,2.017068954,6.660128,0.0857043188680103,0.779909301698894,"Medium (1.5~2.5%)","Loamy (18-35%)"
"QY081",23.38182667,2.014425276,6.659776,0.0864771106931486,0.786941707307652,"Medium (1.5~2.5%)","Loamy (18-35%)"
"QY081",23.38182667,2.011724127,6.659336,0.0872673527245596,0.794132909793492,"Medium (1.5~2.5%)","Loamy (18-35%)"
"QY081",23.38182667,2.008965506,6.658984,0.0880519047425374,0.801272333157091,"Medium (1.5~2.5%)","Loamy (18-35%)"
"QY081",23.38182667,2.006235621,6.658632,0.0888373354136897,0.808419752264576,"Medium (1.5~2.5%)","Loamy (18-35%)"
"QY081",23.38182667,2.003477001,6.65828,0.0896270471435219,0.815606129006049,"Medium (1.5~2.5%)","Loamy (18-35%)"
"QY081",23.38182667,2.000775851,6.657928,0.0904158775966443,0.822784486129463,"Medium (1.5~2.5%)","Loamy (18-35%)"
"QY081",23.38182667,1.998074702,6.657576,0.0912072484021488,0.829985960459554,"Medium (1.5~2.5%)","Loamy (18-35%)"
"QY081",23.38182667,1.995402288,6.657224,0.0919993915366299,0.837194462983332,"Medium (1.5~2.5%)","Loamy (18-35%)"
"QY081",23.38182667,1.992787345,6.65696,0.0927780619120172,0.844280363399356,"Medium (1.5~2.5%)","Loamy (18-35%)"
"QY081",23.38182667,1.990201139,6.656608,0.0935696984409593,0.85148425581273,"Medium (1.5~2.5%)","Loamy (18-35%)"
"QY081",23.38182667,1.987643667,6.656344,0.0943493239344517,0.85857884780351,"Medium (1.5~2.5%)","Loamy (18-35%)"
"QY081",23.38182667,1.985143667,6.65608,0.0951274690635747,0.86565996847853,"Medium (1.5~2.5%)","Loamy (18-35%)"
"QY081",23.38182667,1.982701139,6.655816,0.095904039279592,0.872726757444287,"Medium (1.5~2.5%)","Loamy (18-35%)"
"QY081",23.38182667,1.98025861,6.655552,0.0966826998949288,0.879812569043852,"Medium (1.5~2.5%)","Loamy (18-35%)"
"QY081",23.38182667,1.977902288,6.655288,0.0974577634579569,0.886865647467407,"Medium (1.5~2.5%)","Loamy (18-35%)"
"QY081",23.38182667,1.975545966,6.655112,0.0982216928767888,0.893817405178778,"Medium (1.5~2.5%)","Loamy (18-35%)"
"QY081",23.38182667,1.973275851,6.654848,0.0989948785796874,0.900853395075156,"Medium (1.5~2.5%)","Loamy (18-35%)"
"QY081",23.38182667,1.971005736,6.654672,0.099756636030572,0.907785387878206,"Medium (1.5~2.5%)","Loamy (18-35%)"
"QY081",23.38182667,1.968793093,6.654496,0.100516185930384,0.914697291966499,"Medium (1.5~2.5%)","Loamy (18-35%)"
"QY081",23.38182667,1.96663792,6.65432,0.101273434146948,0.921588250737228,"Medium (1.5~2.5%)","Loamy (18-35%)"
"QY081",23.38182667,1.964511483,6.654144,0.102030286268353,0.928475605042015,"Medium (1.5~2.5%)","Loamy (18-35%)"
"QY081",23.38182667,1.962413782,6.653968,0.10278669646016,0.935358937787456,"Medium (1.5~2.5%)","Loamy (18-35%)"
"QY081",23.38182667,1.960344817,6.65388,0.103528772523619,0.942111829964936,"Medium (1.5~2.5%)","Loamy (18-35%)"
"QY081",23.38182667,1.958333323,6.653704,0.104282023239457,0.948966411479057,"Medium (1.5~2.5%)","Loamy (18-35%)"
"QY081",23.38182667,1.956350564,6.653616,0.105020617235531,0.955687616843335,"Medium (1.5~2.5%)","Loamy (18-35%)"
"QY081",23.38182667,1.954425277,6.653528,0.105756285197797,0.962382195299951,"Medium (1.5~2.5%)","Loamy (18-35%)"
"QY081",23.38182667,1.952499989,6.653352,0.106507377731199,0.96921713735391,"Medium (1.5~2.5%)","Loamy (18-35%)"
"QY081",23.38182667,1.950632173,6.653264,0.107241261058301,0.975895475630537,"Medium (1.5~2.5%)","Loamy (18-35%)"
"QY081",23.38182667,1.948793093,6.653176,0.107974134507201,0.982564624015533,"Medium (1.5~2.5%)","Loamy (18-35%)"
"QY085",8.987431373,1.607,6.033832,0.115606469573777,1.69941510273452,"Medium (1.5~2.5%)","Sandy (<18%)"
"QY085",8.858914078,1.59124,5.926472,0.138981710697976,2.05692931833004,"Medium (1.5~2.5%)","Sandy (<18%)"
"QY085",8.730396783,1.58,5.843136,0.160147711989883,2.45025999344521,"Medium (1.5~2.5%)","Sandy (<18%)"
"QY085",8.601879487,1.57356,5.796056,0.173838448767716,2.0860613852126,"Medium (1.5~2.5%)","Sandy (<18%)"
"QY085",8.473362192,1.5632,5.750648,0.188947805370206,2.26737366444247,"Medium (1.5~2.5%)","Sandy (<18%)"
"QY085",8.344844897,1.55508,5.698992,0.206795534413382,3.03989435587672,"Medium (1.5~2.5%)","Sandy (<18%)"
"QY085",8.216327601,1.54776,5.649448,0.225029171907324,3.3304317442284,"Medium (1.5~2.5%)","Sandy (<18%)"
"QY085",8.087810306,1.5416,5.60096,0.244336643097526,3.73835063939214,"Medium (1.5~2.5%)","Sandy (<18%)"
"QY085",7.959293011,1.53572,5.576056,0.255749381516962,3.06899257820354,"Medium (1.5~2.5%)","Sandy (<18%)"
"QY085",7.830775716,1.52896,5.57456,0.259230557258293,5.05499586653671,"Medium (1.5~2.5%)","Sandy (<18%)"
"QY085",7.70225842,1.52208,5.485592,0.299192873217201,2.66281657163309,"Medium (1.5~2.5%)","Sandy (<18%)"
"QY085",7.573741125,1.5232,5.49756,0.29594388683639,4.35037513649494,"Medium (1.5~2.5%)","Sandy (<18%)"
"QY085",7.44522383,1.52756,5.4914,0.299384523094335,5.92781355726783,"Medium (1.5~2.5%)","Sandy (<18%)"
"QY085",7.316706534,1.52988,5.410176,0.33919609738198,4.51130809518033,"Medium (1.5~2.5%)","Sandy (<18%)"
"QY085",7.188189239,1.53288,5.386328,0.353272623260257,3.53272623260257,"Medium (1.5~2.5%)","Sandy (<18%)"
"QY085",7.059671944,1.54704,5.383072,0.354336011542317,4.99613776274668,"Medium (1.5~2.5%)","Sandy (<18%)"
"QY085",6.931154649,1.56332,5.334408,0.379435630708479,4.32556619007666,"Medium (1.5~2.5%)","Sandy (<18%)"
"QY085",6.802637353,1.56332,5.375856,0.360216516017374,7.52852518476312,"Medium (1.5~2.5%)","Sandy (<18%)"
"QY085",6.674120058,1.56256,5.202848,0.471453051375636,4.0073509366929,"Medium (1.5~2.5%)","Sandy (<18%)"
"QY085",6.545602763,1.56436,5.236552,0.452837563576149,5.93217208284755,"Medium (1.5~2.5%)","Sandy (<18%)"
"QY085",6.417085467,1.56804,5.198976,0.482239118072173,6.31733244674547,"Medium (1.5~2.5%)","Sandy (<18%)"
"QY085",6.288568172,1.5724,5.202848,0.482395767946555,7.4771344031716,"Medium (1.5~2.5%)","Sandy (<18%)"
"QY085",6.160050877,1.57736,5.133504,0.539072293102555,6.36105305861015,"Medium (1.5~2.5%)","Sandy (<18%)"
"QY085",6.031533582,1.5792,5.101384,0.572557262169645,6.35538561008306,"Medium (1.5~2.5%)","Sandy (<18%)"
"QY085",5.903016286,1.57936,5.045152,0.632326505159441,6.00710179901469,"Medium (1.5~2.5%)","Sandy (<18%)"
"QY085",5.774498991,1.58504,5.029664,0.654605366267945,5.9569088330383,"Medium (1.5~2.5%)","Sandy (<18%)"
"QY085",5.645981696,1.59076,4.92292,0.778954358152413,4.67372614891448,"Medium (1.5~2.5%)","Sandy (<18%)"
"QY085",5.5174644,1.59764,4.944568,0.76109675050398,7.458748154939,"Medium (1.5~2.5%)","Sandy (<18%)"
"QY085",5.388947105,1.60416,4.781152,0.977782766948767,4.2044658978797,"Medium (1.5~2.5%)","Sandy (<18%)"
"QY085",5.26042981,1.60204,4.890008,0.838757271424641,9.72958434852583,"Medium (1.5~2.5%)","Sandy (<18%)"
"QY085",5.131912514,1.60736,4.815208,0.93405682659914,8.686728487372,"Medium (1.5~2.5%)","Sandy (<18%)"
"QY085",5.003395219,1.61376,4.808872,0.935768585551092,11.6035304608335,"Medium (1.5~2.5%)","Sandy (<18%)"
"QY085",4.874877924,1.61752,4.728088,1.04341483217587,9.91244090567076,"Medium (1.5~2.5%)","Sandy (<18%)"
"QY085",4.746360629,1.61948,4.66112,1.1403609474554,10.6053568113352,"Medium (1.5~2.5%)","Sandy (<18%)"
"QY085",4.617843333,1.63784,4.584032,1.243601924386,11.3167775119126,"Medium (1.5~2.5%)","Sandy (<18%)"
"QY085",4.617843333,1.63592,4.497,1.39070573989695,12.6554222330622,"Medium (1.5~2.5%)","Sandy (<18%)"
"QY085",4.617843333,1.6386,4.388848,1.59333114345324,14.4993134054245,"Medium (1.5~2.5%)","Sandy (<18%)"
"QY085",4.617843333,1.641,4.251392,1.89811156965665,17.2728152838755,"Medium (1.5~2.5%)","Sandy (<18%)"
"QY085",4.617843333,1.64324,4.094752,2.30793125760458,21.0021744442017,"Medium (1.5~2.5%)","Sandy (<18%)"
"QY085",4.617843333,1.64532,3.976568,2.61444607065543,23.7914592429644,"Medium (1.5~2.5%)","Sandy (<18%)"
"QY085",4.617843333,1.64732,3.922008,2.65909093148689,24.1977274765307,"Medium (1.5~2.5%)","Sandy (<18%)"
"QY085",4.617843333,1.6492,3.901768,2.55444716334499,23.2454691864395,"Medium (1.5~2.5%)","Sandy (<18%)"
"QY085",4.617843333,1.65104,3.894464,2.40397775246316,21.8761975474148,"Medium (1.5~2.5%)","Sandy (<18%)"
"QY085",4.617843333,1.65276,3.891648,2.24893754232893,20.4653316351933,"Medium (1.5~2.5%)","Sandy (<18%)"
"QY085",4.617843333,1.65448,3.890328,2.102080277759,19.1289305276069,"Medium (1.5~2.5%)","Sandy (<18%)"
"QY085",4.617843333,1.65612,3.889536,1.96665162123056,17.8965297531981,"Medium (1.5~2.5%)","Sandy (<18%)"
"QY085",4.617843333,1.65776,3.88892,1.84277084676642,16.7692147055744,"Medium (1.5~2.5%)","Sandy (<18%)"
"QY085",4.617843333,1.65932,3.888392,1.72983005959091,15.7414535422772,"Medium (1.5~2.5%)","Sandy (<18%)"
"QY085",4.617843333,1.66088,3.887864,1.62697291789361,14.8054535528318,"Medium (1.5~2.5%)","Sandy (<18%)"
"QY085",4.617843333,1.6624,3.887336,1.53333812747568,13.9533769600287,"Medium (1.5~2.5%)","Sandy (<18%)"
"QY085",4.617843333,1.66388,3.886896,1.44789186391008,13.1758159615817,"Medium (1.5~2.5%)","Sandy (<18%)"
"QY085",4.617843333,1.66532,3.886368,1.37028466341562,12.4695904370822,"Medium (1.5~2.5%)","Sandy (<18%)"
"QY085",4.617843333,1.66672,3.885928,1.29942938139004,11.8248073706494,"Medium (1.5~2.5%)","Sandy (<18%)"
"QY085",4.617843333,1.66812,3.885488,1.23486374056212,11.2372600391153,"Medium (1.5~2.5%)","Sandy (<18%)"
"QY085",4.617843333,1.66952,3.885048,1.17602301097798,10.7018093998996,"Medium (1.5~2.5%)","Sandy (<18%)"
"QY085",4.617843333,1.67084,3.884608,1.12246579687776,10.2144387515876,"Medium (1.5~2.5%)","Sandy (<18%)"
"QY085",4.617843333,1.67216,3.884168,1.07364072789897,9.77013062388065,"Medium (1.5~2.5%)","Sandy (<18%)"
"QY085",4.617843333,1.67348,3.883816,1.02898765952123,9.3637877016432,"Medium (1.5~2.5%)","Sandy (<18%)"
"QY085",4.617843333,1.67472,3.883376,0.988476724085354,8.99513818917672,"Medium (1.5~2.5%)","Sandy (<18%)"
"QY085",4.617843333,1.676,3.883024,0.951371674766751,8.65748224037744,"Medium (1.5~2.5%)","Sandy (<18%)"
"QY085",4.617843333,1.6772,3.882584,0.917718725534045,8.35124040235981,"Medium (1.5~2.5%)","Sandy (<18%)"
"QY085",4.617843333,1.6784,3.882232,0.886899816436081,8.07078832956834,"Medium (1.5~2.5%)","Sandy (<18%)"
"QY085",4.617843333,1.6796,3.88188,0.858788865856447,7.81497867929367,"Medium (1.5~2.5%)","Sandy (<18%)"
"QY085",4.617843333,1.68076,3.881528,0.833172204000868,7.5818670564079,"Medium (1.5~2.5%)","Sandy (<18%)"
"QY085",4.617843333,1.68192,3.881176,0.809800803638257,7.36918731310814,"Medium (1.5~2.5%)","Sandy (<18%)"
"QY085",4.617843333,1.68304,3.880824,0.78850126417967,7.17536150403499,"Medium (1.5~2.5%)","Sandy (<18%)"
"QY087",22.90814971,2.234963776,6.703688,0.0264529101661388,0.38885777944224,"Medium (1.5~2.5%)","Loamy (18-35%)"
"QY087",22.58057075,2.212210153,6.70184,0.0275631179280395,0.407934145334985,"Medium (1.5~2.5%)","Loamy (18-35%)"
"QY087",22.25299179,2.193659428,6.699992,0.0286391847425052,0.438179526560329,"Medium (1.5~2.5%)","Loamy (18-35%)"
"QY087",21.92541282,2.180905805,6.6948,0.0298243388042484,0.357892065650981,"Medium (1.5~2.5%)","Loamy (18-35%)"
"QY087",21.59783386,2.163333341,6.692336,0.0310324513741766,0.372389416490119,"Medium (1.5~2.5%)","Loamy (18-35%)"
"QY087",21.2702549,2.148297109,6.695152,0.0319682178118296,0.469932801833895,"Medium (1.5~2.5%)","Loamy (18-35%)"
"QY087",20.94267594,2.134239138,6.692336,0.0331788093855651,0.491046378906363,"Medium (1.5~2.5%)","Loamy (18-35%)"
"QY087",20.61509698,2.121413051,6.691984,0.034278068275277,0.524454444611738,"Medium (1.5~2.5%)","Loamy (18-35%)"
"QY087",20.28751801,2.108913051,6.6882,0.035583686031694,0.427004232380328,"Medium (1.5~2.5%)","Loamy (18-35%)"
"QY087",19.95993905,2.095724645,6.70096,0.0360986852487243,0.703924362350125,"Medium (1.5~2.5%)","Loamy (18-35%)"
"QY087",19.63236009,2.082463775,6.682304,0.038419170145938,0.341930614298849,"Medium (1.5~2.5%)","Loamy (18-35%)"
"QY087",19.30478113,2.078840587,6.691104,0.0390274085708822,0.573702905991968,"Medium (1.5~2.5%)","Loamy (18-35%)"
"QY087",18.97720217,2.079311601,6.697792,0.0396892366602063,0.785846885872085,"Medium (1.5~2.5%)","Loamy (18-35%)"
"QY087",18.6496232,2.077427543,6.69216,0.041220700243659,0.548235313240665,"Medium (1.5~2.5%)","Loamy (18-35%)"
"QY087",18.32204424,2.076449283,6.686,0.0428743801178467,0.428743801178467,"Medium (1.5~2.5%)","Loamy (18-35%)"
"QY087",17.99446528,2.089130442,6.687936,0.0437126576960567,0.6163484735144,"Medium (1.5~2.5%)","Sandy (<18%)"
"QY087",17.66688632,2.104057978,6.683712,0.044926876072374,0.512166387225064,"Medium (1.5~2.5%)","Sandy (<18%)"
"QY087",17.33930736,2.099239138,6.701576,0.0452377990134142,0.945469999380356,"Medium (1.5~2.5%)","Sandy (<18%)"
"QY087",17.01172839,2.093623196,6.66532,0.0494465893544286,0.420296009512643,"Medium (1.5~2.5%)","Sandy (<18%)"
"QY087",16.68414943,2.091231891,6.68908,0.049270747740248,0.645446795397249,"Medium (1.5~2.5%)","Sandy (<18%)"
"QY087",16.35657047,2.091195659,6.679312,0.0515863226469315,0.675780826674803,"Medium (1.5~2.5%)","Sandy (<18%)"
"QY087",16.02899151,2.092137688,6.692336,0.0521663402193407,0.808578273399781,"Medium (1.5~2.5%)","Sandy (<18%)"
"QY087",15.70141254,2.093876819,6.684944,0.0544024303170949,0.641948677741719,"Medium (1.5~2.5%)","Sandy (<18%)"
"QY087",15.37383358,2.091847833,6.680544,0.0566289840541419,0.628581723000975,"Medium (1.5~2.5%)","Sandy (<18%)"
"QY087",15.04625462,2.086884065,6.674208,0.0590923072082162,0.561376918478054,"Medium (1.5~2.5%)","Sandy (<18%)"
"QY087",14.71867566,2.089202906,6.672624,0.060949649900095,0.554641814090865,"Medium (1.5~2.5%)","Sandy (<18%)"
"QY087",14.3910967,2.091702906,6.64068,0.0658015868857565,0.394809521314539,"Medium (1.5~2.5%)","Sandy (<18%)"
"QY087",14.06351773,2.095579717,6.660744,0.0654545313102722,0.641454406840668,"Medium (1.5~2.5%)","Sandy (<18%)"
"QY087",13.73593877,2.09909421,6.624224,0.0708383060951584,0.304604716209181,"Medium (1.5~2.5%)","Sandy (<18%)"
"QY087",13.40835981,2.092137688,6.679576,0.067021834930072,0.777453285188835,"Medium (1.5~2.5%)","Sandy (<18%)"
"QY087",13.08078085,2.094347833,6.66576,0.0698912898227108,0.649988995351211,"Medium (1.5~2.5%)","Sandy (<18%)"
"QY087",12.75320189,2.097500007,6.675176,0.0701733607178998,0.870149672901957,"Medium (1.5~2.5%)","Sandy (<18%)"
"QY087",12.42562292,2.09775363,6.667608,0.0723207726781574,0.687047340442495,"Medium (1.5~2.5%)","Sandy (<18%)"
"QY087",12.09804396,2.095869572,6.666376,0.0738182069361473,0.68650932450617,"Medium (1.5~2.5%)","Sandy (<18%)"
"QY087",11.770465,2.113695659,6.664088,0.0743965921316706,0.677008988398203,"Medium (1.5~2.5%)","Sandy (<18%)"
"QY087",11.770465,2.106847833,6.663912,0.075652030201779,0.688433474836189,"Medium (1.5~2.5%)","Sandy (<18%)"
"QY087",11.770465,2.105869572,6.66356,0.0762703711876409,0.694060377807532,"Medium (1.5~2.5%)","Sandy (<18%)"
"QY087",11.770465,2.104710152,6.663296,0.0768876755592095,0.699677847588806,"Medium (1.5~2.5%)","Sandy (<18%)"
"QY087",11.770465,2.103442036,6.663032,0.0775107074507663,0.705347437801973,"Medium (1.5~2.5%)","Sandy (<18%)"
"QY087",11.770465,2.102101457,6.662768,0.0781377903743516,0.7110538924066,"Medium (1.5~2.5%)","Sandy (<18%)"
"QY087",11.770465,2.100724645,6.662504,0.0787671900736849,0.716781429670533,"Medium (1.5~2.5%)","Sandy (<18%)"
"QY087",11.770465,2.09927537,6.662152,0.0794114047523542,0.722643783246424,"Medium (1.5~2.5%)","Sandy (<18%)"
"QY087",11.770465,2.097826094,6.661976,0.0800349457914395,0.7283180067021,"Medium (1.5~2.5%)","Sandy (<18%)"
"QY087",11.770465,2.096376819,6.661712,0.0806696976353992,0.734094248482132,"Medium (1.5~2.5%)","Sandy (<18%)"
"QY087",11.770465,2.094927543,6.661448,0.0813050259295098,0.739875735958539,"Medium (1.5~2.5%)","Sandy (<18%)"
"QY087",11.770465,2.0935145,6.661184,0.0819390290615956,0.74564516446052,"Medium (1.5~2.5%)","Sandy (<18%)"
"QY087",11.770465,2.092101457,6.661008,0.0825625352843056,0.751319071087181,"Medium (1.5~2.5%)","Sandy (<18%)"
"QY087",11.770465,2.090688413,6.660744,0.0831975573645268,0.757097772017194,"Medium (1.5~2.5%)","Sandy (<18%)"
"QY087",11.770465,2.089311601,6.660568,0.0838199638421969,0.762761670963992,"Medium (1.5~2.5%)","Sandy (<18%)"
"QY087",11.770465,2.08793479,6.660392,0.0844427298997206,0.768428842087458,"Medium (1.5~2.5%)","Sandy (<18%)"
"QY087",11.770465,2.08659421,6.660216,0.0850638751407406,0.774081263780739,"Medium (1.5~2.5%)","Sandy (<18%)"
"QY087",11.770465,2.085289862,6.66004,0.085683354627191,0.779718527107438,"Medium (1.5~2.5%)","Sandy (<18%)"
"QY087",11.770465,2.083985514,6.659864,0.0863031342242662,0.785358521440823,"Medium (1.5~2.5%)","Sandy (<18%)"
"QY087",11.770465,2.082717399,6.659688,0.086921186362578,0.79098279589946,"Medium (1.5~2.5%)","Sandy (<18%)"
"QY087",11.770465,2.081485514,6.659512,0.0875374666445718,0.796590946465603,"Medium (1.5~2.5%)","Sandy (<18%)"
"QY087",11.770465,2.08025363,6.659424,0.0881421994998193,0.802094015448356,"Medium (1.5~2.5%)","Sandy (<18%)"
"QY087",11.770465,2.079021746,6.659248,0.0887588937329678,0.807705932970007,"Medium (1.5~2.5%)","Sandy (<18%)"
"QY087",11.770465,2.077862326,6.65916,0.0893596987245802,0.81317325839368,"Medium (1.5~2.5%)","Sandy (<18%)"
"QY087",11.770465,2.076702906,6.659072,0.0899605398601933,0.818640912727759,"Medium (1.5~2.5%)","Sandy (<18%)"
"QY087",11.770465,2.075543485,6.658896,0.0905735281051484,0.82421910575685,"Medium (1.5~2.5%)","Sandy (<18%)"
"QY087",11.770465,2.074420297,6.658808,0.0911723687256854,0.829668555403738,"Medium (1.5~2.5%)","Sandy (<18%)"
"QY087",11.770465,2.07333334,6.65872,0.091769066703673,0.835098507003425,"Medium (1.5~2.5%)","Sandy (<18%)"
"QY087",11.770465,2.072246384,6.658632,0.0923657434333008,0.840528265243037,"Medium (1.5~2.5%)","Sandy (<18%)"
"QY087",11.770465,2.071159427,6.658544,0.0929623980173077,0.8459578219575,"Medium (1.5~2.5%)","Sandy (<18%)"
"QY087",11.770465,2.070144935,6.658456,0.0935546408931974,0.851347232128097,"Medium (1.5~2.5%)","Sandy (<18%)"
"QY087",11.770465,2.06909421,6.658368,0.0941490164062451,0.856756049296831,"Medium (1.5~2.5%)","Sandy (<18%)"
"QY090",25.34106323,2.1685145,6.70492,0.0227267741955391,0.334083580674425,"Medium (1.5~2.5%)","Loamy (18-35%)"
"QY090",24.97869441,2.141920297,6.703688,0.0235408003736235,0.348403845529628,"Medium (1.5~2.5%)","Loamy (18-35%)"
"QY090",24.61632559,2.119456529,6.70272,0.0243062520421525,0.371885656244934,"Medium (1.5~2.5%)","Loamy (18-35%)"
"QY090",24.25395677,2.101413051,6.698672,0.0251458326836382,0.301749992203658,"Medium (1.5~2.5%)","Loamy (18-35%)"
"QY090",23.89158795,2.079927543,6.69744,0.025961689708068,0.311540276496816,"Medium (1.5~2.5%)","Loamy (18-35%)"
"QY090",23.52921913,2.060652181,6.700608,0.0265860061307972,0.390814290122718,"Medium (1.5~2.5%)","Loamy (18-35%)"
"QY090",23.16685031,2.042282616,6.698056,0.0274419094742862,0.406140260219436,"Medium (1.5~2.5%)","Loamy (18-35%)"
"QY090",22.80448149,2.025144935,6.697792,0.0282300256150604,0.431919391910424,"Medium (1.5~2.5%)","Loamy (18-35%)"
"QY090",22.44211267,2.008478268,6.695064,0.0291619517229392,0.34994342067527,"Medium (1.5~2.5%)","Loamy (18-35%)"
"QY090",22.07974385,1.991159427,6.705712,0.0295614293609409,0.576447872538347,"Medium (1.5~2.5%)","Loamy (18-35%)"
"QY090",21.71737503,1.973985514,6.692336,0.0310876617350245,0.276680189441718,"Medium (1.5~2.5%)","Loamy (18-35%)"
"QY090",21.35500621,1.964202905,6.69788,0.0316522821218887,0.465288547191763,"Medium (1.5~2.5%)","Loamy (18-35%)"
"QY090",20.99263738,1.957463775,6.703072,0.0321866025292933,0.637294730080008,"Medium (1.5~2.5%)","Loamy (18-35%)"
"QY090",20.63026856,1.949021746,6.700168,0.0331804064509142,0.441299405797159,"Medium (1.5~2.5%)","Loamy (18-35%)"
"QY090",20.26789974,1.941340586,6.695416,0.0343160158200298,0.343160158200298,"Medium (1.5~2.5%)","Loamy (18-35%)"
"QY090",19.90553092,1.94391305,6.696032,0.0349789729067763,0.493203517985545,"Medium (1.5~2.5%)","Loamy (18-35%)"
"QY090",19.5431621,1.948442036,6.693304,0.0357956586307092,0.408070508390085,"Medium (1.5~2.5%)","Loamy (18-35%)"
"QY090",19.18079328,1.938260876,6.707296,0.0360988943396879,0.754466891699477,"Medium (1.5~2.5%)","Loamy (18-35%)"
"QY090",18.81842446,1.927717398,6.679488,0.0387944162537109,0.329752538156543,"Medium (1.5~2.5%)","Loamy (18-35%)"
"QY090",18.45605564,1.91967392,6.699904,0.0387248486832697,0.507295517750833,"Medium (1.5~2.5%)","Loamy (18-35%)"
"QY090",18.09368682,1.913442036,6.69128,0.0403490507500858,0.528572564826124,"Medium (1.5~2.5%)","Loamy (18-35%)"
"QY090",17.731318,1.908007253,6.70272,0.0407746633202671,0.63200728146414,"Medium (1.5~2.5%)","Sandy (<18%)"
"QY090",17.36894918,1.903260876,6.69832,0.0421999127322449,0.49795897024049,"Medium (1.5~2.5%)","Sandy (<18%)"
"QY090",17.00658036,1.895797108,6.694712,0.0437285730651983,0.485387161023701,"Medium (1.5~2.5%)","Sandy (<18%)"
"QY090",16.64421154,1.88699276,6.690664,0.0453990687326659,0.431291152960326,"Medium (1.5~2.5%)","Sandy (<18%)"
"QY090",16.28184272,1.88333334,6.689608,0.0467665660851459,0.425575751374827,"Medium (1.5~2.5%)","Sandy (<18%)"
"QY090",15.9194739,1.879855079,6.665672,0.0498527000389634,0.29911620023378,"Medium (1.5~2.5%)","Sandy (<18%)"
"QY090",15.55710508,1.877536238,6.678784,0.0500948337798624,0.490929371042652,"Medium (1.5~2.5%)","Sandy (<18%)"
"QY090",15.19473626,1.875036238,6.656344,0.0530201091811411,0.227986469478907,"Medium (1.5~2.5%)","Sandy (<18%)"
"QY090",14.83236744,1.864782615,6.695768,0.0512884454566461,0.594945967297095,"Medium (1.5~2.5%)","Sandy (<18%)"
"QY090",14.46999862,1.861521746,6.686176,0.0530657795065711,0.493511749411111,"Medium (1.5~2.5%)","Sandy (<18%)"
"QY090",14.10762979,1.859311601,6.692248,0.0534937890734817,0.663322984511173,"Medium (1.5~2.5%)","Sandy (<18%)"
"QY090",13.74526097,1.854818847,6.688112,0.0547560887161907,0.520182842803812,"Medium (1.5~2.5%)","Sandy (<18%)"
"QY090",13.38289215,1.848840586,6.68776,0.0557033783182952,0.518041418360145,"Medium (1.5~2.5%)","Sandy (<18%)"
"QY090",13.02052333,1.857898557,6.686088,0.0560843059497555,0.510367184142775,"Medium (1.5~2.5%)","Sandy (<18%)"
"QY090",13.02052333,1.848514499,6.686,0.0568918508841688,0.517715843045936,"Medium (1.5~2.5%)","Sandy (<18%)"
"QY090",13.02052333,1.843550731,6.685912,0.05752330012421,0.523462031130311,"Medium (1.5~2.5%)","Sandy (<18%)"
"QY090",13.02052333,1.838478267,6.685824,0.058162884771483,0.529282251420495,"Medium (1.5~2.5%)","Sandy (<18%)"
"QY090",13.02052333,1.833405803,6.685736,0.0588061415719222,0.535135888304492,"Medium (1.5~2.5%)","Sandy (<18%)"
"QY090",13.02052333,1.828297108,6.685736,0.0594467255990405,0.540965202951269,"Medium (1.5~2.5%)","Sandy (<18%)"
"QY090",13.02052333,1.823224644,6.685648,0.0600973500313881,0.546885885285631,"Medium (1.5~2.5%)","Sandy (<18%)"
"QY090",13.02052333,1.818224644,6.68556,0.060748483607112,0.55281120082472,"Medium (1.5~2.5%)","Sandy (<18%)"
"QY090",13.02052333,1.813224644,6.685472,0.0614033156422192,0.558770172344195,"Medium (1.5~2.5%)","Sandy (<18%)"
"QY090",13.02052333,1.80833334,6.685472,0.0620485757167797,0.564642039022695,"Medium (1.5~2.5%)","Sandy (<18%)"
"QY090",13.02052333,1.803514499,6.685384,0.0627023083769921,0.570591006230628,"Medium (1.5~2.5%)","Sandy (<18%)"
"QY090",13.02052333,1.79873189,6.685296,0.0633578997208036,0.576556887459313,"Medium (1.5~2.5%)","Sandy (<18%)"
"QY090",13.02052333,1.794057977,6.685208,0.0640118456143574,0.582507795090652,"Medium (1.5~2.5%)","Sandy (<18%)"
"QY090",13.02052333,1.789456528,6.685208,0.064657085310918,0.588379476329354,"Medium (1.5~2.5%)","Sandy (<18%)"
"QY090",13.02052333,1.784927542,6.68512,0.0653107326128807,0.594327666777214,"Medium (1.5~2.5%)","Sandy (<18%)"
"QY090",13.02052333,1.780471021,6.685032,0.065964109989515,0.600273400904587,"Medium (1.5~2.5%)","Sandy (<18%)"
"QY090",13.02052333,1.776086963,6.685032,0.0666082021031956,0.60613463913908,"Medium (1.5~2.5%)","Sandy (<18%)"
"QY090",13.02052333,1.771775368,6.684944,0.0672606424781731,0.612071846551375,"Medium (1.5~2.5%)","Sandy (<18%)"
"QY090",13.02052333,1.76757247,6.684856,0.0679106240501228,0.617986678856117,"Medium (1.5~2.5%)","Sandy (<18%)"
"QY090",13.02052333,1.763442035,6.684856,0.0685506932640006,0.623811308702405,"Medium (1.5~2.5%)","Sandy (<18%)"
"QY090",13.02052333,1.759347832,6.684768,0.0692009115268802,0.62972829489461,"Medium (1.5~2.5%)","Sandy (<18%)"
"QY090",13.02052333,1.755362325,6.684768,0.0698389335373711,0.635534295190077,"Medium (1.5~2.5%)","Sandy (<18%)"
"QY090",13.02052333,1.751449281,6.68468,0.0704851457315836,0.641414826157411,"Medium (1.5~2.5%)","Sandy (<18%)"
"QY090",13.02052333,1.74757247,6.68468,0.0711226334466884,0.647215964364865,"Medium (1.5~2.5%)","Sandy (<18%)"
"QY090",13.02052333,1.743804354,6.684592,0.071766301786046,0.653073346253019,"Medium (1.5~2.5%)","Sandy (<18%)"
"QY090",13.02052333,1.74007247,6.684504,0.0724105765380623,0.658936246496367,"Medium (1.5~2.5%)","Sandy (<18%)"
"QY090",13.02052333,1.736449281,6.684504,0.0730415532517785,0.664678134591184,"Medium (1.5~2.5%)","Sandy (<18%)"
"QY090",13.02052333,1.732862325,6.684416,0.0736826495192664,0.670512110625324,"Medium (1.5~2.5%)","Sandy (<18%)"
"QY090",13.02052333,1.729347832,6.684416,0.074312092129615,0.676240038379496,"Medium (1.5~2.5%)","Sandy (<18%)"
"QY090",13.02052333,1.725905803,6.684328,0.0749495721350167,0.682041106428652,"Medium (1.5~2.5%)","Sandy (<18%)"
"QY090",13.02052333,1.722500006,6.684328,0.0755771301758875,0.687751884600576,"Medium (1.5~2.5%)","Sandy (<18%)"
"QY090",13.02052333,1.719166673,6.68424,0.0762127055811362,0.69353562078834,"Medium (1.5~2.5%)","Sandy (<18%)"
"QY094",43.25509949,1.46778986,6.71064,0.0433493022137504,0.637234742542132,"Low (0.5~1.5%)","Clay (>35%)"
"QY094",42.63656588,1.451956527,6.70932,0.0446309098760472,0.660537466165499,"Low (0.5~1.5%)","Clay (>35%)"
"QY094",42.01803227,1.439746382,6.7102,0.0456369379267095,0.698245150278655,"Low (0.5~1.5%)","Clay (>35%)"
"QY094",41.39949865,1.431413048,6.706328,0.0468381042036328,0.562057250443593,"Low (0.5~1.5%)","Clay (>35%)"
"QY094",40.78096504,1.419927541,6.705448,0.0480040659451866,0.57604879134224,"Low (0.5~1.5%)","Clay (>35%)"
"QY094",40.16243143,1.41028986,6.70844,0.0488229062676253,0.717696722134092,"Low (0.5~1.5%)","Clay (>35%)"
"QY094",39.54389782,1.401376816,6.706152,0.0500080869064947,0.740119686216121,"Low (0.5~1.5%)","Clay (>35%)"
"QY094",38.9253642,1.393442034,6.706768,0.0509828541394706,0.7800376683339,"Low (0.5~1.5%)","Clay (>35%)"
"QY094",38.30683059,1.385760874,6.702808,0.0523525934173903,0.628231121008684,"Low (0.5~1.5%)","Clay (>35%)"
"QY094",37.68829698,1.377391309,6.709232,0.0530019668862971,1.03353835428279,"Low (0.5~1.5%)","Clay (>35%)"
"QY094",37.06976337,1.369021744,6.7058,0.0544625003223966,0.484716252869329,"Low (0.5~1.5%)","Clay (>35%)"
"QY094",36.45122975,1.367101454,6.705096,0.0554723567012839,0.815443643508873,"Low (0.5~1.5%)","Clay (>35%)"
"QY094",35.83269614,1.367862324,6.708088,0.0560338268369699,1.109469771372,"Low (0.5~1.5%)","Clay (>35%)"
"QY094",35.21416253,1.366956526,6.713192,0.0565084627078193,0.751562554013996,"Low (0.5~1.5%)","Clay (>35%)"
"QY094",34.59562892,1.36663044,6.707648,0.0579485781337292,0.579485781337292,"Low (0.5~1.5%)","Loamy (18-35%)"
"QY094",33.9770953,1.375362324,6.705008,0.0586872819334384,0.827490675261481,"Low (0.5~1.5%)","Loamy (18-35%)"
"QY094",33.35856169,1.385760874,6.707296,0.0589027298220898,0.671491119971824,"Low (0.5~1.5%)","Loamy (18-35%)"
"QY094",32.74002808,1.383043483,6.711872,0.0597105632598941,1.24795077213179,"Low (0.5~1.5%)","Loamy (18-35%)"
"QY094",32.12149447,1.379818845,6.70228,0.0618431222124611,0.52566653880592,"Low (0.5~1.5%)","Loamy (18-35%)"
"QY094",31.50296085,1.378731889,6.710024,0.0623551039434063,0.816851861658623,"Low (0.5~1.5%)","Loamy (18-35%)"
"QY094",30.88442724,1.37913044,6.704216,0.0640751543983156,0.839384522617934,"Low (0.5~1.5%)","Loamy (18-35%)"
"QY094",30.26589363,1.380144932,6.711168,0.0645680006643915,1.00080401029807,"Low (0.5~1.5%)","Loamy (18-35%)"
"QY094",29.64736002,1.381702903,6.711872,0.065664931216442,0.774846188354015,"Low (0.5~1.5%)","Loamy (18-35%)"
"QY094",29.0288264,1.380760874,6.707736,0.0674819493844809,0.749049638167739,"Low (0.5~1.5%)","Loamy (18-35%)"
"QY094",28.41029279,1.378478266,6.707032,0.0691009014906231,0.65645856416092,"Low (0.5~1.5%)","Loamy (18-35%)"
"QY094",27.79175918,1.380688411,6.703336,0.0708044438760123,0.644320439271712,"Low (0.5~1.5%)","Loamy (18-35%)"
"QY094",27.17322557,1.383007251,6.692248,0.0733454039065706,0.440072423439423,"Low (0.5~1.5%)","Loamy (18-35%)"
"QY094",26.55469195,1.386268121,6.696208,0.0740888051079763,0.726070290058168,"Low (0.5~1.5%)","Loamy (18-35%)"
"QY094",25.93615834,1.389239135,6.693832,0.0754349788861019,0.324370409210238,"Low (0.5~1.5%)","Loamy (18-35%)"
"QY094",25.31762473,1.38528986,6.705624,0.0756011113606116,0.876972891783095,"Low (0.5~1.5%)","Loamy (18-35%)"
"QY094",24.69909112,1.387427541,6.703336,0.0767857244278488,0.714107237178994,"Low (0.5~1.5%)","Loamy (18-35%)"
"QY094",24.0805575,1.390398556,6.704392,0.0774460920154464,0.960331540991535,"Low (0.5~1.5%)","Loamy (18-35%)"
"QY094",23.46202389,1.391304353,6.703952,0.0783137441173785,0.743980569115096,"Low (0.5~1.5%)","Loamy (18-35%)"
"QY094",22.84349028,1.390797106,6.703688,0.0791885822660806,0.73645381507455,"Low (0.5~1.5%)","Loamy (18-35%)"
"QY094",22.22495667,1.403550729,6.702456,0.0790811344821377,0.719638323787454,"Low (0.5~1.5%)","Loamy (18-35%)"
"QY094",22.22495667,1.399927541,6.702456,0.0798176035078912,0.72634019192181,"Low (0.5~1.5%)","Loamy (18-35%)"
"QY094",22.22495667,1.400072469,6.702368,0.0802780265935786,0.730530042001565,"Low (0.5~1.5%)","Loamy (18-35%)"
"QY094",22.22495667,1.400036237,6.70228,0.0807516850602395,0.734840334048179,"Low (0.5~1.5%)","Loamy (18-35%)"
"QY094",22.22495667,1.399927541,6.702192,0.0812303492917028,0.739196178554495,"Low (0.5~1.5%)","Loamy (18-35%)"
"QY094",22.22495667,1.39971015,6.702104,0.0817169444258845,0.743624194275549,"Low (0.5~1.5%)","Loamy (18-35%)"
"QY094",22.22495667,1.399456527,6.702016,0.0822059066495682,0.748073750511071,"Low (0.5~1.5%)","Loamy (18-35%)"
"QY094",22.22495667,1.399166672,6.702016,0.0826862242354106,0.752444640542236,"Low (0.5~1.5%)","Loamy (18-35%)"
"QY094",22.22495667,1.398840585,6.701928,0.083180012160802,0.756938110663298,"Low (0.5~1.5%)","Loamy (18-35%)"
"QY094",22.22495667,1.398478266,6.70184,0.0836763090396404,0.761454412260727,"Low (0.5~1.5%)","Loamy (18-35%)"
"QY094",22.22495667,1.398115947,6.70184,0.0841609840459965,0.765864954818568,"Low (0.5~1.5%)","Loamy (18-35%)"
"QY094",22.22495667,1.397753628,6.701752,0.0846564988068009,0.770374139141888,"Low (0.5~1.5%)","Loamy (18-35%)"
"QY094",22.22495667,1.397391309,6.701664,0.0851516467110997,0.774879985071007,"Low (0.5~1.5%)","Loamy (18-35%)"
"QY094",22.22495667,1.39702899,6.701664,0.0856349741507125,0.779278264771484,"Low (0.5~1.5%)","Loamy (18-35%)"
"QY094",22.22495667,1.396666671,6.701576,0.0861293375078223,0.783776971321183,"Low (0.5~1.5%)","Loamy (18-35%)"
"QY094",22.22495667,1.396304353,6.701576,0.0866117487893885,0.788166913983435,"Low (0.5~1.5%)","Loamy (18-35%)"
"QY094",22.22495667,1.395942034,6.701488,0.087105326139825,0.792658467872408,"Low (0.5~1.5%)","Loamy (18-35%)"
"QY094",22.22495667,1.395579715,6.7014,0.087598534356674,0.797146662645734,"Low (0.5~1.5%)","Loamy (18-35%)"
"QY094",22.22495667,1.395253628,6.7014,0.0880765280079926,0.801496404872733,"Low (0.5~1.5%)","Loamy (18-35%)"
"QY094",22.22495667,1.394891309,6.701312,0.0885689356462727,0.805977314381082,"Low (0.5~1.5%)","Loamy (18-35%)"
"QY094",22.22495667,1.394565222,6.701312,0.0890459630016112,0.810318263314662,"Low (0.5~1.5%)","Loamy (18-35%)"
"QY094",22.22495667,1.394239135,6.701224,0.0895344509667745,0.814763503797648,"Low (0.5~1.5%)","Loamy (18-35%)"
"QY094",22.22495667,1.393913048,6.701224,0.0900104995012262,0.819095545461158,"Low (0.5~1.5%)","Loamy (18-35%)"
"QY094",22.22495667,1.393586961,6.701136,0.090498137326193,0.823533049668357,"Low (0.5~1.5%)","Loamy (18-35%)"
"QY094",22.22495667,1.393260874,6.701048,0.090985373379929,0.827966897757354,"Low (0.5~1.5%)","Loamy (18-35%)"
"QY094",22.22495667,1.392971019,6.701048,0.0914567874041932,0.832256765378158,"Low (0.5~1.5%)","Loamy (18-35%)"
"QY094",22.22495667,1.392644932,6.70096,0.0919431599382874,0.836682755438416,"Low (0.5~1.5%)","Loamy (18-35%)"
"QY094",22.22495667,1.392355077,6.70096,0.0924135471499929,0.840963279064936,"Low (0.5~1.5%)","Loamy (18-35%)"
"QY094",22.22495667,1.392065222,6.700872,0.0928958154467715,0.84535192056562,"Low (0.5~1.5%)","Loamy (18-35%)"
"QY094",22.22495667,1.391775367,6.700872,0.0933651643213821,0.849622995324577,"Low (0.5~1.5%)","Loamy (18-35%)"
"QY094",22.22495667,1.391485512,6.700872,0.0938339718367188,0.853889143714141,"Low (0.5~1.5%)","Loamy (18-35%)"
"QY094",22.22495667,1.391231889,6.700784,0.0943115590152667,0.858235187038927,"Low (0.5~1.5%)","Loamy (18-35%)"
"QY095",30.11385444,1.460638332,5.633784,0.27018948613081,3.9717854461229,"Low (0.5~1.5%)","Loamy (18-35%)"
"QY095",29.68323629,1.443865282,5.600168,0.290534273948958,4.29990725444458,"Low (0.5~1.5%)","Loamy (18-35%)"
"QY095",29.25261813,1.42914897,5.555376,0.316939016059396,4.84916694570876,"Low (0.5~1.5%)","Loamy (18-35%)"
"QY095",28.82199997,1.417340459,5.80864,0.21913871989042,2.62966463868504,"Low (0.5~1.5%)","Loamy (18-35%)"
"QY095",28.39138182,1.403226984,5.834864,0.215439663900892,2.5852759668107,"Low (0.5~1.5%)","Loamy (18-35%)"
"QY095",27.96076366,1.390461026,5.68632,0.27593941589021,4.05630941358609,"Low (0.5~1.5%)","Loamy (18-35%)"
"QY095",27.53014551,1.378226983,5.62076,0.310552795837696,4.5961813783979,"Low (0.5~1.5%)","Loamy (18-35%)"
"QY095",27.09952735,1.366737621,5.5244,0.365837158266831,5.59730852148251,"Low (0.5~1.5%)","Loamy (18-35%)"
"QY095",26.66890919,1.355496486,5.806264,0.242122418589231,2.90546902307077,"Low (0.5~1.5%)","Loamy (18-35%)"
"QY095",26.23829104,1.344007124,5.68456,0.297864275461824,5.80835337150558,"Low (0.5~1.5%)","Loamy (18-35%)"
"QY095",25.80767288,1.332553223,5.897608,0.219380162272973,1.95248344422946,"Low (0.5~1.5%)","Loamy (18-35%)"
"QY095",25.37705473,1.325957478,5.783472,0.266398762849478,3.91606181388732,"Low (0.5~1.5%)","Loamy (18-35%)"
"QY095",24.94643657,1.321418471,5.696528,0.308958382086458,6.11737596531188,"Low (0.5~1.5%)","Loamy (18-35%)"
"QY095",24.51581842,1.315886556,5.744488,0.291367953072038,3.8751937758581,"Low (0.5~1.5%)","Loamy (18-35%)"
"QY095",24.08520026,1.310851095,5.975928,0.208758043035262,2.08758043035262,"Low (0.5~1.5%)","Loamy (18-35%)"
"QY095",23.6545821,1.312624145,5.785144,0.283344788459512,3.99516151727911,"Low (0.5~1.5%)","Loamy (18-35%)"
"QY095",23.22396395,1.315602868,5.8742,0.250354279937114,2.85403879128309,"Low (0.5~1.5%)","Loamy (18-35%)"
"QY095",22.79334579,1.309042584,5.701984,0.333108932735079,6.96197669416315,"Low (0.5~1.5%)","Loamy (18-35%)"
"QY095",22.36272764,1.30212769,5.775728,0.30324847342423,2.57761202410596,"Low (0.5~1.5%)","Loamy (18-35%)"
"QY095",21.93210948,1.296879463,5.776608,0.310081839558014,4.06207209820998,"Low (0.5~1.5%)","Loamy (18-35%)"
"QY095",21.50149132,1.29283691,5.697496,0.356973675818355,4.67635515322044,"Low (0.5~1.5%)","Loamy (18-35%)"
"QY095",21.07087317,1.289397194,5.673824,0.377433343240647,5.85021682023003,"Low (0.5~1.5%)","Loamy (18-35%)"
"QY095",20.64025501,1.286383009,5.730848,0.352567937698213,4.16030166483892,"Low (0.5~1.5%)","Loamy (18-35%)"
"QY095",20.20963686,1.281666697,5.814096,0.318012313612188,3.52993668109529,"Low (0.5~1.5%)","Loamy (18-35%)"
"QY095",19.7790187,1.275531945,5.85924,0.304554318567179,2.8932660263882,"Low (0.5~1.5%)","Loamy (18-35%)"
"QY095",19.34840055,1.273049676,5.959648,0.267542368218855,2.43463555079158,"Low (0.5~1.5%)","Loamy (18-35%)"
"QY095",18.91778239,1.27070925,6.069824,0.231693809772995,1.39016285863797,"Low (0.5~1.5%)","Loamy (18-35%)"
"QY095",18.48716423,1.269113505,5.888984,0.311935503067433,3.05696793006084,"Low (0.5~1.5%)","Loamy (18-35%)"
"QY095",18.05654608,1.267446839,6.154832,0.212189983077389,0.912416927232774,"Low (0.5~1.5%)","Loamy (18-35%)"
"QY095",17.62592792,1.26070925,5.869976,0.335624858314392,3.89324835644695,"Low (0.5~1.5%)","Sandy (<18%)"
"QY095",17.19530977,1.258510668,5.662384,0.467205227810518,4.34500861863781,"Low (0.5~1.5%)","Sandy (<18%)"
"QY095",16.76469161,1.256844001,5.609408,0.512574895708303,6.35592870678295,"Low (0.5~1.5%)","Sandy (<18%)"
"QY095",16.33407345,1.253794356,5.699344,0.45150588138653,4.28930587317203,"Low (0.5~1.5%)","Sandy (<18%)"
"QY095",15.9034553,1.249787264,5.666168,0.480648506302996,4.47003110861786,"Low (0.5~1.5%)","Sandy (<18%)"
"QY095",15.47283714,1.255496484,5.712632,0.44790680629973,4.07595193732755,"Low (0.5~1.5%)","Sandy (<18%)"
"QY095",15.47283714,1.249184427,5.722136,0.4459872357216,4.05848384506656,"Low (0.5~1.5%)","Sandy (<18%)"
"QY095",15.47283714,1.245780171,5.7356,0.439042985035073,3.99529116381916,"Low (0.5~1.5%)","Sandy (<18%)"
"QY095",15.47283714,1.242375916,5.751264,0.430806969190343,3.92034341963212,"Low (0.5~1.5%)","Sandy (<18%)"
"QY095",15.47283714,1.2389362,5.768248,0.421943667244262,3.83968737192278,"Low (0.5~1.5%)","Sandy (<18%)"
"QY095",15.47283714,1.235531944,5.786288,0.412635784575148,3.75498563963385,"Low (0.5~1.5%)","Sandy (<18%)"
"QY095",15.47283714,1.232127689,5.805296,0.402992725809971,3.66723380487073,"Low (0.5~1.5%)","Sandy (<18%)"
"QY095",15.47283714,1.228758894,5.825272,0.393034358984814,3.57661266676181,"Low (0.5~1.5%)","Sandy (<18%)"
"QY095",15.47283714,1.225461022,5.84648,0.382628546133058,3.48191976981082,"Low (0.5~1.5%)","Sandy (<18%)"
"QY095",15.47283714,1.22219861,5.868744,0.371940163877935,3.38465549128921,"Low (0.5~1.5%)","Sandy (<18%)"
"QY095",15.47283714,1.21897166,5.89224,0.360913310285025,3.28431112359373,"Low (0.5~1.5%)","Sandy (<18%)"
"QY095",15.47283714,1.215780171,5.916792,0.349691214306246,3.18219005018684,"Low (0.5~1.5%)","Sandy (<18%)"
"QY095",15.47283714,1.212659603,5.942488,0.338255069996707,3.07812113697004,"Low (0.5~1.5%)","Sandy (<18%)"
"QY095",15.47283714,1.209609958,5.969064,0.326780977993111,2.97370689973731,"Low (0.5~1.5%)","Sandy (<18%)"
"QY095",15.47283714,1.206595773,5.996344,0.3153952409152,2.87009669232832,"Low (0.5~1.5%)","Sandy (<18%)"
"QY095",15.47283714,1.20361705,6.023712,0.304400329874866,2.77004300186128,"Low (0.5~1.5%)","Sandy (<18%)"
"QY095",15.47283714,1.200709248,6.050728,0.293966100555624,2.67509151505618,"Low (0.5~1.5%)","Sandy (<18%)"
"QY095",15.47283714,1.197836908,6.0766,0.284411832803065,2.58814767850789,"Low (0.5~1.5%)","Sandy (<18%)"
"QY095",15.47283714,1.195035489,6.100624,0.275954886201909,2.51118946443737,"Low (0.5~1.5%)","Sandy (<18%)"
"QY095",15.47283714,1.192269532,6.122008,0.268844720331458,2.44648695501627,"Low (0.5~1.5%)","Sandy (<18%)"
"QY095",15.47283714,1.189574496,6.1404,0.263114313734466,2.39434025498364,"Low (0.5~1.5%)","Sandy (<18%)"
"QY095",15.47283714,1.186914922,6.155624,0.258756823348706,2.35468709247322,"Low (0.5~1.5%)","Sandy (<18%)"
"QY095",15.47283714,1.184290808,6.167856,0.255634130174581,2.32627058458869,"Low (0.5~1.5%)","Sandy (<18%)"
"QY095",15.47283714,1.181737617,6.177184,0.253654380162487,2.30825485947863,"Low (0.5~1.5%)","Sandy (<18%)"
"QY095",15.47283714,1.179219886,6.184312,0.252527178928456,2.29799732824895,"Low (0.5~1.5%)","Sandy (<18%)"
"QY095",15.47283714,1.176737617,6.189592,0.252103322003957,2.29414023023601,"Low (0.5~1.5%)","Sandy (<18%)"
"QY095",15.47283714,1.174326269,6.193376,0.252231610174779,2.29530765259049,"Low (0.5~1.5%)","Sandy (<18%)"
"QY095",15.47283714,1.171914921,6.196104,0.252762324664989,2.3001371544514,"Low (0.5~1.5%)","Sandy (<18%)"
"QY095",15.47283714,1.169574496,6.19804,0.25357428580919,2.30752600086363,"Low (0.5~1.5%)","Sandy (<18%)"
"QY095",15.47283714,1.167304992,6.19936,0.254601057724724,2.31686962529499,"Low (0.5~1.5%)","Sandy (<18%)"
"QY095",15.47283714,1.165035489,6.200328,0.255762671631458,2.32744031184627,"Low (0.5~1.5%)","Sandy (<18%)"
"QY095",15.47283714,1.162801446,6.200944,0.257050030110523,2.33915527400576,"Low (0.5~1.5%)","Sandy (<18%)"
"QY101",28.54814885,0.729214298,5.984552,0.292407191995628,4.29838572233574,"Low (0.5~1.5%)","Loamy (18-35%)"
"QY101",28.13991977,0.722928584,5.93932,0.318066448486036,4.70738343759334,"Low (0.5~1.5%)","Loamy (18-35%)"
"QY101",27.73169068,0.719357155,5.899192,0.341036916611526,5.21786482415634,"Low (0.5~1.5%)","Loamy (18-35%)"
"QY101",27.3234616,0.718607155,5.896288,0.343520169558281,4.12224203469937,"Low (0.5~1.5%)","Loamy (18-35%)"
"QY101",26.91523252,0.715428584,5.877896,0.356807157074335,4.28168588489202,"Low (0.5~1.5%)","Loamy (18-35%)"
"QY101",26.50700343,0.713571441,5.843928,0.378398920182781,5.56246412668689,"Low (0.5~1.5%)","Loamy (18-35%)"
"QY101",26.09877435,0.712107155,5.814536,0.397042606010533,5.87623056895588,"Low (0.5~1.5%)","Loamy (18-35%)"
"QY101",25.69054527,0.711321441,5.78664,0.415433159295606,6.35612733722277,"Low (0.5~1.5%)","Loamy (18-35%)"
"QY101",25.28231618,0.710607155,5.798608,0.409005129223989,4.90806155068787,"Low (0.5~1.5%)","Loamy (18-35%)"
"QY101",24.8740871,0.709321441,5.79192,0.416795400364447,8.12751030710672,"Low (0.5~1.5%)","Loamy (18-35%)"
"QY101",24.46585801,0.707928583,5.762264,0.437244679353628,3.89147764624729,"Low (0.5~1.5%)","Loamy (18-35%)"
"QY101",24.05762893,0.711214298,5.76332,0.438900018910529,6.45183027798478,"Low (0.5~1.5%)","Loamy (18-35%)"
"QY101",23.64939985,0.716392869,5.757952,0.44137616115234,8.73924799081633,"Low (0.5~1.5%)","Loamy (18-35%)"
"QY101",23.24117076,0.720250012,5.723016,0.463581685351368,6.16563641517319,"Low (0.5~1.5%)","Loamy (18-35%)"
"QY101",22.83294168,0.724428584,5.742728,0.451057345399905,4.51057345399905,"Low (0.5~1.5%)","Loamy (18-35%)"
"QY101",22.42471259,0.735214298,5.716944,0.467127425665348,6.5864967018814,"Low (0.5~1.5%)","Loamy (18-35%)"
"QY101",22.01648351,0.747178584,5.712632,0.465794743963513,5.31006008118405,"Low (0.5~1.5%)","Loamy (18-35%)"
"QY101",21.60825443,0.749321441,5.722136,0.46495435242764,9.71754596573768,"Low (0.5~1.5%)","Loamy (18-35%)"
"QY101",21.20002534,0.751035727,5.646544,0.524164677505248,4.45539975879461,"Low (0.5~1.5%)","Loamy (18-35%)"
"QY101",20.79179626,0.754214299,5.676904,0.507888461812755,6.65333884974709,"Low (0.5~1.5%)","Loamy (18-35%)"
"QY101",20.38356717,0.758464299,5.65992,0.525769890506029,6.88758556562899,"Low (0.5~1.5%)","Loamy (18-35%)"
"QY101",19.97533809,0.763107156,5.668808,0.523514003488704,8.11446705407491,"Low (0.5~1.5%)","Loamy (18-35%)"
"QY101",19.56710901,0.768035727,5.653408,0.540197979310753,6.37433615586688,"Low (0.5~1.5%)","Loamy (18-35%)"
"QY101",19.15887992,0.771071442,5.659744,0.54361917841576,6.03417288041494,"Low (0.5~1.5%)","Loamy (18-35%)"
"QY101",18.75065084,0.773035727,5.64936,0.563126337364686,5.34970020496452,"Low (0.5~1.5%)","Loamy (18-35%)"
"QY101",18.34242176,0.778250013,5.67136,0.553534107962783,5.03716038246132,"Low (0.5~1.5%)","Loamy (18-35%)"
"QY101",17.93419267,0.783464299,5.642936,0.58777609461267,3.52665656767602,"Low (0.5~1.5%)","Sandy (<18%)"
"QY101",17.52596359,0.789321442,5.666872,0.575576909859386,5.64065371662198,"Low (0.5~1.5%)","Sandy (<18%)"
"QY101",17.1177345,0.794928585,5.62648,0.617648177799287,2.65588716453694,"Low (0.5~1.5%)","Sandy (<18%)"
"QY101",16.70950542,0.795321442,5.702072,0.562045504899209,6.51972785683082,"Low (0.5~1.5%)","Sandy (<18%)"
"QY101",16.30127634,0.800142871,5.657016,0.604253430249831,5.61955690132343,"Low (0.5~1.5%)","Sandy (<18%)"
"QY101",15.89304725,0.805571442,5.671624,0.592195548735415,7.34322480431914,"Low (0.5~1.5%)","Sandy (<18%)"
"QY101",15.48481817,0.809357157,5.669864,0.5934407215531,5.63768685475445,"Low (0.5~1.5%)","Sandy (<18%)"
"QY101",15.07658908,0.812035728,5.655872,0.607185127714814,5.64682168774777,"Low (0.5~1.5%)","Sandy (<18%)"
"QY101",14.66836,0.824500014,5.663264,0.59054181352091,5.37393050304028,"Low (0.5~1.5%)","Sandy (<18%)"
"QY101",14.66836,0.824785728,5.66344,0.590198220259181,5.37080380435855,"Low (0.5~1.5%)","Sandy (<18%)"
"QY101",14.66836,0.827785728,5.665288,0.58577848475013,5.33058421122619,"Low (0.5~1.5%)","Sandy (<18%)"
"QY101",14.66836,0.830642871,5.6674,0.581356524793575,5.29034437562153,"Low (0.5~1.5%)","Sandy (<18%)"
"QY101",14.66836,0.833357157,5.669336,0.5773170588731,5.25358523574521,"Low (0.5~1.5%)","Sandy (<18%)"
"QY101",14.66836,0.835928586,5.671272,0.573493216785037,5.21878827274383,"Low (0.5~1.5%)","Sandy (<18%)"
"QY101",14.66836,0.8384643,5.67312,0.569855743432353,5.18568726523441,"Low (0.5~1.5%)","Sandy (<18%)"
"QY101",14.66836,0.840892871,5.67488,0.566463309284213,5.15481611448634,"Low (0.5~1.5%)","Sandy (<18%)"
"QY101",14.66836,0.843250014,5.676552,0.563276011222354,5.12581170212343,"Low (0.5~1.5%)","Sandy (<18%)"
"QY101",14.66836,0.845535729,5.678048,0.560362521230131,5.09929894319419,"Low (0.5~1.5%)","Sandy (<18%)"
"QY101",14.66836,0.847785729,5.679544,0.557534421249321,5.07356323336882,"Low (0.5~1.5%)","Sandy (<18%)"
"QY101",14.66836,0.850000014,5.680952,0.554863400715878,5.04925694651449,"Low (0.5~1.5%)","Sandy (<18%)"
"QY101",14.66836,0.852142872,5.682272,0.552376233585532,5.02662372562835,"Low (0.5~1.5%)","Sandy (<18%)"
"QY101",14.66836,0.854250015,5.683504,0.550037088412382,5.00533750455267,"Low (0.5~1.5%)","Sandy (<18%)"
"QY101",14.66836,0.856321443,5.684648,0.54784219794484,4.98536400129804,"Low (0.5~1.5%)","Sandy (<18%)"
"QY101",14.66836,0.858357157,5.685792,0.545715005522614,4.96600655025578,"Low (0.5~1.5%)","Sandy (<18%)"
"QY101",14.66836,0.860321443,5.686848,0.543756647303358,4.94818549046056,"Low (0.5~1.5%)","Sandy (<18%)"
"QY101",14.66836,0.862285729,5.687816,0.54190282042535,4.93131566587069,"Low (0.5~1.5%)","Sandy (<18%)"
"QY101",14.66836,0.8642143,5.688784,0.540108971935464,4.91499164461272,"Low (0.5~1.5%)","Sandy (<18%)"
"QY101",14.66836,0.866071443,5.689664,0.538475327243849,4.90012547791903,"Low (0.5~1.5%)","Sandy (<18%)"
"QY101",14.66836,0.867928586,5.690544,0.536867220872082,4.88549170993595,"Low (0.5~1.5%)","Sandy (<18%)"
"QY101",14.66836,0.869714301,5.691336,0.535414595466455,4.87227281874474,"Low (0.5~1.5%)","Sandy (<18%)"
"QY101",14.66836,0.871500015,5.69204,0.534055421968011,4.8599043399089,"Low (0.5~1.5%)","Sandy (<18%)"
"QY101",14.66836,0.873250015,5.692832,0.532674666390208,4.84733946415089,"Low (0.5~1.5%)","Sandy (<18%)"
"QY101",14.66836,0.874964301,5.693448,0.531485622125016,4.83651916133765,"Low (0.5~1.5%)","Sandy (<18%)"
"QY101",14.66836,0.876642872,5.694152,0.530271991772209,4.8254751251271,"Low (0.5~1.5%)","Sandy (<18%)"
"QY101",14.66836,0.878285729,5.694768,0.529175440411293,4.81549650774277,"Low (0.5~1.5%)","Sandy (<18%)"
"QY101",14.66836,0.879928586,5.695296,0.528165070125725,4.8063021381441,"Low (0.5~1.5%)","Sandy (<18%)"
"QY101",14.66836,0.881500015,5.695912,0.527155691352208,4.79711679130509,"Low (0.5~1.5%)","Sandy (<18%)"
"QY101",14.66836,0.883071444,5.69644,0.526230554416995,4.78869804519465,"Low (0.5~1.5%)","Sandy (<18%)"
"QY101",14.66836,0.884607158,5.696968,0.525346479659884,4.78065296490495,"Low (0.5~1.5%)","Sandy (<18%)"
"QY101",14.66836,0.886107158,5.697408,0.524572760359215,4.77361211926885,"Low (0.5~1.5%)","Sandy (<18%)"
"QY106",9.955649007,2.32979446,6.706592,0.0233848255607373,0.343756935742838,"Medium (1.5~2.5%)","Sandy (<18%)"
"QY106",9.81328652,2.298184871,6.70536,0.0242064361857226,0.358255255548694,"Medium (1.5~2.5%)","Sandy (<18%)"
"QY106",9.670924033,2.270068434,6.705008,0.024969405380495,0.382031902321573,"Medium (1.5~2.5%)","Sandy (<18%)"
"QY106",9.528561546,2.245753366,6.701576,0.0258249387565072,0.309899265078086,"Medium (1.5~2.5%)","Sandy (<18%)"
"QY106",9.386199059,2.218664326,6.700696,0.0266542675262833,0.319851210315399,"Medium (1.5~2.5%)","Sandy (<18%)"
"QY106",9.243836571,2.19352734,6.70404,0.0273031437006732,0.401356212399896,"Medium (1.5~2.5%)","Sandy (<18%)"
"QY106",9.101474084,2.169349258,6.701752,0.0281899936716973,0.417211906341121,"Medium (1.5~2.5%)","Sandy (<18%)"
"QY106",8.959111597,2.14633556,6.701928,0.0290028235206597,0.443743199866093,"Medium (1.5~2.5%)","Sandy (<18%)"
"QY106",8.81674911,2.123835561,6.698848,0.0299991168033159,0.359989401639791,"Medium (1.5~2.5%)","Sandy (<18%)"
"QY106",8.674386623,2.100958849,6.707384,0.0305251286576508,0.59524000882419,"Medium (1.5~2.5%)","Sandy (<18%)"
"QY106",8.532024136,2.078321864,6.6992,0.0318671724433825,0.283617834746104,"Medium (1.5~2.5%)","Sandy (<18%)"
"QY106",8.389661649,2.062054741,6.70184,0.032637678465169,0.479773873437984,"Medium (1.5~2.5%)","Sandy (<18%)"
"QY106",8.247299161,2.048424604,6.705712,0.0333184652339615,0.659705611632437,"Medium (1.5~2.5%)","Sandy (<18%)"
"QY106",8.104936674,2.033458851,6.70756,0.0341563955859642,0.454280061293324,"Medium (1.5~2.5%)","Sandy (<18%)"
"QY106",7.962574187,2.019212276,6.702192,0.0354192232804946,0.354192232804946,"Medium (1.5~2.5%)","Sandy (<18%)"
"QY106",7.8202117,2.013732824,6.700696,0.0363282823540365,0.512228781191915,"Medium (1.5~2.5%)","Sandy (<18%)"
"QY106",7.677849213,2.009897208,6.700872,0.0371344989039964,0.423333287505559,"Medium (1.5~2.5%)","Sandy (<18%)"
"QY106",7.535486726,1.993732825,6.709672,0.0377994778370591,0.790009086794536,"Medium (1.5~2.5%)","Sandy (<18%)"
"QY106",7.393124239,1.977465702,6.692072,0.0400500897411973,0.340425762800177,"Medium (1.5~2.5%)","Sandy (<18%)"
"QY106",7.250761751,1.963458853,6.705272,0.0404821275958014,0.530315871504998,"Medium (1.5~2.5%)","Sandy (<18%)"
"QY106",7.108399264,1.951095839,6.698408,0.0421397648487255,0.552030919518304,"Medium (1.5~2.5%)","Sandy (<18%)"
"QY106",6.966036777,1.939520497,6.707296,0.042828353363638,0.663839477136388,"Medium (1.5~2.5%)","Sandy (<18%)"
"QY106",6.82367429,1.92859584,6.7058,0.0442184423596313,0.52177761984365,"Medium (1.5~2.5%)","Sandy (<18%)"
"QY106",6.681311803,1.915513649,6.702016,0.0459087920423911,0.509587591670542,"Medium (1.5~2.5%)","Sandy (<18%)"
"QY106",6.538949316,1.90140406,6.699992,0.0475884346660657,0.452090129327624,"Medium (1.5~2.5%)","Sandy (<18%)"
"QY106",6.396586829,1.891780772,6.697352,0.049244065806569,0.448120998839778,"Medium (1.5~2.5%)","Sandy (<18%)"
"QY106",6.254224342,1.882362965,6.680544,0.052044200132769,0.312265200796614,"Medium (1.5~2.5%)","Sandy (<18%)"
"QY106",6.111861854,1.874041047,6.688552,0.0528340358798134,0.517773551622171,"Medium (1.5~2.5%)","Sandy (<18%)"
"QY106",5.969499367,1.86561639,6.677464,0.0551037874424032,0.236946286002334,"Medium (1.5~2.5%)","Sandy (<18%)"
"QY106",5.82713688,1.850787623,6.701136,0.0546937654899614,0.634447679683552,"Medium (1.5~2.5%)","Sandy (<18%)"
"QY106",5.684774393,1.841986253,6.695768,0.0563727658633733,0.524266722529372,"Medium (1.5~2.5%)","Sandy (<18%)"
"QY106",5.542411906,1.834178034,6.699112,0.057221377447888,0.709545080353811,"Medium (1.5~2.5%)","Sandy (<18%)"
"QY106",5.400049419,1.824486254,6.697264,0.058520031045853,0.555940294935604,"Medium (1.5~2.5%)","Sandy (<18%)"
"QY106",5.257686932,1.813664336,6.696648,0.0597025925258362,0.555234110490277,"Medium (1.5~2.5%)","Sandy (<18%)"
"QY106",5.115324444,1.815616391,6.69524,0.0603282345575264,0.54898693447349,"Medium (1.5~2.5%)","Sandy (<18%)"
"QY106",5.115324444,1.802054747,6.69524,0.0613259642829445,0.558066274974795,"Medium (1.5~2.5%)","Sandy (<18%)"
"QY106",5.115324444,1.792362967,6.695152,0.0621683859399133,0.565732312053211,"Medium (1.5~2.5%)","Sandy (<18%)"
"QY106",5.115324444,1.782705433,6.695064,0.0630190258873679,0.573473135575048,"Medium (1.5~2.5%)","Sandy (<18%)"
"QY106",5.115324444,1.773116392,6.695064,0.0638677570996158,0.581196589606504,"Medium (1.5~2.5%)","Sandy (<18%)"
"QY106",5.115324444,1.763630091,6.694976,0.0647298544867892,0.589041675829782,"Medium (1.5~2.5%)","Sandy (<18%)"
"QY106",5.115324444,1.75424653,6.694888,0.0655967610187273,0.596930525270418,"Medium (1.5~2.5%)","Sandy (<18%)"
"QY106",5.115324444,1.744999954,6.694888,0.0664577193687351,0.604765246255489,"Medium (1.5~2.5%)","Sandy (<18%)"
"QY106",5.115324444,1.735924612,6.6948,0.0673284048387176,0.61268848403233,"Medium (1.5~2.5%)","Sandy (<18%)"
"QY106",5.115324444,1.72695201,6.6948,0.0681942171697014,0.620567376244282,"Medium (1.5~2.5%)","Sandy (<18%)"
"QY106",5.115324444,1.71815064,6.694712,0.0690694675349569,0.628532154568108,"Medium (1.5~2.5%)","Sandy (<18%)"
"QY106",5.115324444,1.709520503,6.694624,0.069944805905645,0.63649773374137,"Medium (1.5~2.5%)","Sandy (<18%)"
"QY106",5.115324444,1.700993106,6.694624,0.0708142439503242,0.64440961994795,"Medium (1.5~2.5%)","Sandy (<18%)"
"QY106",5.115324444,1.692636942,6.694536,0.0716925792919043,0.652402471556329,"Medium (1.5~2.5%)","Sandy (<18%)"
"QY106",5.115324444,1.684452011,6.694536,0.0725603872360076,0.660299523847669,"Medium (1.5~2.5%)","Sandy (<18%)"
"QY106",5.115324444,1.676404066,6.694448,0.0734386285982574,0.668291520244143,"Medium (1.5~2.5%)","Sandy (<18%)"
"QY106",5.115324444,1.668493107,6.694448,0.0743074947486971,0.676198202213143,"Medium (1.5~2.5%)","Sandy (<18%)"
"QY106",5.115324444,1.660719135,6.69436,0.075186488574525,0.684197046028178,"Medium (1.5~2.5%)","Sandy (<18%)"
"QY106",5.115324444,1.653082149,6.69436,0.0760553230974466,0.692103440186764,"Medium (1.5~2.5%)","Sandy (<18%)"
"QY106",5.115324444,1.645616395,6.694272,0.0769318137770239,0.700079505370918,"Medium (1.5~2.5%)","Sandy (<18%)"
"QY106",5.115324444,1.638253382,6.694272,0.077799457512294,0.707975063361875,"Medium (1.5~2.5%)","Sandy (<18%)"
"QY106",5.115324444,1.631061601,6.694272,0.0786638224464118,0.715840784262347,"Medium (1.5~2.5%)","Sandy (<18%)"
"QY106",5.115324444,1.62397256,6.694184,0.0795396466625541,0.723810784629242,"Medium (1.5~2.5%)","Sandy (<18%)"
"QY106",5.115324444,1.617020506,6.694184,0.0804032692778683,0.731669750428602,"Medium (1.5~2.5%)","Sandy (<18%)"
"QY106",5.115324444,1.610205437,6.694096,0.0812757939572349,0.739609725010838,"Medium (1.5~2.5%)","Sandy (<18%)"
"QY106",5.115324444,1.603527355,6.694096,0.0821352707758746,0.747430964060459,"Medium (1.5~2.5%)","Sandy (<18%)"
"QY106",5.115324444,1.596952013,6.694008,0.0830056453709024,0.755351372875212,"Medium (1.5~2.5%)","Sandy (<18%)"
"QY106",5.115324444,1.59047941,6.694008,0.0838645950341038,0.763167814810345,"Medium (1.5~2.5%)","Sandy (<18%)"
"QY106",5.115324444,1.584178041,6.694008,0.0847179949192827,0.770933753765472,"Medium (1.5~2.5%)","Sandy (<18%)"
"QY106",5.115324444,1.577945164,6.69392,0.0855843368719532,0.778817465534774,"Medium (1.5~2.5%)","Sandy (<18%)"
"QY106",5.115324444,1.571849274,6.69392,0.0864356482413783,0.786564398996542,"Medium (1.5~2.5%)","Sandy (<18%)"
"QY106",5.115324444,1.565856123,6.69392,0.087285510923525,0.794298149404078,"Medium (1.5~2.5%)","Sandy (<18%)"
"QY107",7.723893445,1.422553225,6.091296,0.10401136892956,1.52896712326454,"Low (0.5~1.5%)","Sandy (<18%)"
"QY107",7.613444325,1.404609962,6.029256,0.117502634935532,1.73903899704588,"Low (0.5~1.5%)","Sandy (<18%)"
"QY107",7.502995204,1.389361735,5.973904,0.130913191536505,2.00297183050853,"Low (0.5~1.5%)","Sandy (<18%)"
"QY107",7.392546083,1.376985848,5.947944,0.139062344717264,1.66874813660717,"Low (0.5~1.5%)","Sandy (<18%)"
"QY107",7.282096962,1.362375919,5.916,0.149498103868816,1.79397724642579,"Low (0.5~1.5%)","Sandy (<18%)"
"QY107",7.171647841,1.349184429,5.8786,0.161767306671605,2.37797940807259,"Low (0.5~1.5%)","Sandy (<18%)"
"QY107",7.06119872,1.336631237,5.845072,0.173666130400397,2.57025872992588,"Low (0.5~1.5%)","Sandy (<18%)"
"QY107",6.950749599,1.324893648,5.8104,0.186742170164709,2.85715520352005,"Low (0.5~1.5%)","Sandy (<18%)"
"QY107",6.840300478,1.313439747,5.799664,0.193566630165038,2.32279956198045,"Low (0.5~1.5%)","Sandy (<18%)"
"QY107",6.729851357,1.301595775,5.79544,0.199223344113619,3.88485521021557,"Low (0.5~1.5%)","Sandy (<18%)"
"QY107",6.619402236,1.289822726,5.738328,0.221636664616844,1.97256631508991,"Low (0.5~1.5%)","Sandy (<18%)"
"QY107",6.508953115,1.282872371,5.748272,0.222763979008259,3.2746304914214,"Low (0.5~1.5%)","Sandy (<18%)"
"QY107",6.398503994,1.277943293,5.742024,0.228581701811268,4.52591769586312,"Low (0.5~1.5%)","Sandy (<18%)"
"QY107",6.288054873,1.271879463,5.685,0.253153150316073,3.36693689920377,"Low (0.5~1.5%)","Sandy (<18%)"
"QY107",6.177605752,1.266276626,5.682008,0.258974917159725,2.58974917159725,"Low (0.5~1.5%)","Sandy (<18%)"
"QY107",6.067156631,1.267375917,5.678048,0.264169711167147,3.72479292745677,"Low (0.5~1.5%)","Sandy (<18%)"
"QY107",5.95670751,1.269751803,5.647952,0.279577353369639,3.18718182841388,"Low (0.5~1.5%)","Sandy (<18%)"
"QY107",5.846258389,1.262482299,5.674616,0.274771153634422,5.74271711095941,"Low (0.5~1.5%)","Sandy (<18%)"
"QY107",5.735809268,1.25500003,5.554848,0.335925203260144,2.85536422771123,"Low (0.5~1.5%)","Sandy (<18%)"
"QY107",5.625360148,1.249184427,5.598232,0.321924028428029,4.21720477240718,"Low (0.5~1.5%)","Sandy (<18%)"
"QY107",5.514911027,1.244539037,5.574472,0.340424898477629,4.45956617005694,"Low (0.5~1.5%)","Sandy (<18%)"
"QY107",5.404461906,1.240425561,5.584152,0.342228515944419,5.3045419971385,"Low (0.5~1.5%)","Sandy (<18%)"
"QY107",5.294012785,1.236773079,5.543144,0.371370315229669,4.38216971971009,"Low (0.5~1.5%)","Sandy (<18%)"
"QY107",5.183563664,1.231347547,5.533816,0.385775158996663,4.28210426486296,"Low (0.5~1.5%)","Sandy (<18%)"
"QY107",5.073114543,1.22503549,5.503016,0.414832318126523,3.94090702220197,"Low (0.5~1.5%)","Sandy (<18%)"
"QY107",4.962665422,1.222127689,5.508384,0.421316437073936,3.83397957737282,"Low (0.5~1.5%)","Sandy (<18%)"
"QY107",4.852216301,1.219290809,5.440976,0.478073960979634,2.86844376587781,"Low (0.5~1.5%)","Sandy (<18%)"
"QY107",4.74176718,1.217234071,5.47952,0.460907906799442,4.51689748663453,"Low (0.5~1.5%)","Sandy (<18%)"
"QY107",4.631318059,1.21503549,5.367584,0.555676454220576,2.38940875314848,"Low (0.5~1.5%)","Sandy (<18%)"
"QY107",4.520868938,1.207836908,5.4936,0.469758665786562,5.44920052312411,"Low (0.5~1.5%)","Sandy (<18%)"
"QY107",4.410419817,1.205177333,5.439656,0.515816600324179,4.79709438301486,"Low (0.5~1.5%)","Sandy (<18%)"
"QY107",4.299970696,1.203191518,5.46368,0.502155760243062,6.22673142701397,"Low (0.5~1.5%)","Sandy (<18%)"
"QY107",4.189521575,1.199751801,5.43684,0.526582199973009,5.00253089974358,"Low (0.5~1.5%)","Sandy (<18%)"
"QY107",4.079072454,1.195319177,5.422232,0.542443430874387,5.0447239071318,"Low (0.5~1.5%)","Sandy (<18%)"
"QY107",3.968623333,1.200744709,5.41352,0.546672601287675,4.97472067171784,"Low (0.5~1.5%)","Sandy (<18%)"
"QY107",3.968623333,1.194078042,5.406128,0.555194174795408,5.05226699063822,"Low (0.5~1.5%)","Sandy (<18%)"
"QY107",3.968623333,1.190354638,5.39944,0.561283550040864,5.10768030537187,"Low (0.5~1.5%)","Sandy (<18%)"
"QY107",3.968623333,1.186560312,5.393016,0.56717868081548,5.16132599542087,"Low (0.5~1.5%)","Sandy (<18%)"
"QY107",3.968623333,1.182765985,5.386592,0.573058247546254,5.21483005267091,"Low (0.5~1.5%)","Sandy (<18%)"
"QY107",3.968623333,1.178971659,5.380168,0.578920125655928,5.26817314346895,"Low (0.5~1.5%)","Sandy (<18%)"
"QY107",3.968623333,1.175212794,5.373744,0.584738516431221,5.32112049952411,"Low (0.5~1.5%)","Sandy (<18%)"
"QY107",3.968623333,1.171489389,5.36732,0.590510681371196,5.37364720047788,"Low (0.5~1.5%)","Sandy (<18%)"
"QY107",3.968623333,1.167801446,5.360808,0.596313619137791,5.42645393415389,"Low (0.5~1.5%)","Sandy (<18%)"
"QY107",3.968623333,1.164148964,5.354384,0.601984748435995,5.47806121076755,"Low (0.5~1.5%)","Sandy (<18%)"
"QY107",3.968623333,1.160567403,5.347872,0.60765778159429,5.52968581250803,"Low (0.5~1.5%)","Sandy (<18%)"
"QY107",3.968623333,1.157056765,5.34136,0.613248555132329,5.58056185170419,"Low (0.5~1.5%)","Sandy (<18%)"
"QY107",3.968623333,1.153581588,5.334848,0.618779305351601,5.63089167869957,"Low (0.5~1.5%)","Sandy (<18%)"
"QY107",3.968623333,1.150177332,5.328248,0.624304992897117,5.68117543536377,"Low (0.5~1.5%)","Sandy (<18%)"
"QY107",3.968623333,1.146808538,5.321648,0.629765261091263,5.73086387593049,"Low (0.5~1.5%)","Sandy (<18%)"
"QY107",3.968623333,1.143510665,5.31496,0.635215911768119,5.78046479708988,"Low (0.5~1.5%)","Sandy (<18%)"
"QY107",3.968623333,1.140283715,5.308272,0.640568980440306,5.82917772200679,"Low (0.5~1.5%)","Sandy (<18%)"
"QY107",3.968623333,1.137127686,5.301496,0.645907686551486,5.87775994761852,"Low (0.5~1.5%)","Sandy (<18%)"
"QY107",3.968623333,1.134007119,5.29472,0.651169901126238,5.92564610024876,"Low (0.5~1.5%)","Sandy (<18%)"
"QY107",3.968623333,1.130922013,5.287856,0.656440689259037,5.97361027225723,"Low (0.5~1.5%)","Sandy (<18%)"
"QY107",3.968623333,1.127943289,5.280992,0.661573809539979,6.02032166681381,"Low (0.5~1.5%)","Sandy (<18%)"
"QY107",3.968623333,1.124964566,5.27404,0.666739507418798,6.06732951751106,"Low (0.5~1.5%)","Sandy (<18%)"
"QY107",3.968623333,1.122092225,5.267,0.671850692849789,6.11384130493308,"Low (0.5~1.5%)","Sandy (<18%)"
"QY107",3.968623333,1.119219885,5.259872,0.676990806684829,6.16061634083194,"Low (0.5~1.5%)","Sandy (<18%)"
"QY107",3.968623333,1.116418466,5.252744,0.682008692987544,6.20627910618665,"Low (0.5~1.5%)","Sandy (<18%)"
"QY107",3.968623333,1.11368797,5.24544,0.687085098724432,6.25247439839233,"Low (0.5~1.5%)","Sandy (<18%)"
"QY107",3.968623333,1.110992934,5.238136,0.692062412491623,6.29776795367377,"Low (0.5~1.5%)","Sandy (<18%)"
"QY107",3.968623333,1.108368821,5.230656,0.69709444434868,6.34355944357299,"Low (0.5~1.5%)","Sandy (<18%)"
"QY107",3.968623333,1.105744707,5.223176,0.702051491991755,6.38866857712497,"Low (0.5~1.5%)","Sandy (<18%)"
"QY107",3.968623333,1.103226976,5.21552,0.707028738644221,6.43396152166241,"Low (0.5~1.5%)","Sandy (<18%)"
"QY107",3.968623333,1.100709246,5.207776,0.712020531398679,6.47938683572798,"Low (0.5~1.5%)","Sandy (<18%)"
"QY107",3.968623333,1.098262437,5.199944,0.716962430679427,6.52435811918279,"Low (0.5~1.5%)","Sandy (<18%)"
"QY110",21.58848546,1.271920294,6.072904,0.159192722628893,2.34013302264472,"Low (0.5~1.5%)","Loamy (18-35%)"
"QY110",21.27977726,1.259384062,5.981296,0.186470203034978,2.75975900491767,"Low (0.5~1.5%)","Loamy (18-35%)"
"QY110",20.97106906,1.250942033,5.911688,0.209997365902069,3.21295969830166,"Low (0.5~1.5%)","Loamy (18-35%)"
"QY110",20.66236087,1.24684783,5.892768,0.217831968826944,2.61398362592332,"Low (0.5~1.5%)","Loamy (18-35%)"
"QY110",20.35365267,1.239094207,5.858976,0.232282569421838,2.78739083306206,"Low (0.5~1.5%)","Loamy (18-35%)"
"QY110",20.04494447,1.233333338,5.822632,0.24801878403314,3.64587612528716,"Low (0.5~1.5%)","Loamy (18-35%)"
"QY110",19.73623627,1.228260874,5.784352,0.264990674376599,3.92186198077367,"Low (0.5~1.5%)","Loamy (18-35%)"
"QY110",19.42752807,1.224202903,5.7532,0.279875324091966,4.28209245860708,"Low (0.5~1.5%)","Loamy (18-35%)"
"QY110",19.11881987,1.220362323,5.755752,0.280713893430503,3.36856672116603,"Low (0.5~1.5%)","Loamy (18-35%)"
"QY110",18.81011167,1.215652178,5.757336,0.283007793867515,5.51865198041655,"Low (0.5~1.5%)","Loamy (18-35%)"
"QY110",18.50140347,1.210833338,5.69776,0.312231259096525,2.77885820595907,"Low (0.5~1.5%)","Loamy (18-35%)"
"QY110",18.19269527,1.21318841,5.709816,0.308279997541155,4.53171596385498,"Low (0.5~1.5%)","Loamy (18-35%)"
"QY110",17.88398707,1.218405801,5.714656,0.306140757751762,6.06158700348489,"Low (0.5~1.5%)","Sandy (<18%)"
"QY110",17.57527887,1.221630439,5.681216,0.32231205286175,4.28675030306127,"Low (0.5~1.5%)","Sandy (<18%)"
"QY110",17.26657067,1.225398555,5.67664,0.325859044259758,3.25859044259758,"Low (0.5~1.5%)","Sandy (<18%)"
"QY110",16.95786247,1.239239135,5.655872,0.334922579726685,4.72240837414625,"Low (0.5~1.5%)","Sandy (<18%)"
"QY110",16.64915427,1.254818845,5.666344,0.327155470444506,3.72957236306737,"Low (0.5~1.5%)","Sandy (<18%)"
"QY110",16.34044607,1.255471019,5.684648,0.32180966914097,6.72582208504626,"Low (0.5~1.5%)","Sandy (<18%)"
"QY110",16.03173787,1.255507251,5.586616,0.376380512718789,3.19923435810971,"Low (0.5~1.5%)","Sandy (<18%)"
"QY110",15.72302967,1.257934787,5.628064,0.357476099564254,4.68293690429173,"Low (0.5~1.5%)","Sandy (<18%)"
"QY110",15.41432147,1.261956526,5.61328,0.368444247398361,4.82661964091854,"Low (0.5~1.5%)","Sandy (<18%)"
"QY110",15.10561327,1.266557975,5.62604,0.364322676793096,5.647001490293,"Low (0.5~1.5%)","Sandy (<18%)"
"QY110",14.79690507,1.271666671,5.607296,0.377749994589771,4.4574499361593,"Low (0.5~1.5%)","Sandy (<18%)"
"QY110",14.48819687,1.273913048,5.615568,0.378095450663023,4.19685950235956,"Low (0.5~1.5%)","Sandy (<18%)"
"QY110",14.17948867,1.274601454,5.59436,0.396910866430243,3.7706532310873,"Low (0.5~1.5%)","Sandy (<18%)"
"QY110",13.87078047,1.280253628,5.616272,0.388803662607342,3.53811332972681,"Low (0.5~1.5%)","Sandy (<18%)"
"QY110",13.56207227,1.285942033,5.575352,0.419255899029538,2.51553539417723,"Low (0.5~1.5%)","Sandy (<18%)"
"QY110",13.25336407,1.2926087,5.61636,0.398508747694166,3.90538572740283,"Low (0.5~1.5%)","Sandy (<18%)"
"QY110",12.94465587,1.298913048,5.566992,0.432996109963011,1.86188327284095,"Low (0.5~1.5%)","Sandy (<18%)"
"QY110",12.63594767,1.297318845,5.653848,0.386042777716224,4.4780962215082,"Low (0.5~1.5%)","Sandy (<18%)"
"QY110",12.32723947,1.302536236,5.592776,0.425623318702688,3.958296863935,"Low (0.5~1.5%)","Sandy (<18%)"
"QY110",12.01853127,1.308659425,5.619352,0.409892355339444,5.08266520620911,"Low (0.5~1.5%)","Sandy (<18%)"
"QY110",11.70982307,1.312355077,5.616888,0.41220370606784,3.91593520764448,"Low (0.5~1.5%)","Sandy (<18%)"
"QY110",11.40111487,1.314420294,5.590664,0.430385346419902,4.00258372170509,"Low (0.5~1.5%)","Sandy (<18%)"
"QY110",11.09240667,1.331340584,5.610992,0.411716774550529,3.74662264840981,"Low (0.5~1.5%)","Sandy (<18%)"
"QY110",11.09240667,1.32971015,5.614688,0.410317147465877,3.73388604193948,"Low (0.5~1.5%)","Sandy (<18%)"
"QY110",11.09240667,1.332318845,5.62076,0.405722179313753,3.69207183175515,"Low (0.5~1.5%)","Sandy (<18%)"
"QY110",11.09240667,1.334746381,5.627184,0.401074854686882,3.64978117765062,"Low (0.5~1.5%)","Sandy (<18%)"
"QY110",11.09240667,1.336956526,5.633608,0.39660445716621,3.60910056021251,"Low (0.5~1.5%)","Sandy (<18%)"
"QY110",11.09240667,1.339057976,5.64012,0.39220915906943,3.56910334753181,"Low (0.5~1.5%)","Sandy (<18%)"
"QY110",11.09240667,1.341050729,5.64672,0.387886658102826,3.52976858873572,"Low (0.5~1.5%)","Sandy (<18%)"
"QY110",11.09240667,1.342971019,5.65332,0.383672181699876,3.49141685346887,"Low (0.5~1.5%)","Sandy (<18%)"
"QY110",11.09240667,1.344782613,5.65992,0.379575906712161,3.45414075108066,"Low (0.5~1.5%)","Sandy (<18%)"
"QY110",11.09240667,1.346557976,5.666608,0.375516544380345,3.41720055386114,"Low (0.5~1.5%)","Sandy (<18%)"
"QY110",11.09240667,1.348297106,5.673208,0.371592787831506,3.3814943692667,"Low (0.5~1.5%)","Sandy (<18%)"
"QY110",11.09240667,1.349963773,5.679896,0.36771502549279,3.34620673198439,"Low (0.5~1.5%)","Sandy (<18%)"
"QY110",11.09240667,1.351594208,5.686496,0.363966381741396,3.3120940738467,"Low (0.5~1.5%)","Sandy (<18%)"
"QY110",11.09240667,1.35318841,5.693184,0.360246303864398,3.27824136516602,"Low (0.5~1.5%)","Sandy (<18%)"
"QY110",11.09240667,1.354746381,5.699784,0.356649714297749,3.24551240010951,"Low (0.5~1.5%)","Sandy (<18%)"
"QY110",11.09240667,1.356268121,5.706296,0.353172670795572,3.21387130423971,"Low (0.5~1.5%)","Sandy (<18%)"
"QY110",11.09240667,1.35778986,5.712808,0.349752127244747,3.1827443579272,"Low (0.5~1.5%)","Sandy (<18%)"
"QY110",11.09240667,1.359239135,5.71932,0.346411365485358,3.15234342591676,"Low (0.5~1.5%)","Sandy (<18%)"
"QY110",11.09240667,1.36068841,5.725832,0.343123505794819,3.12242390273286,"Low (0.5~1.5%)","Sandy (<18%)"
"QY110",11.09240667,1.362101454,5.732168,0.339990240252071,3.09391118629384,"Low (0.5~1.5%)","Sandy (<18%)"
"QY110",11.09240667,1.363478266,5.738504,0.336916625257656,3.06594128984467,"Low (0.5~1.5%)","Sandy (<18%)"
"QY110",11.09240667,1.364855077,5.744752,0.333933807302765,3.03879764645516,"Low (0.5~1.5%)","Sandy (<18%)"
"QY110",11.09240667,1.366195657,5.751,0.331006688605184,3.01216086630717,"Low (0.5~1.5%)","Sandy (<18%)"
"QY110",11.09240667,1.367500005,5.757072,0.328221550561324,2.98681611010805,"Low (0.5~1.5%)","Sandy (<18%)"
"QY110",11.09240667,1.368768121,5.763056,0.325530679639088,2.9623291847157,"Low (0.5~1.5%)","Sandy (<18%)"
"QY110",11.09240667,1.370036237,5.768952,0.322919980756989,2.9385718248886,"Low (0.5~1.5%)","Sandy (<18%)"
"QY110",11.09240667,1.371268121,5.77476,0.320398645712317,2.91562767598208,"Low (0.5~1.5%)","Sandy (<18%)"
"QY110",11.09240667,1.372500005,5.78048,0.317952990357565,2.89337221225384,"Low (0.5~1.5%)","Sandy (<18%)"
"QY110",11.09240667,1.373695657,5.786112,0.315592199602754,2.87188901638507,"Low (0.5~1.5%)","Sandy (<18%)"
"QY110",11.09240667,1.374855077,5.791568,0.313355936646494,2.85153902348309,"Low (0.5~1.5%)","Sandy (<18%)"
"QY110",11.09240667,1.376014498,5.796848,0.311229968524333,2.83219271357143,"Low (0.5~1.5%)","Sandy (<18%)"
"QY110",11.09240667,1.377137686,5.802128,0.309139753671305,2.81317175840888,"Low (0.5~1.5%)","Sandy (<18%)"
"QY154",20.99382481,1.684316564,6.488088,0.112796804728263,1.65811302950547,"Medium (1.5~2.5%)","Loamy (18-35%)"
"QY154",20.69362006,1.665395701,6.39164,0.133441566478341,1.97493518387945,"Medium (1.5~2.5%)","Loamy (18-35%)"
"QY154",20.39341531,1.64949642,6.3098,0.153944943821223,2.35535764046472,"Medium (1.5~2.5%)","Loamy (18-35%)"
"QY154",20.09321056,1.637482031,6.270464,0.165957207018712,1.99148648422454,"Medium (1.5~2.5%)","Loamy (18-35%)"
"QY154",19.79300581,1.622338146,6.2306,0.179591527946512,2.15509833535814,"Medium (1.5~2.5%)","Loamy (18-35%)"
"QY154",19.49280106,1.60892088,6.180968,0.196940178355917,2.89502062183197,"Medium (1.5~2.5%)","Loamy (18-35%)"
"QY154",19.19259631,1.596259009,6.13424,0.214731397615197,3.17802468470492,"Medium (1.5~2.5%)","Loamy (18-35%)"
"QY154",18.89239156,1.584496419,6.079856,0.23673045492461,3.62197596034653,"Medium (1.5~2.5%)","Loamy (18-35%)"
"QY154",18.59218682,1.573021599,6.064456,0.245851089606767,2.9502130752812,"Medium (1.5~2.5%)","Loamy (18-35%)"
"QY154",18.29198207,1.561079153,6.079504,0.24421882702355,4.76226712695922,"Medium (1.5~2.5%)","Loamy (18-35%)"
"QY154",17.99177732,1.549172678,5.975136,0.29056727098477,2.58604871176445,"Medium (1.5~2.5%)","Sandy (<18%)"
"QY154",17.69157257,1.543705052,6.005408,0.280857938110148,4.12861169021918,"Medium (1.5~2.5%)","Sandy (<18%)"
"QY154",17.39136782,1.540971239,6.001008,0.285302476963277,5.64898904387289,"Medium (1.5~2.5%)","Sandy (<18%)"
"QY154",17.09116307,1.536726635,5.888544,0.341731739627591,4.54503213704696,"Medium (1.5~2.5%)","Sandy (<18%)"
"QY154",16.79095832,1.533093541,5.883264,0.348078509972346,3.48078509972346,"Medium (1.5~2.5%)","Sandy (<18%)"
"QY154",16.49075357,1.538525196,5.892856,0.344472887671177,4.85706771616359,"Medium (1.5~2.5%)","Sandy (<18%)"
"QY154",16.19054882,1.545539584,5.821048,0.385027238856151,4.38931052296012,"Medium (1.5~2.5%)","Sandy (<18%)"
"QY154",15.89034407,1.539496419,5.899896,0.346493525662026,7.24171468633634,"Medium (1.5~2.5%)","Sandy (<18%)"
"QY154",15.59013932,1.533021599,5.680424,0.489936130175016,4.16445710648763,"Medium (1.5~2.5%)","Sandy (<18%)"
"QY154",15.28993457,1.528741023,5.770184,0.433248152940898,5.67555080352576,"Medium (1.5~2.5%)","Sandy (<18%)"
"QY154",14.98972982,1.526043181,5.72196,0.471490406375358,6.17652432351719,"Medium (1.5~2.5%)","Sandy (<18%)"
"QY154",14.68952507,1.523992821,5.750648,0.456375852886549,7.0738257197415,"Medium (1.5~2.5%)","Sandy (<18%)"
"QY154",14.38932033,1.522553973,5.673736,0.518502150950319,6.11832538121376,"Medium (1.5~2.5%)","Sandy (<18%)"
"QY154",14.08911558,1.51866908,5.6542,0.541721587083444,6.01310961662623,"Medium (1.5~2.5%)","Sandy (<18%)"
"QY154",13.78891083,1.513021598,5.59832,0.599035310374223,5.69083544855512,"Medium (1.5~2.5%)","Sandy (<18%)"
"QY154",13.48870608,1.512158289,5.602104,0.60294045909511,5.4867581777655,"Medium (1.5~2.5%)","Sandy (<18%)"
"QY154",13.18850133,1.511474836,5.468784,0.747669930392249,4.48601958235349,"Medium (1.5~2.5%)","Sandy (<18%)"
"QY154",12.88829658,1.511690663,5.49756,0.723619583295555,7.09147191629644,"Medium (1.5~2.5%)","Sandy (<18%)"
"QY154",12.58809183,1.511726634,5.325608,0.947313932266066,4.07344990874408,"Medium (1.5~2.5%)","Sandy (<18%)"
"QY154",12.28788708,1.504892102,5.512344,0.724120336353258,8.39979590169779,"Medium (1.5~2.5%)","Sandy (<18%)"
"QY154",11.98768233,1.504172677,5.429272,0.826241948866223,7.68405012445588,"Medium (1.5~2.5%)","Sandy (<18%)"
"QY154",11.68747758,1.504172677,5.449336,0.804728511193301,9.97863353879693,"Medium (1.5~2.5%)","Sandy (<18%)"
"QY154",11.38727283,1.502230231,5.380608,0.895997728944537,8.5119784249731,"Medium (1.5~2.5%)","Sandy (<18%)"
"QY154",11.08706808,1.498920879,5.34576,0.948543949557367,8.82145873088351,"Low (0.5~1.5%)","Sandy (<18%)"
"QY154",10.78686333,1.508741023,5.293224,1.01811239129822,9.26482276081378,"Medium (1.5~2.5%)","Sandy (<18%)"
"QY154",10.78686333,1.502230231,5.243416,1.10028909634305,10.0126307767217,"Medium (1.5~2.5%)","Sandy (<18%)"
"QY154",10.78686333,1.499676274,5.186304,1.19527948198385,10.8770432860531,"Low (0.5~1.5%)","Sandy (<18%)"
"QY154",10.78686333,1.497014404,5.118368,1.31888783873451,12.001879332484,"Low (0.5~1.5%)","Sandy (<18%)"
"QY154",10.78686333,1.494280591,5.034328,1.48959792484802,13.555341116117,"Low (0.5~1.5%)","Sandy (<18%)"
"QY154",10.78686333,1.491546778,4.924416,1.74690234539599,15.8968113431035,"Low (0.5~1.5%)","Sandy (<18%)"
"QY154",10.78686333,1.488812965,4.769888,2.18678055744002,19.8997030727042,"Low (0.5~1.5%)","Sandy (<18%)"
"QY154",10.78686333,1.486115123,4.55068,3.0069391387277,27.3631461624221,"Low (0.5~1.5%)","Sandy (<18%)"
"QY154",10.78686333,1.48338131,4.365176,3.89656819268265,35.4587705534121,"Low (0.5~1.5%)","Sandy (<18%)"
"QY154",10.78686333,1.48071944,4.29328,4.20945427241363,38.306033878964,"Low (0.5~1.5%)","Sandy (<18%)"
"QY154",10.78686333,1.478057569,4.271456,4.19655446650655,38.1886456452096,"Low (0.5~1.5%)","Sandy (<18%)"
"QY154",10.78686333,1.475467641,4.264328,4.08597292865153,37.1823536507289,"Low (0.5~1.5%)","Sandy (<18%)"
"QY154",10.78686333,1.472913684,4.261688,3.9500760254582,35.9456918316697,"Low (0.5~1.5%)","Sandy (<18%)"
"QY154",10.78686333,1.470359727,4.260632,3.80968628437439,34.668145187807,"Low (0.5~1.5%)","Sandy (<18%)"
"QY154",10.78686333,1.467877713,4.260104,3.67169251623447,33.4124018977337,"Low (0.5~1.5%)","Sandy (<18%)"
"QY154",10.78686333,1.46543167,4.25984,3.53790912240172,32.1949730138556,"Low (0.5~1.5%)","Sandy (<18%)"
"QY154",10.78686333,1.463057569,4.259664,3.40914333772861,31.0232043733303,"Low (0.5~1.5%)","Sandy (<18%)"
"QY154",10.78686333,1.460683468,4.259488,3.2859229723593,29.9018990484697,"Low (0.5~1.5%)","Sandy (<18%)"
"QY154",10.78686333,1.45838131,4.259312,3.16780971801856,28.8270684339689,"Low (0.5~1.5%)","Sandy (<18%)"
"QY154",10.78686333,1.456115123,4.259136,3.05471608344568,27.7979163593557,"Low (0.5~1.5%)","Sandy (<18%)"
"QY154",10.78686333,1.453848936,4.25896,2.94654162528392,26.8135287900837,"Low (0.5~1.5%)","Sandy (<18%)"
"QY154",10.78686333,1.451654691,4.258784,2.84289191827606,25.8703164563122,"Low (0.5~1.5%)","Sandy (<18%)"
"QY154",10.78686333,1.449532389,4.258696,2.74323049779772,24.9633975299592,"Low (0.5~1.5%)","Sandy (<18%)"
"QY154",10.78686333,1.447410087,4.25852,2.6483317514712,24.0998189383879,"Low (0.5~1.5%)","Sandy (<18%)"
"QY154",10.78686333,1.445323756,4.258344,2.5575277820958,23.2735028170717,"Low (0.5~1.5%)","Sandy (<18%)"
"QY154",10.78686333,1.443273396,4.258256,2.47032301188924,22.4799394081921,"Low (0.5~1.5%)","Sandy (<18%)"
"QY154",10.78686333,1.441294979,4.25808,2.38716474731455,21.7231992005624,"Low (0.5~1.5%)","Sandy (<18%)"
"QY154",10.78686333,1.439316562,4.257992,2.30739943546524,20.9973348627337,"Low (0.5~1.5%)","Sandy (<18%)"
"QY154",10.78686333,1.437410087,4.257816,2.2313588941519,20.3053659367823,"Low (0.5~1.5%)","Sandy (<18%)"
"QY154",10.78686333,1.435503612,4.257728,2.15843399782156,19.6417493801762,"Low (0.5~1.5%)","Sandy (<18%)"
"QY154",10.78686333,1.433633108,4.257552,2.08900613817601,19.0099558574017,"Low (0.5~1.5%)","Sandy (<18%)"
"QY154",10.78686333,1.431798576,4.257376,2.02263153884965,18.4059470035318,"Low (0.5~1.5%)","Sandy (<18%)"
"QY163",14.21228131,2.075178607,5.86364,0.147796872652124,2.17261402798622,"Medium (1.5~2.5%)","Sandy (<18%)"
"QY163",14.00905039,2.055250035,5.840408,0.156025391788769,2.30917579847378,"Medium (1.5~2.5%)","Sandy (<18%)"
"QY163",13.80581946,2.042107178,5.81656,0.16400869167223,2.50933298258512,"Medium (1.5~2.5%)","Sandy (<18%)"
"QY163",13.60258854,2.036071463,5.795528,0.170930843822236,2.05117012586683,"Medium (1.5~2.5%)","Sandy (<18%)"
"QY163",13.39935762,2.024035749,5.773792,0.179138577824312,2.14966293389174,"Medium (1.5~2.5%)","Sandy (<18%)"
"QY163",13.1961267,2.015250034,5.752496,0.18717128025008,2.75141781967617,"Medium (1.5~2.5%)","Sandy (<18%)"
"QY163",12.99289578,2.007642891,5.725744,0.196885803132886,2.91390988636671,"Medium (1.5~2.5%)","Sandy (<18%)"
"QY163",12.78966486,2.001642891,5.7026,0.206019710774751,3.15210157485369,"Medium (1.5~2.5%)","Sandy (<18%)"
"QY163",12.58643394,1.996000034,5.682624,0.214626376110278,2.57551651332334,"Medium (1.5~2.5%)","Sandy (<18%)"
"QY163",12.38320302,1.988928605,5.685616,0.216616583689362,4.22402338194257,"Medium (1.5~2.5%)","Sandy (<18%)"
"QY163",12.1799721,1.981678605,5.630968,0.238485207500015,2.12251834675013,"Medium (1.5~2.5%)","Sandy (<18%)"
"QY163",11.97674118,1.986178605,5.638624,0.237946600200221,3.49781502294325,"Medium (1.5~2.5%)","Sandy (<18%)"
"QY163",11.77351026,1.995392891,5.63616,0.240257324805508,4.75709503114905,"Medium (1.5~2.5%)","Sandy (<18%)"
"QY163",11.57027934,2.001357177,5.5948,0.257792949295721,3.42864622563309,"Medium (1.5~2.5%)","Sandy (<18%)"
"QY163",11.36704842,2.008250034,5.577024,0.267453732687267,2.67453732687267,"Medium (1.5~2.5%)","Sandy (<18%)"
"QY163",11.16381749,2.031607177,5.58072,0.266260058435995,3.75426682394753,"Medium (1.5~2.5%)","Sandy (<18%)"
"QY163",10.96058657,2.057857178,5.551944,0.277997112340211,3.16916708067841,"Medium (1.5~2.5%)","Sandy (<18%)"
"QY163",10.75735565,2.059642892,5.572976,0.273972420084779,5.72602357977187,"Medium (1.5~2.5%)","Sandy (<18%)"
"QY163",10.55412473,2.060428607,5.466672,0.327193925845236,2.7811483696845,"Medium (1.5~2.5%)","Sandy (<18%)"
"QY163",10.35089381,2.065000035,5.494392,0.319220745756317,4.18179176940776,"Medium (1.5~2.5%)","Sandy (<18%)"
"QY163",10.14766289,2.072250035,5.468696,0.336818381479016,4.41232079737511,"Medium (1.5~2.5%)","Sandy (<18%)"
"QY163",9.94443197,2.080464321,5.473096,0.339692124072403,5.26522792312225,"Medium (1.5~2.5%)","Sandy (<18%)"
"QY163",9.741201049,2.089500036,5.432704,0.366804210988772,4.32828968966751,"Medium (1.5~2.5%)","Sandy (<18%)"
"QY163",9.537970129,2.093821464,5.415016,0.384533237352165,4.26831893460903,"Medium (1.5~2.5%)","Sandy (<18%)"
"QY163",9.334739208,2.095607179,5.37832,0.415961477693799,3.95163403809109,"Medium (1.5~2.5%)","Sandy (<18%)"
"QY163",9.131508287,2.10553575,5.373216,0.427192972305698,3.88745604798186,"Medium (1.5~2.5%)","Sandy (<18%)"
"QY163",8.928277366,2.115464322,5.299472,0.486975372722664,2.92185223633598,"Medium (1.5~2.5%)","Sandy (<18%)"
"QY163",8.725046445,2.127035751,5.332648,0.470357093366214,4.60949951498889,"Medium (1.5~2.5%)","Sandy (<18%)"
"QY163",8.521815525,2.137964322,5.217368,0.567093554854881,2.43850228587599,"Medium (1.5~2.5%)","Sandy (<18%)"
"QY163",8.318584604,2.136000036,5.336256,0.482519766296032,5.59722928903397,"Medium (1.5~2.5%)","Sandy (<18%)"
"QY163",8.115353683,2.145142894,5.287768,0.523222290444213,4.86596730113118,"Medium (1.5~2.5%)","Sandy (<18%)"
"QY163",7.912122762,2.155785751,5.308536,0.509334702902535,6.31575031599143,"Medium (1.5~2.5%)","Sandy (<18%)"
"QY163",7.708891842,2.162428608,5.276152,0.536915912220412,5.10070116609391,"Medium (1.5~2.5%)","Sandy (<18%)"
"QY163",7.505660921,2.166392894,5.25512,0.556420479408859,5.17471045850239,"Medium (1.5~2.5%)","Sandy (<18%)"
"QY163",7.30243,2.194785752,5.242008,0.560102239549927,5.09693037990434,"Medium (1.5~2.5%)","Sandy (<18%)"
"QY163",7.30243,2.192678609,5.229424,0.571747623806404,5.20290337663827,"Medium (1.5~2.5%)","Sandy (<18%)"
"QY163",7.30243,2.197535752,5.21772,0.580278502473984,5.28053437251325,"Medium (1.5~2.5%)","Sandy (<18%)"
"QY163",7.30243,2.202000037,5.206016,0.589009999788361,5.35999099807409,"Medium (1.5~2.5%)","Sandy (<18%)"
"QY163",7.30243,2.206214323,5.194136,0.59805278265554,5.44228032216541,"Medium (1.5~2.5%)","Sandy (<18%)"
"QY163",7.30243,2.210178609,5.181904,0.607576425282435,5.52894547007016,"Medium (1.5~2.5%)","Sandy (<18%)"
"QY163",7.30243,2.213964323,5.169408,0.617485364934442,5.61911682090342,"Medium (1.5~2.5%)","Sandy (<18%)"
"QY163",7.30243,2.217607181,5.15656,0.627860155527966,5.71352741530449,"Medium (1.5~2.5%)","Sandy (<18%)"
"QY163",7.30243,2.221107181,5.14336,0.638714351893218,5.81230060222828,"Medium (1.5~2.5%)","Sandy (<18%)"
"QY163",7.30243,2.224500038,5.129808,0.650048105538144,5.91543776039711,"Medium (1.5~2.5%)","Sandy (<18%)"
"QY163",7.30243,2.227821467,5.115816,0.661949903696466,6.02374412363784,"Medium (1.5~2.5%)","Sandy (<18%)"
"QY163",7.30243,2.231035752,5.101384,0.674452472045445,6.13751749561355,"Medium (1.5~2.5%)","Sandy (<18%)"
"QY163",7.30243,2.234178609,5.086424,0.687652715392357,6.25763971007045,"Medium (1.5~2.5%)","Sandy (<18%)"
"QY163",7.30243,2.237250038,5.070936,0.701575161769106,6.38433397209886,"Medium (1.5~2.5%)","Sandy (<18%)"
"QY163",7.30243,2.240285752,5.05492,0.716230292450875,6.51769566130296,"Medium (1.5~2.5%)","Sandy (<18%)"
"QY163",7.30243,2.243214324,5.038112,0.731969247074717,6.66092014837993,"Medium (1.5~2.5%)","Sandy (<18%)"
"QY163",7.30243,2.246107181,5.020688,0.748605646615657,6.81231138420248,"Medium (1.5~2.5%)","Sandy (<18%)"
"QY163",7.30243,2.248964324,5.002384,0.766482242987126,6.97498841118285,"Medium (1.5~2.5%)","Sandy (<18%)"
"QY163",7.30243,2.251750038,4.9832,0.785671972694893,7.14961495152353,"Medium (1.5~2.5%)","Sandy (<18%)"
"QY163",7.30243,2.254464324,4.963048,0.806343911668621,7.33772959618445,"Medium (1.5~2.5%)","Sandy (<18%)"
"QY163",7.30243,2.257142896,4.941664,0.828886024991321,7.54286282742102,"Medium (1.5~2.5%)","Sandy (<18%)"
"QY163",7.30243,2.259785753,4.919048,0.853400489849755,7.76594445763278,"Medium (1.5~2.5%)","Sandy (<18%)"
"QY163",7.30243,2.262357181,4.895024,0.88025247991878,8.0102975672609,"Medium (1.5~2.5%)","Sandy (<18%)"
"QY163",7.30243,2.264892896,4.869328,0.909929900741001,8.28036209674311,"Medium (1.5~2.5%)","Sandy (<18%)"
"QY163",7.30243,2.267357181,4.841696,0.943018387042565,8.58146732208735,"Medium (1.5~2.5%)","Sandy (<18%)"
"QY163",7.30243,2.269821467,4.811776,0.980247815456781,8.92025512065671,"Medium (1.5~2.5%)","Sandy (<18%)"
"QY163",7.30243,2.272214324,4.779304,1.02240018601712,9.30384169275578,"Medium (1.5~2.5%)","Sandy (<18%)"
"QY163",7.30243,2.274535753,4.743664,1.07090219635616,9.74520998684107,"Medium (1.5~2.5%)","Sandy (<18%)"
"QY163",7.30243,2.276857182,4.704328,1.12722717120093,10.2577672579284,"Medium (1.5~2.5%)","Sandy (<18%)"
"QY163",7.30243,2.279142896,4.660504,1.19367660079508,10.8624570672352,"Medium (1.5~2.5%)","Sandy (<18%)"
"QY163",7.30243,2.281357182,4.611136,1.27354803535524,11.5892871217327,"Medium (1.5~2.5%)","Sandy (<18%)"
"QY163",7.30243,2.283535753,4.554816,1.37160628195304,12.4816171657727,"Medium (1.5~2.5%)","Sandy (<18%)"
"QY165",13.8576307,2.494857185,6.702456,0.0435362011662239,0.639982157143491,"Medium (1.5~2.5%)","Sandy (<18%)"
"QY165",13.65947117,2.465000042,6.700696,0.0448139017704921,0.663245746203282,"Medium (1.5~2.5%)","Sandy (<18%)"
"QY165",13.46131163,2.44057147,6.69876,0.046001058694029,0.703816198018644,"Medium (1.5~2.5%)","Sandy (<18%)"
"QY165",13.2631521,2.421892898,6.693392,0.0473312736223201,0.567975283467841,"Medium (1.5~2.5%)","Sandy (<18%)"
"QY165",13.06499256,2.398642898,6.69216,0.0485250238107348,0.582300285728818,"Medium (1.5~2.5%)","Sandy (<18%)"
"QY165",12.86683303,2.378178612,6.69524,0.0493513479803728,0.72546481531148,"Medium (1.5~2.5%)","Sandy (<18%)"
"QY165",12.66867349,2.358857183,6.6926,0.0505971045491261,0.748837147327066,"Medium (1.5~2.5%)","Sandy (<18%)"
"QY165",12.47051396,2.341035754,6.692336,0.0517068969079527,0.791115522691677,"Medium (1.5~2.5%)","Sandy (<18%)"
"QY165",12.27235443,2.323714325,6.688288,0.0531840538656181,0.638208646387417,"Medium (1.5~2.5%)","Sandy (<18%)"
"QY165",12.07419489,2.305500039,6.70096,0.0534281952542934,1.04184980745872,"Medium (1.5~2.5%)","Sandy (<18%)"
"QY165",11.87603536,2.287357182,6.682832,0.056283034374196,0.500919005930345,"Medium (1.5~2.5%)","Sandy (<18%)"
"QY165",11.67787582,2.278821467,6.691368,0.0567109447327787,0.833650887571847,"Medium (1.5~2.5%)","Sandy (<18%)"
"QY165",11.47971629,2.274214324,6.697968,0.0572159278305409,1.13287537104471,"Medium (1.5~2.5%)","Sandy (<18%)"
"QY165",11.28155675,2.267214324,6.692864,0.0588758045387426,0.783048200365277,"Medium (1.5~2.5%)","Sandy (<18%)"
"QY165",11.08339722,2.261142896,6.686352,0.0607521965279874,0.607521965279874,"Medium (1.5~2.5%)","Sandy (<18%)"
"QY165",10.88523768,2.26842861,6.688464,0.0614458963469711,0.866387138492292,"Medium (1.5~2.5%)","Sandy (<18%)"
"QY165",10.68707815,2.278142896,6.684416,0.0626794887543231,0.714546171799284,"Medium (1.5~2.5%)","Sandy (<18%)"
"QY165",10.48891862,2.26842861,6.70184,0.0626538886721806,1.30946627324858,"Medium (1.5~2.5%)","Sandy (<18%)"
"QY165",10.29075908,2.258142896,6.66708,0.0678322644153058,0.576574247530099,"Medium (1.5~2.5%)","Sandy (<18%)"
"QY165",10.09259955,2.251142895,6.689608,0.0672735577086343,0.88128360598311,"Medium (1.5~2.5%)","Sandy (<18%)"
"QY165",9.894440012,2.24642861,6.680192,0.0699629616123513,0.916514797121802,"Medium (1.5~2.5%)","Sandy (<18%)"
"QY165",9.696280478,2.24267861,6.692688,0.0703896325506274,1.09103930453472,"Medium (1.5~2.5%)","Sandy (<18%)"
"QY165",9.498120944,2.239750038,6.686176,0.0729020850505154,0.860244603596082,"Medium (1.5~2.5%)","Sandy (<18%)"
"QY165",9.299961409,2.233178609,6.681336,0.0755290463352963,0.838372414321789,"Medium (1.5~2.5%)","Sandy (<18%)"
"QY165",9.101801875,2.224785752,6.675088,0.0785418215143232,0.746147304386071,"Medium (1.5~2.5%)","Sandy (<18%)"
"QY165",8.90364234,2.223107181,6.673504,0.080817771331702,0.735441719118488,"Medium (1.5~2.5%)","Sandy (<18%)"
"QY165",8.705482806,2.221535752,6.642176,0.086966998012382,0.521801988074292,"Medium (1.5~2.5%)","Sandy (<18%)"
"QY165",8.507323271,2.221500038,6.661448,0.0864003739225624,0.846723664441111,"Medium (1.5~2.5%)","Sandy (<18%)"
"QY165",8.309163737,2.221035752,6.625456,0.0931716992262661,0.400638306672944,"Medium (1.5~2.5%)","Sandy (<18%)"
"QY165",8.111004202,2.210428609,6.679576,0.0880098458712705,1.02091421210674,"Medium (1.5~2.5%)","Sandy (<18%)"
"QY165",7.912844668,2.208892895,6.666552,0.0913651913520336,0.849696279573913,"Medium (1.5~2.5%)","Sandy (<18%)"
"QY165",7.714685133,2.208714323,6.675792,0.0914806340900162,1.1343598627162,"Medium (1.5~2.5%)","Sandy (<18%)"
"QY165",7.516525599,2.205464323,6.668224,0.0939636417486185,0.892654596611876,"Medium (1.5~2.5%)","Sandy (<18%)"
"QY165",7.318366064,2.200214323,6.667344,0.0954967758197459,0.888120015123637,"Medium (1.5~2.5%)","Sandy (<18%)"
"QY165",7.12020653,2.214678609,6.664792,0.0960001093696411,0.873600995263734,"Medium (1.5~2.5%)","Sandy (<18%)"
"QY165",7.12020653,2.204785752,6.664616,0.0972487762153968,0.884963863560111,"Medium (1.5~2.5%)","Sandy (<18%)"
"QY165",7.12020653,2.200714323,6.664264,0.0981868797269625,0.893500605515359,"Medium (1.5~2.5%)","Sandy (<18%)"
"QY165",7.12020653,2.196464323,6.664,0.0991260263385868,0.90204683968114,"Medium (1.5~2.5%)","Sandy (<18%)"
"QY165",7.12020653,2.19210718,6.663736,0.100075232696711,0.910684617540069,"Medium (1.5~2.5%)","Sandy (<18%)"
"QY165",7.12020653,2.187750037,6.663472,0.10102809557308,0.919355669715029,"Medium (1.5~2.5%)","Sandy (<18%)"
"QY165",7.12020653,2.18335718,6.663208,0.101986865169866,0.928080473045777,"Medium (1.5~2.5%)","Sandy (<18%)"
"QY165",7.12020653,2.178964323,6.662944,0.102949367700255,0.936839246072323,"Medium (1.5~2.5%)","Sandy (<18%)"
"QY165",7.12020653,2.17460718,6.66268,0.103913331701564,0.945611318484236,"Medium (1.5~2.5%)","Sandy (<18%)"
"QY165",7.12020653,2.170321466,6.662504,0.104862362199294,0.954247496013579,"Medium (1.5~2.5%)","Sandy (<18%)"
"QY165",7.12020653,2.166071465,6.66224,0.105826607359836,0.963022126974506,"Medium (1.5~2.5%)","Sandy (<18%)"
"QY165",7.12020653,2.161892894,6.661976,0.106789728045999,0.971786525218591,"Medium (1.5~2.5%)","Sandy (<18%)"
"QY165",7.12020653,2.157750037,6.6618,0.107739572377725,0.980430108637297,"Medium (1.5~2.5%)","Sandy (<18%)"
"QY165",7.12020653,2.153714322,6.661624,0.108685424332791,0.989037361428402,"Medium (1.5~2.5%)","Sandy (<18%)"
"QY165",7.12020653,2.149714322,6.66136,0.109646623401082,0.99778427294985,"Medium (1.5~2.5%)","Sandy (<18%)"
"QY165",7.12020653,2.145785751,6.661184,0.110591421941057,1.00638193966362,"Medium (1.5~2.5%)","Sandy (<18%)"
"QY165",7.12020653,2.141928608,6.661008,0.111534244034317,1.01496162071229,"Medium (1.5~2.5%)","Sandy (<18%)"
"QY165",7.12020653,2.138142894,6.660832,0.112474955991659,1.0235220995241,"Medium (1.5~2.5%)","Sandy (<18%)"
"QY165",7.12020653,2.134428608,6.660656,0.113413424000167,1.03206215840152,"Medium (1.5~2.5%)","Sandy (<18%)"
"QY165",7.12020653,2.130750036,6.66048,0.114352082268141,1.04060394864009,"Medium (1.5~2.5%)","Sandy (<18%)"
"QY165",7.12020653,2.127178608,6.660392,0.115270263190194,1.04895939503076,"Medium (1.5~2.5%)","Sandy (<18%)"
"QY165",7.12020653,2.123642893,6.660216,0.116203731174984,1.05745395369235,"Medium (1.5~2.5%)","Sandy (<18%)"
"QY165",7.12020653,2.120178608,6.66004,0.117134463430914,1.06592361722132,"Medium (1.5~2.5%)","Sandy (<18%)"
"QY165",7.12020653,2.11678575,6.659952,0.118046537498752,1.07422349123864,"Medium (1.5~2.5%)","Sandy (<18%)"
"QY165",7.12020653,2.113464322,6.659864,0.118955384837404,1.08249400202038,"Medium (1.5~2.5%)","Sandy (<18%)"
"QY165",7.12020653,2.110178607,6.659688,0.119879622030866,1.09090456048088,"Medium (1.5~2.5%)","Sandy (<18%)"
"QY165",7.12020653,2.106964322,6.6596,0.120784476362096,1.09913873489507,"Medium (1.5~2.5%)","Sandy (<18%)"
"QY165",7.12020653,2.103821464,6.659512,0.121685748596961,1.10734031223234,"Medium (1.5~2.5%)","Sandy (<18%)"
"QY165",7.12020653,2.100714321,6.659424,0.122586098567611,1.11553349696526,"Medium (1.5~2.5%)","Sandy (<18%)"
"QY165",7.12020653,2.097678607,6.659336,0.123482644403237,1.12369206406946,"Medium (1.5~2.5%)","Sandy (<18%)"
"QY165",7.12020653,2.094678607,6.659248,0.124378095407599,1.13184066820915,"Medium (1.5~2.5%)","Sandy (<18%)"
"QY165",7.12020653,2.091750036,6.65916,0.125269520614273,1.13995263758989,"Medium (1.5~2.5%)","Sandy (<18%)"
"QY175",33.97848605,2.280755419,6.707472,0.0305886579489968,0.449653271850254,"Medium (1.5~2.5%)","Loamy (18-35%)"
"QY175",33.49260494,2.251726642,6.706416,0.0315305996847277,0.46665287533397,"Medium (1.5~2.5%)","Loamy (18-35%)"
"QY175",33.00672383,2.226330958,6.706416,0.032379025950216,0.495399097038305,"Medium (1.5~2.5%)","Loamy (18-35%)"
"QY175",32.52084272,2.204892109,6.702984,0.0333493595724203,0.400192314869043,"Medium (1.5~2.5%)","Loamy (18-35%)"
"QY175",32.03496161,2.180467648,6.702368,0.0342708856947902,0.411250628337482,"Medium (1.5~2.5%)","Loamy (18-35%)"
"QY175",31.5490805,2.158093547,6.705008,0.0350020058078239,0.514529485375011,"Medium (1.5~2.5%)","Loamy (18-35%)"
"QY175",31.06319939,2.136618727,6.702544,0.0360044591952407,0.532865996089563,"Medium (1.5~2.5%)","Loamy (18-35%)"
"QY175",30.57731828,2.116294986,6.70228,0.0369117497679783,0.564749771450068,"Medium (1.5~2.5%)","Loamy (18-35%)"
"QY175",30.09143717,2.096474842,6.6992,0.0380145298055526,0.456174357666631,"Medium (1.5~2.5%)","Loamy (18-35%)"
"QY175",29.60555606,2.076223043,6.707824,0.0385034869657357,0.750817995831845,"Medium (1.5~2.5%)","Loamy (18-35%)"
"QY175",29.11967496,2.0561511,6.699288,0.0400338067986203,0.356300880507721,"Medium (1.5~2.5%)","Loamy (18-35%)"
"QY175",28.63379385,2.042697863,6.702016,0.0407928418627221,0.599654775382014,"Medium (1.5~2.5%)","Loamy (18-35%)"
"QY175",28.14791274,2.032050381,6.705976,0.0414208960011119,0.820133740822015,"Medium (1.5~2.5%)","Loamy (18-35%)"
"QY175",27.66203163,2.020000021,6.706856,0.0423025131155343,0.562623424436607,"Medium (1.5~2.5%)","Loamy (18-35%)"
"QY175",27.17615052,2.008669085,6.701928,0.0436032782722516,0.436032782722516,"Medium (1.5~2.5%)","Loamy (18-35%)"
"QY175",26.69026941,2.006510812,6.701136,0.0444188105860777,0.626305229263695,"Medium (1.5~2.5%)","Loamy (18-35%)"
"QY175",26.2043883,2.006187071,6.700432,0.045196058701846,0.515235069201044,"Medium (1.5~2.5%)","Loamy (18-35%)"
"QY175",25.71850719,1.993021603,6.710112,0.045684611795672,0.954808386529545,"Medium (1.5~2.5%)","Loamy (18-35%)"
"QY175",25.23262608,1.979532394,6.690576,0.0482782396755455,0.410365037242137,"Medium (1.5~2.5%)","Loamy (18-35%)"
"QY175",24.74674497,1.968345344,6.705448,0.0484000725753441,0.634040950737008,"Medium (1.5~2.5%)","Loamy (18-35%)"
"QY175",24.26086386,1.958848941,6.698232,0.0501233038227166,0.656615280077588,"Medium (1.5~2.5%)","Loamy (18-35%)"
"QY175",23.77498275,1.950107934,6.707472,0.0506216357694936,0.78463535442715,"Medium (1.5~2.5%)","Loamy (18-35%)"
"QY175",23.28910164,1.94205038,6.705624,0.0519842977416588,0.613414713351574,"Medium (1.5~2.5%)","Loamy (18-35%)"
"QY175",22.80322054,1.931726639,6.702192,0.0536262603838203,0.595251490260405,"Medium (1.5~2.5%)","Loamy (18-35%)"
"QY175",22.31733943,1.920251818,6.699728,0.055302596356916,0.525374665390702,"Medium (1.5~2.5%)","Loamy (18-35%)"
"QY175",21.83145832,1.913345343,6.698144,0.0567986331284786,0.516867561469155,"Medium (1.5~2.5%)","Loamy (18-35%)"
"QY175",21.34557721,1.906726638,6.680104,0.0597890943403529,0.358734566042118,"Medium (1.5~2.5%)","Loamy (18-35%)"
"QY175",20.8596961,1.90118707,6.688464,0.0603366109825225,0.591298787628721,"Medium (1.5~2.5%)","Loamy (18-35%)"
"QY175",20.37381499,1.895539588,6.676144,0.0627319039547594,0.269747187005465,"Medium (1.5~2.5%)","Loamy (18-35%)"
"QY175",19.88793388,1.883165487,6.70228,0.0617529424130696,0.716334131991607,"Medium (1.5~2.5%)","Loamy (18-35%)"
"QY175",19.40205277,1.876942465,6.69612,0.0634577350857427,0.590156936297407,"Medium (1.5~2.5%)","Loamy (18-35%)"
"QY175",18.91617166,1.871762609,6.699728,0.0641312765693033,0.795227829459361,"Medium (1.5~2.5%)","Loamy (18-35%)"
"QY175",18.43029055,1.864604336,6.69744,0.0653931870925555,0.621235277379277,"Medium (1.5~2.5%)","Loamy (18-35%)"
"QY175",17.94440944,1.856223041,6.697352,0.0664458634774076,0.617946530339891,"Medium (1.5~2.5%)","Sandy (<18%)"
"QY175",17.45852833,1.861151098,6.695856,0.0669389198188462,0.609144170351501,"Medium (1.5~2.5%)","Sandy (<18%)"
"QY175",17.45852833,1.849892105,6.695856,0.0678624591872778,0.617548378604228,"Medium (1.5~2.5%)","Sandy (<18%)"
"QY175",17.45852833,1.842589947,6.695768,0.0686100863287432,0.624351785591563,"Medium (1.5~2.5%)","Sandy (<18%)"
"QY175",17.45852833,1.835215846,6.69568,0.0693679724406114,0.631248549209563,"Medium (1.5~2.5%)","Sandy (<18%)"
"QY175",17.45852833,1.827913688,6.69568,0.0701195807426641,0.638088184758243,"Medium (1.5~2.5%)","Sandy (<18%)"
"QY175",17.45852833,1.82061153,6.695592,0.0708872500966251,0.645073975879288,"Medium (1.5~2.5%)","Sandy (<18%)"
"QY175",17.45852833,1.813417285,6.695592,0.071646479084287,0.651982959667011,"Medium (1.5~2.5%)","Sandy (<18%)"
"QY175",17.45852833,1.806294983,6.695504,0.0724181087237578,0.659004789386196,"Medium (1.5~2.5%)","Sandy (<18%)"
"QY175",17.45852833,1.799280594,6.695504,0.0731808161877122,0.665945427308181,"Medium (1.5~2.5%)","Sandy (<18%)"
"QY175",17.45852833,1.792374119,6.695416,0.0739539145303556,0.672980622226236,"Medium (1.5~2.5%)","Sandy (<18%)"
"QY175",17.45852833,1.785539587,6.695416,0.0747195603992674,0.679947999633334,"Medium (1.5~2.5%)","Sandy (<18%)"
"QY175",17.45852833,1.778848939,6.695328,0.0754934639561629,0.686990522001082,"Medium (1.5~2.5%)","Sandy (<18%)"
"QY175",17.45852833,1.772266205,6.695328,0.076257338759154,0.693941782708302,"Medium (1.5~2.5%)","Sandy (<18%)"
"QY175",17.45852833,1.765791385,6.69524,0.0770313098992516,0.70098492008319,"Medium (1.5~2.5%)","Sandy (<18%)"
"QY175",17.45852833,1.759424479,6.69524,0.0777946822775756,0.707931608725938,"Medium (1.5~2.5%)","Sandy (<18%)"
"QY175",17.45852833,1.753165486,6.695152,0.0785679873912965,0.714968685260798,"Medium (1.5~2.5%)","Sandy (<18%)"
"QY175",17.45852833,1.747050378,6.695152,0.0793279248812023,0.721884116418941,"Medium (1.5~2.5%)","Sandy (<18%)"
"QY175",17.45852833,1.741007212,6.695152,0.0800890728602274,0.72881056302807,"Medium (1.5~2.5%)","Sandy (<18%)"
"QY175",17.45852833,1.735107932,6.695064,0.0808576419160455,0.735804541436014,"Medium (1.5~2.5%)","Sandy (<18%)"
"QY175",17.45852833,1.729280593,6.695064,0.0816163671112177,0.742708940712081,"Medium (1.5~2.5%)","Sandy (<18%)"
"QY175",17.45852833,1.723561169,6.694976,0.082384571288585,0.749699598726123,"Medium (1.5~2.5%)","Sandy (<18%)"
"QY175",17.45852833,1.717949658,6.694976,0.0831401097168001,0.756574998422881,"Medium (1.5~2.5%)","Sandy (<18%)"
"QY175",17.45852833,1.712446061,6.694976,0.0838937101532293,0.763432762394387,"Medium (1.5~2.5%)","Sandy (<18%)"
"QY175",17.45852833,1.707050377,6.694888,0.0846564908890267,0.770374067090143,"Medium (1.5~2.5%)","Sandy (<18%)"
"QY175",17.45852833,1.701762607,6.694888,0.0854056928562291,0.777191804991685,"Medium (1.5~2.5%)","Sandy (<18%)"
"QY175",17.45852833,1.69654678,6.6948,0.0861663145220838,0.784113462150963,"Medium (1.5~2.5%)","Sandy (<18%)"
"QY175",17.45852833,1.691402895,6.6948,0.0869152721781595,0.790928976821251,"Medium (1.5~2.5%)","Sandy (<18%)"
"QY175",17.45852833,1.686402895,6.6948,0.0876588647160798,0.797695668916326,"Medium (1.5~2.5%)","Sandy (<18%)"
"QY175",17.45852833,1.681474837,6.694712,0.0884136917400346,0.804564594834315,"Medium (1.5~2.5%)","Sandy (<18%)"
"QY175",17.45852833,1.676618722,6.694712,0.0891560627703684,0.811320171210352,"Medium (1.5~2.5%)","Sandy (<18%)"
"QY175",17.45852833,1.671870521,6.694712,0.0898949940904288,0.818044446222903,"Medium (1.5~2.5%)","Sandy (<18%)"
"QY175",17.45852833,1.667194262,6.694624,0.0906450145363771,0.824869632281032,"Medium (1.5~2.5%)","Sandy (<18%)"
"QY182",15.13024811,1.596801454,6.705272,0.0233747637732459,0.343609027466715,"Medium (1.5~2.5%)","Sandy (<18%)"
"QY182",14.91389056,1.576544101,6.7036,0.024869767313554,0.3680725562406,"Medium (1.5~2.5%)","Sandy (<18%)"
"QY182",14.69753302,1.559080866,6.703336,0.0262973963590118,0.40235016429288,"Medium (1.5~2.5%)","Sandy (<18%)"
"QY182",14.48117548,1.544669101,6.699464,0.0278542480947646,0.334250977137175,"Medium (1.5~2.5%)","Sandy (<18%)"
"QY182",14.26481794,1.527904396,6.698672,0.0293940725653828,0.352728870784593,"Medium (1.5~2.5%)","Sandy (<18%)"
"QY182",14.04846039,1.512683808,6.701928,0.0307518292337564,0.452051889736219,"Medium (1.5~2.5%)","Sandy (<18%)"
"QY182",13.83210285,1.498124984,6.699464,0.0323933195376508,0.479421129157232,"Low (0.5~1.5%)","Sandy (<18%)"
"QY182",13.61574531,1.484448514,6.699552,0.034067410520933,0.521231380970275,"Low (0.5~1.5%)","Sandy (<18%)"
"QY182",13.39938777,1.471066161,6.696384,0.0360867729583707,0.433041275500449,"Low (0.5~1.5%)","Sandy (<18%)"
"QY182",13.18303022,1.457352926,6.705712,0.0376178894374053,0.733548844029403,"Low (0.5~1.5%)","Sandy (<18%)"
"QY182",12.96667268,1.44371322,6.695064,0.0404720417458161,0.360201171537763,"Low (0.5~1.5%)","Sandy (<18%)"
"QY182",12.75031514,1.435147044,6.699024,0.0425063592730647,0.624843481314051,"Low (0.5~1.5%)","Sandy (<18%)"
"QY182",12.5339576,1.428676456,6.703512,0.0445533876565102,0.882157075598903,"Low (0.5~1.5%)","Sandy (<18%)"
"QY182",12.31760006,1.421066162,6.703688,0.0470790177520425,0.626150936102165,"Low (0.5~1.5%)","Sandy (<18%)"
"QY182",12.10124251,1.414007338,6.697968,0.0502445710702122,0.502445710702122,"Low (0.5~1.5%)","Sandy (<18%)"
"QY182",11.88488497,1.413897044,6.697264,0.0529162576629679,0.746119233047847,"Low (0.5~1.5%)","Sandy (<18%)"
"QY182",11.66852743,1.415147044,6.696736,0.0556446313405578,0.634348797282359,"Low (0.5~1.5%)","Sandy (<18%)"
"QY182",11.45216989,1.406507338,6.707384,0.0581029822026805,1.21435232803602,"Low (0.5~1.5%)","Sandy (<18%)"
"QY182",11.23581234,1.397610279,6.685912,0.063668190456111,0.541179618876943,"Low (0.5~1.5%)","Sandy (<18%)"
"QY182",11.0194548,1.390477927,6.700872,0.0659848254150558,0.864401212937231,"Low (0.5~1.5%)","Sandy (<18%)"
"QY182",10.80309726,1.384558809,6.69348,0.0706204111104313,0.92512738554665,"Low (0.5~1.5%)","Sandy (<18%)"
"QY182",10.58673972,1.379227927,6.702984,0.0736220512074883,1.14114179371607,"Low (0.5~1.5%)","Sandy (<18%)"
"QY182",10.37038217,1.37441175,6.700344,0.07811500541922,0.921757063946796,"Low (0.5~1.5%)","Sandy (<18%)"
"QY182",10.15402463,1.367757339,6.696208,0.0832251097851307,0.923798718614951,"Low (0.5~1.5%)","Sandy (<18%)"
"QY182",9.93766709,1.360220574,6.692864,0.0886106185954879,0.841800876657135,"Low (0.5~1.5%)","Sandy (<18%)"
"QY182",9.721309547,1.356213221,6.690488,0.0938606665327444,0.854132065447974,"Low (0.5~1.5%)","Sandy (<18%)"
"QY182",9.504952005,1.352352927,6.67016,0.101943933042175,0.611663598253052,"Low (0.5~1.5%)","Sandy (<18%)"
"QY182",9.288594463,1.349301456,6.680984,0.104996009427178,1.02896089238634,"Low (0.5~1.5%)","Sandy (<18%)"
"QY182",9.07223692,1.346139692,6.663384,0.112343862778808,0.483078609948874,"Low (0.5~1.5%)","Sandy (<18%)"
"QY182",8.855879378,1.337794104,6.694624,0.111778029385984,1.29662514087741,"Low (0.5~1.5%)","Sandy (<18%)"
"QY182",8.639521836,1.334154398,6.687672,0.116761567847375,1.08588258098059,"Low (0.5~1.5%)","Sandy (<18%)"
"QY182",8.423164294,1.331249986,6.692248,0.119371906093763,1.48021163556267,"Low (0.5~1.5%)","Sandy (<18%)"
"QY182",8.206806751,1.326874986,6.68864,0.123286937369654,1.17122590501171,"Low (0.5~1.5%)","Sandy (<18%)"
"QY182",7.990449209,1.321470574,6.688112,0.12649097657681,1.17636608216433,"Low (0.5~1.5%)","Sandy (<18%)"
"QY182",7.774091667,1.326286751,6.686352,0.128306783887382,1.16759173337518,"Low (0.5~1.5%)","Sandy (<18%)"
"QY182",7.774091667,1.318676457,6.686176,0.130846418642425,1.19070240964607,"Low (0.5~1.5%)","Sandy (<18%)"
"QY182",7.774091667,1.314044104,6.686,0.133013784297486,1.21042543710713,"Low (0.5~1.5%)","Sandy (<18%)"
"QY182",7.774091667,1.309374986,6.685912,0.135184014677614,1.23017453356628,"Low (0.5~1.5%)","Sandy (<18%)"
"QY182",7.774091667,1.304705869,6.685736,0.137388253148828,1.25023310365434,"Low (0.5~1.5%)","Sandy (<18%)"
"QY182",7.774091667,1.300073516,6.685648,0.139584865068391,1.27022227212236,"Low (0.5~1.5%)","Sandy (<18%)"
"QY182",7.774091667,1.295441163,6.685472,0.141816168067012,1.29052712940981,"Low (0.5~1.5%)","Sandy (<18%)"
"QY182",7.774091667,1.290882339,6.685384,0.144033640681001,1.31070613019711,"Low (0.5~1.5%)","Sandy (<18%)"
"QY182",7.774091667,1.286397045,6.685208,0.146275088277767,1.33110330332768,"Low (0.5~1.5%)","Sandy (<18%)"
"QY182",7.774091667,1.281985281,6.68512,0.148501180741286,1.3513607447457,"Low (0.5~1.5%)","Sandy (<18%)"
"QY182",7.774091667,1.277610281,6.684944,0.150756716410827,1.37188611933853,"Low (0.5~1.5%)","Sandy (<18%)"
"QY182",7.774091667,1.27330881,6.684856,0.15299553692159,1.39225938598647,"Low (0.5~1.5%)","Sandy (<18%)"
"QY182",7.774091667,1.269080869,6.684768,0.155237053205115,1.41265718416654,"Low (0.5~1.5%)","Sandy (<18%)"
"QY182",7.774091667,1.264926457,6.684592,0.157501831012803,1.43326666221651,"Low (0.5~1.5%)","Sandy (<18%)"
"QY182",7.774091667,1.260845575,6.684504,0.159747500754446,1.45370225686546,"Low (0.5~1.5%)","Sandy (<18%)"
"QY182",7.774091667,1.256838222,6.684416,0.161994356260885,1.47414864197406,"Low (0.5~1.5%)","Sandy (<18%)"
"QY182",7.774091667,1.252904399,6.684328,0.164241881071246,1.49460111774834,"Low (0.5~1.5%)","Sandy (<18%)"
"QY182",7.774091667,1.249044105,6.68424,0.166489552961182,1.51505493194676,"Low (0.5~1.5%)","Sandy (<18%)"
"QY182",7.774091667,1.24525734,6.684152,0.168736843698287,1.53550527765441,"Low (0.5~1.5%)","Sandy (<18%)"
"QY182",7.774091667,1.24150734,6.683976,0.171012872976541,1.55621714408652,"Low (0.5~1.5%)","Sandy (<18%)"
"QY182",7.774091667,1.237830869,6.683888,0.173265034772385,1.5767118164287,"Low (0.5~1.5%)","Sandy (<18%)"
"QY182",7.774091667,1.234264693,6.6838,0.175508392803923,1.5971263745157,"Low (0.5~1.5%)","Sandy (<18%)"
"QY182",7.774091667,1.230735281,6.683712,0.177756317571973,1.61758248990496,"Low (0.5~1.5%)","Sandy (<18%)"
"QY182",7.774091667,1.227242634,6.683712,0.179984495790578,1.63785891169426,"Low (0.5~1.5%)","Sandy (<18%)"
"QY182",7.774091667,1.223860281,6.683624,0.182225903510053,1.65825572194148,"Low (0.5~1.5%)","Sandy (<18%)"
"QY182",7.774091667,1.220514693,6.683536,0.184470737985228,1.67868371566557,"Low (0.5~1.5%)","Sandy (<18%)"
"QY182",7.774091667,1.217242634,6.683448,0.186711189691275,1.6990718261906,"Low (0.5~1.5%)","Sandy (<18%)"
"QY182",7.774091667,1.21400734,6.68336,0.188954356915831,1.71948464793406,"Low (0.5~1.5%)","Sandy (<18%)"
"QY182",7.774091667,1.210845575,6.683272,0.191192201300783,1.73984903183712,"Low (0.5~1.5%)","Sandy (<18%)"
"QY182",7.774091667,1.20775734,6.683272,0.193398281180259,1.75992435874036,"Low (0.5~1.5%)","Sandy (<18%)"
"QY182",7.774091667,1.20470587,6.683184,0.195631507436111,1.78024671766861,"Low (0.5~1.5%)","Sandy (<18%)"
"QY182",7.774091667,1.201691164,6.683096,0.197865990207005,1.80058051088375,"Low (0.5~1.5%)","Sandy (<18%)"
"QY189",160.7599521,1.694787274,6.710464,0.0336991351947931,0.495377287363458,"Medium (1.5~2.5%)","Clay (>35%)"
"QY189",158.461138,1.677659614,6.70932,0.0346453094406411,0.512750579721489,"Medium (1.5~2.5%)","Clay (>35%)"
"QY189",156.1623238,1.664503586,6.710112,0.0353979763043019,0.541589037455819,"Medium (1.5~2.5%)","Clay (>35%)"
"QY189",153.8635097,1.655673798,6.705712,0.0363273743582106,0.435928492298527,"Medium (1.5~2.5%)","Clay (>35%)"
"QY189",151.5646956,1.643439755,6.70492,0.0371853032261632,0.446223638713959,"Medium (1.5~2.5%)","Clay (>35%)"
"QY189",149.2658814,1.633191528,6.70844,0.0377527936080363,0.554966066038134,"Medium (1.5~2.5%)","Clay (>35%)"
"QY189",146.9670673,1.623723443,6.70624,0.0386312112109776,0.571741925922468,"Medium (1.5~2.5%)","Clay (>35%)"
"QY189",144.6682532,1.615354648,6.707032,0.0393298962747213,0.601747413003235,"Medium (1.5~2.5%)","Clay (>35%)"
"QY189",142.369439,1.607340464,6.703424,0.0403095452818078,0.483714543381693,"Medium (1.5~2.5%)","Clay (>35%)"
"QY189",140.0706249,1.598581598,6.709672,0.0407482748378595,0.794591359338261,"Medium (1.5~2.5%)","Clay (>35%)"
"QY189",137.7718108,1.589787272,6.705976,0.041811983358774,0.372126651893088,"Medium (1.5~2.5%)","Clay (>35%)"
"QY189",135.4729967,1.588120605,6.705448,0.0424890545241609,0.624589101505165,"Medium (1.5~2.5%)","Clay (>35%)"
"QY189",133.1741825,1.589432662,6.708352,0.0428387041606234,0.848206342380344,"Medium (1.5~2.5%)","Clay (>35%)"
"QY189",130.8753684,1.589113513,6.713016,0.0431295335851962,0.57362279668311,"Medium (1.5~2.5%)","Clay (>35%)"
"QY189",128.5765543,1.589432662,6.707912,0.0440809378268818,0.440809378268818,"Medium (1.5~2.5%)","Clay (>35%)"
"QY189",126.2777401,1.59971635,6.705624,0.0445085877660759,0.627571087501671,"Medium (1.5~2.5%)","Clay (>35%)"
"QY189",123.978926,1.612056776,6.707296,0.0445945066814252,0.508377376168247,"Medium (1.5~2.5%)","Clay (>35%)"
"QY189",121.6801119,1.610106421,6.712312,0.0450073401585579,0.940653409313861,"Medium (1.5~2.5%)","Clay (>35%)"
"QY189",119.3812977,1.607482308,6.701752,0.0465163988402329,0.395389390141979,"Medium (1.5~2.5%)","Clay (>35%)"
"QY189",117.0824836,1.607163159,6.710552,0.0466458966906903,0.611061246648043,"Medium (1.5~2.5%)","Clay (>35%)"
"QY189",114.7836695,1.608510676,6.704568,0.0477651308058447,0.625723213556565,"Medium (1.5~2.5%)","Clay (>35%)"
"QY189",112.4848554,1.610567414,6.712048,0.0479050311316288,0.742527982540246,"Medium (1.5~2.5%)","Clay (>35%)"
"QY189",110.1860412,1.613191528,6.712224,0.0485627804334429,0.573040809114627,"Medium (1.5~2.5%)","Clay (>35%)"
"QY189",107.8872271,1.613156067,6.70844,0.0496587433033123,0.551212050666766,"Medium (1.5~2.5%)","Clay (>35%)"
"QY189",105.588413,1.611631244,6.707384,0.0506427838738971,0.481106446802022,"Medium (1.5~2.5%)","Clay (>35%)"
"QY189",103.2895988,1.615000038,6.70448,0.0515971535006184,0.469534096855627,"Medium (1.5~2.5%)","Clay (>35%)"
"QY189",100.9907847,1.618510677,6.693128,0.0532355037619883,0.31941302257193,"Medium (1.5~2.5%)","Clay (>35%)"
"QY189",98.69197058,1.623120606,6.697088,0.0535619665105678,0.524907271803564,"Medium (1.5~2.5%)","Clay (>35%)"
"QY189",96.39315645,1.627446847,6.694008,0.0544060816092948,0.233946150919968,"Medium (1.5~2.5%)","Clay (>35%)"
"QY189",94.09434232,1.624184436,6.707296,0.0542067854672351,0.628798711419927,"Medium (1.5~2.5%)","Clay (>35%)"
"QY189",91.79552819,1.627482308,6.704392,0.054969582870294,0.511217120693735,"Medium (1.5~2.5%)","Clay (>35%)"
"QY189",89.49671406,1.631773088,6.705712,0.0552982629247094,0.685698460266397,"Medium (1.5~2.5%)","Clay (>35%)"
"QY189",87.19789993,1.633794365,6.705008,0.0558364348008328,0.530446130607912,"Medium (1.5~2.5%)","Clay (>35%)"
"QY189",84.8990858,1.634255358,6.705184,0.0563303191943444,0.523871968507403,"Medium (1.5~2.5%)","Clay (>35%)"
"QY189",82.60027167,1.64932628,6.703864,0.0562323080460891,0.511714003219411,"Medium (1.5~2.5%)","Clay (>35%)"
"QY189",82.60027167,1.646524862,6.703864,0.0566813619745293,0.515800393968216,"Medium (1.5~2.5%)","Clay (>35%)"
"QY189",82.60027167,1.647730535,6.703776,0.0569534834450811,0.518276699350238,"Medium (1.5~2.5%)","Clay (>35%)"
"QY189",82.60027167,1.648723443,6.703776,0.0572271506089945,0.52076707054185,"Medium (1.5~2.5%)","Clay (>35%)"
"QY189",82.60027167,1.649609968,6.703688,0.0575127879622982,0.523366370456914,"Medium (1.5~2.5%)","Clay (>35%)"
"QY189",82.60027167,1.650354649,6.7036,0.0578044989928058,0.526020940834533,"Medium (1.5~2.5%)","Clay (>35%)"
"QY189",82.60027167,1.651028408,6.7036,0.0580912558272475,0.528630428027952,"Medium (1.5~2.5%)","Clay (>35%)"
"QY189",82.60027167,1.651666706,6.703512,0.0583869286418369,0.531321050640716,"Medium (1.5~2.5%)","Clay (>35%)"
"QY189",82.60027167,1.652234082,6.703512,0.0586776431564067,0.533966552723301,"Medium (1.5~2.5%)","Clay (>35%)"
"QY189",82.60027167,1.652765997,6.703424,0.0589774110861927,0.536694440884354,"Medium (1.5~2.5%)","Clay (>35%)"
"QY189",82.60027167,1.653297911,6.703424,0.0592688101488784,0.539346172354794,"Medium (1.5~2.5%)","Clay (>35%)"
"QY189",82.60027167,1.653758904,6.703336,0.0595710847453643,0.542096871182815,"Medium (1.5~2.5%)","Clay (>35%)"
"QY189",82.60027167,1.654255358,6.703336,0.0598632211915289,0.544755312842913,"Medium (1.5~2.5%)","Clay (>35%)"
"QY189",82.60027167,1.654716351,6.703248,0.0601646326869176,0.54749815745095,"Medium (1.5~2.5%)","Clay (>35%)"
"QY189",82.60027167,1.655141883,6.703248,0.0604592830774592,0.550179476004878,"Medium (1.5~2.5%)","Clay (>35%)"
"QY189",82.60027167,1.655567415,6.70316,0.0607615903119635,0.552930471838868,"Medium (1.5~2.5%)","Clay (>35%)"
"QY189",82.60027167,1.655992947,6.70316,0.0610553362960888,0.555603560294408,"Medium (1.5~2.5%)","Clay (>35%)"
"QY189",82.60027167,1.656383018,6.703072,0.0613585801000549,0.558363078910499,"Medium (1.5~2.5%)","Clay (>35%)"
"QY189",82.60027167,1.65680855,6.703072,0.0616514299694272,0.561028012721788,"Medium (1.5~2.5%)","Clay (>35%)"
"QY189",82.60027167,1.657198621,6.702984,0.0619538746401367,0.563780259225244,"Medium (1.5~2.5%)","Clay (>35%)"
"QY189",82.60027167,1.657553231,6.702984,0.0622493993907054,0.566469534455419,"Medium (1.5~2.5%)","Clay (>35%)"
"QY189",82.60027167,1.657943302,6.702896,0.0625510594682773,0.569214641161323,"Medium (1.5~2.5%)","Clay (>35%)"
"QY189",82.60027167,1.658297912,6.702896,0.0628457369307343,0.571896206069682,"Medium (1.5~2.5%)","Clay (>35%)"
"QY189",82.60027167,1.658687983,6.702896,0.0631381697990637,0.574557345171479,"Medium (1.5~2.5%)","Clay (>35%)"
"QY189",82.60027167,1.659042592,6.702808,0.0634404537358168,0.577308128995933,"Medium (1.5~2.5%)","Clay (>35%)"
"QY189",82.60027167,1.659397202,6.702808,0.0637338509599067,0.579978043735151,"Medium (1.5~2.5%)","Clay (>35%)"
"QY189",82.60027167,1.659716351,6.70272,0.064037210415777,0.582738614783571,"Medium (1.5~2.5%)","Clay (>35%)"
"QY189",82.60027167,1.660070961,6.70272,0.064329777174979,0.585400972292309,"Medium (1.5~2.5%)","Clay (>35%)"
"QY189",82.60027167,1.66039011,6.702632,0.0646324030100733,0.588154867391667,"Medium (1.5~2.5%)","Clay (>35%)"
"QY189",82.60027167,1.660709259,6.702632,0.0649259986884312,0.590826588064724,"Medium (1.5~2.5%)","Clay (>35%)"
"QY189",82.60027167,1.661028408,6.702632,0.0652191760722406,0.593494502257389,"Medium (1.5~2.5%)","Clay (>35%)"
"QY189",82.60027167,1.661347557,6.702544,0.0655206974110809,0.596238346440836,"Medium (1.5~2.5%)","Clay (>35%)"
"QY193",13.60463274,3.131739141,6.706944,0.0249708825723001,0.367071973812812,"High (>2.5%)","Sandy (<18%)"
"QY193",13.410091,3.093659431,6.705624,0.0256399955601618,0.379471934290394,"High (>2.5%)","Sandy (<18%)"
"QY193",13.21554925,3.061992764,6.704744,0.0262354920922217,0.401403029010991,"High (>2.5%)","Sandy (<18%)"
"QY193",13.0210075,3.037210155,6.700256,0.0269200094910253,0.323040113892303,"High (>2.5%)","Sandy (<18%)"
"QY193",12.82646575,3.006992764,6.69832,0.0275860819421852,0.331032983306223,"High (>2.5%)","Sandy (<18%)"
"QY193",12.63192401,2.980108706,6.700432,0.0280568103023968,0.412435111445233,"High (>2.5%)","Sandy (<18%)"
"QY193",12.43738226,2.954637691,6.697528,0.0287372291056426,0.42531099076351,"High (>2.5%)","Sandy (<18%)"
"QY193",12.24284051,2.931014503,6.696736,0.0293288224099271,0.448730982871885,"High (>2.5%)","Sandy (<18%)"
"QY193",12.04829876,2.908007256,6.692776,0.030076998986556,0.360923987838672,"High (>2.5%)","Sandy (<18%)"
"QY193",11.85375702,2.883985517,6.703776,0.0301817746601393,0.588544605872715,"High (>2.5%)","Sandy (<18%)"
"QY193",11.65921527,2.860108706,6.688464,0.0315246024447552,0.280568961758321,"High (>2.5%)","Sandy (<18%)"
"QY193",11.46467352,2.847644937,6.695152,0.0317023099218147,0.466023955850676,"High (>2.5%)","Sandy (<18%)"
"QY193",11.27013178,2.839855082,6.701048,0.0318534216394939,0.630697748461979,"High (>2.5%)","Sandy (<18%)"
"QY193",11.07559003,2.829311604,6.697088,0.0325317912553854,0.432672823696626,"High (>2.5%)","Sandy (<18%)"
"QY193",10.88104828,2.819855082,6.691984,0.0332838454765204,0.332838454765204,"High (>2.5%)","Sandy (<18%)"
"QY193",10.68650653,2.826304358,6.693568,0.0334701270639111,0.471928791601147,"High (>2.5%)","Sandy (<18%)"
"QY193",10.49196479,2.835615952,6.68908,0.0339291388940245,0.38679218339188,"High (>2.5%)","Sandy (<18%)"
"QY193",10.29742304,2.821992763,6.704744,0.0337355308922422,0.705072595647862,"High (>2.5%)","Sandy (<18%)"
"QY193",10.10288129,2.807717401,6.673768,0.0360146261775831,0.306124322509456,"High (>2.5%)","Sandy (<18%)"
"QY193",9.908339544,2.797355082,6.694712,0.0354926131814472,0.464953232676958,"High (>2.5%)","Sandy (<18%)"
"QY193",9.713797796,2.789782618,6.685736,0.0365573537461865,0.478901334075043,"High (>2.5%)","Sandy (<18%)"
"QY193",9.519256049,2.783369575,6.697528,0.0364804708659954,0.565447298422929,"High (>2.5%)","Sandy (<18%)"
"QY193",9.324714302,2.777934792,6.691984,0.0373714121060429,0.440982662851306,"High (>2.5%)","Sandy (<18%)"
"QY193",9.130172554,2.768260879,6.687848,0.0382966483631637,0.425092796831117,"High (>2.5%)","Sandy (<18%)"
"QY193",8.935630807,2.756449285,6.682568,0.0393650764304628,0.373968226089396,"High (>2.5%)","Sandy (<18%)"
"QY193",8.74108906,2.752608705,6.681248,0.0400810681943539,0.364737720568621,"High (>2.5%)","Sandy (<18%)"
"QY193",8.546547312,2.748985517,6.652824,0.0425225064769784,0.25513503886187,"High (>2.5%)","Sandy (<18%)"
"QY193",8.352005565,2.747137691,6.66928,0.0420644859287149,0.412231962101406,"High (>2.5%)","Sandy (<18%)"
"QY193",8.157463818,2.744891314,6.639096,0.0446271011565097,0.191896534972992,"High (>2.5%)","Sandy (<18%)"
"QY193",7.96292207,2.730615951,6.68732,0.04224637292589,0.490057925940324,"High (>2.5%)","Sandy (<18%)"
"QY193",7.768380323,2.727137691,6.67588,0.0435099221744176,0.404642276222084,"High (>2.5%)","Sandy (<18%)"
"QY193",7.573838575,2.725253633,6.6838,0.043449616043604,0.538775238940689,"High (>2.5%)","Sandy (<18%)"
"QY193",7.379296828,2.71981885,6.67764,0.0443610530324758,0.42143000380852,"High (>2.5%)","Sandy (<18%)"
"QY193",7.184755081,2.711992763,6.6772,0.0449135429371573,0.417695949315563,"High (>2.5%)","Sandy (<18%)"
"QY193",6.990213333,2.727572473,6.674736,0.0450568520772721,0.410017353903176,"High (>2.5%)","Sandy (<18%)"
"QY193",6.990213333,2.714347835,6.674648,0.0455553290978568,0.414553494790497,"High (>2.5%)","Sandy (<18%)"
"QY193",6.990213333,2.707971024,6.674472,0.04590918085214,0.417773545754474,"High (>2.5%)","Sandy (<18%)"
"QY193",6.990213333,2.701485517,6.674296,0.0462671546202049,0.421031107043865,"High (>2.5%)","Sandy (<18%)"
"QY193",6.990213333,2.694891314,6.67412,0.0466293316524128,0.424326918036956,"High (>2.5%)","Sandy (<18%)"
"QY193",6.990213333,2.688297111,6.674032,0.0469869646883476,0.427581378663963,"High (>2.5%)","Sandy (<18%)"
"QY193",6.990213333,2.681702908,6.673856,0.0473525917405042,0.430908584838588,"High (>2.5%)","Sandy (<18%)"
"QY193",6.990213333,2.675144937,6.67368,0.0477191140710314,0.434243938046386,"High (>2.5%)","Sandy (<18%)"
"QY193",6.990213333,2.66865943,6.673504,0.0480856427063582,0.43757934862786,"High (>2.5%)","Sandy (<18%)"
"QY193",6.990213333,2.662246386,6.673328,0.0484521384511606,0.440914459905561,"High (>2.5%)","Sandy (<18%)"
"QY193",6.990213333,2.655942038,6.67324,0.0488111411614548,0.444181384569239,"High (>2.5%)","Sandy (<18%)"
"QY193",6.990213333,2.649710154,6.673064,0.0491765031863928,0.447506178996175,"High (>2.5%)","Sandy (<18%)"
"QY193",6.990213333,2.643550734,6.672888,0.0495416967666983,0.450829440576955,"High (>2.5%)","Sandy (<18%)"
"QY193",6.990213333,2.637536241,6.6728,0.0498981705518034,0.454073352021411,"High (>2.5%)","Sandy (<18%)"
"QY193",6.990213333,2.631594212,6.672624,0.0502609964025355,0.457375067263073,"High (>2.5%)","Sandy (<18%)"
"QY193",6.990213333,2.625760879,6.672536,0.0506157941947067,0.460603727171831,"High (>2.5%)","Sandy (<18%)"
"QY193",6.990213333,2.620036241,6.67236,0.050975997768423,0.46388157969265,"High (>2.5%)","Sandy (<18%)"
"QY193",6.990213333,2.614420299,6.672272,0.0513279465043873,0.467084313189924,"High (>2.5%)","Sandy (<18%)"
"QY193",6.990213333,2.608913052,6.672096,0.051685265080479,0.470335912232359,"High (>2.5%)","Sandy (<18%)"
"QY193",6.990213333,2.60347827,6.672008,0.0520350728310193,0.473519162762276,"High (>2.5%)","Sandy (<18%)"
"QY193",6.990213333,2.598152183,6.67192,0.0523832230006955,0.476687329306329,"High (>2.5%)","Sandy (<18%)"
"QY193",6.990213333,2.592934792,6.671744,0.0527367023459237,0.479903991347905,"High (>2.5%)","Sandy (<18%)"
"QY193",6.990213333,2.587789864,6.671656,0.0530823737203507,0.483049600855192,"High (>2.5%)","Sandy (<18%)"
"QY193",6.990213333,2.582753632,6.671568,0.0534262059173554,0.486178473847934,"High (>2.5%)","Sandy (<18%)"
"QY193",6.990213333,2.577789864,6.67148,0.0537691462597499,0.489299230963724,"High (>2.5%)","Sandy (<18%)"
"QY193",6.990213333,2.572934791,6.671304,0.054117368459926,0.492468052985326,"High (>2.5%)","Sandy (<18%)"
"QY193",6.990213333,2.568188415,6.671216,0.0544563691969566,0.495552959692305,"High (>2.5%)","Sandy (<18%)"
"QY193",6.990213333,2.563514502,6.671128,0.0547943220395,0.49862833055945,"High (>2.5%)","Sandy (<18%)"
"QY193",6.990213333,2.558913052,6.67104,0.0551311848683393,0.501693782301888,"High (>2.5%)","Sandy (<18%)"
"QY193",6.990213333,2.554384067,6.670952,0.0554669154749958,0.504748930822462,"High (>2.5%)","Sandy (<18%)"
"QY193",6.990213333,2.549963777,6.670864,0.055800409301154,0.507783724640502,"High (>2.5%)","Sandy (<18%)"
"QY193",6.990213333,2.545615951,6.670776,0.0561326722943016,0.510807317878144,"High (>2.5%)","Sandy (<18%)"
"QY199",13.68905415,1.549321455,6.707208,0.0369543800120303,0.543229386176846,"Medium (1.5~2.5%)","Sandy (<18%)"
"QY199",13.4933052,1.532392883,6.705536,0.0389557621798261,0.576545280261426,"Medium (1.5~2.5%)","Sandy (<18%)"
"QY199",13.29755626,1.51953574,6.705096,0.040787982916727,0.624056138625923,"Medium (1.5~2.5%)","Sandy (<18%)"
"QY199",13.10180731,1.510964311,6.700432,0.0427888559121288,0.513466270945546,"Medium (1.5~2.5%)","Sandy (<18%)"
"QY199",12.90605837,1.498892883,6.699288,0.0447533010359655,0.537039612431586,"Low (0.5~1.5%)","Sandy (<18%)"
"QY199",12.71030942,1.488821454,6.702632,0.0463657609601734,0.681576686114548,"Low (0.5~1.5%)","Sandy (<18%)"
"QY199",12.51456047,1.479535739,6.700256,0.0483730627746195,0.715921329064369,"Low (0.5~1.5%)","Sandy (<18%)"
"QY199",12.31881153,1.471321454,6.700608,0.0503883383096169,0.770941576137138,"Low (0.5~1.5%)","Sandy (<18%)"
"QY199",12.12306258,1.463357168,6.696648,0.0529758820471479,0.635710584565774,"Low (0.5~1.5%)","Sandy (<18%)"
"QY199",11.92731364,1.454642882,6.705624,0.0548198595942015,1.06898726208693,"Low (0.5~1.5%)","Sandy (<18%)"
"QY199",11.73156469,1.445928596,6.695944,0.0584616016401511,0.520308254597344,"Low (0.5~1.5%)","Sandy (<18%)"
"QY199",11.53581575,1.444321453,6.698848,0.0609578226136991,0.896079992421377,"Low (0.5~1.5%)","Sandy (<18%)"
"QY199",11.3400668,1.445571453,6.703424,0.063307402929126,1.2534865779967,"Low (0.5~1.5%)","Sandy (<18%)"
"QY199",11.14431786,1.445035739,6.70448,0.0662668642723632,0.881349294822431,"Low (0.5~1.5%)","Sandy (<18%)"
"QY199",10.94856891,1.445071453,6.698408,0.0702089020021028,0.702089020021028,"Low (0.5~1.5%)","Sandy (<18%)"
"QY199",10.75281996,1.455071453,6.697704,0.0731957620884276,1.03206024544683,"Low (0.5~1.5%)","Sandy (<18%)"
"QY199",10.55707102,1.466892882,6.697176,0.0761938053557124,0.868609381055121,"Low (0.5~1.5%)","Sandy (<18%)"
"QY199",10.36132207,1.464071454,6.707296,0.0791608008115246,1.65446073696087,"Low (0.5~1.5%)","Sandy (<18%)"
"QY199",10.16557313,1.460750025,6.686968,0.0861275714938065,0.732084357697355,"Low (0.5~1.5%)","Sandy (<18%)"
"QY199",9.969824183,1.459785739,6.700784,0.0888956242364132,1.16453267749701,"Low (0.5~1.5%)","Sandy (<18%)"
"QY199",9.774075237,1.460464311,6.693304,0.0945767428777972,1.23895533169914,"Low (0.5~1.5%)","Sandy (<18%)"
"QY199",9.578326292,1.461785739,6.702808,0.0980135945726809,1.51921071587655,"Low (0.5~1.5%)","Sandy (<18%)"
"QY199",9.382577346,1.463678596,6.700256,0.10338549180134,1.21994880325582,"Low (0.5~1.5%)","Sandy (<18%)"
"QY199",9.186828401,1.462821453,6.696208,0.109588352727102,1.21643071527084,"Low (0.5~1.5%)","Sandy (<18%)"
"QY199",8.991079455,1.460464311,6.692424,0.116244061641466,1.10431858559393,"Low (0.5~1.5%)","Sandy (<18%)"
"QY199",8.79533051,1.463071453,6.68952,0.1225625460656,1.11531916919696,"Low (0.5~1.5%)","Sandy (<18%)"
"QY199",8.599581564,1.465750025,6.669104,0.132417345105037,0.794504070630224,"Low (0.5~1.5%)","Sandy (<18%)"
"QY199",8.403832619,1.469500025,6.68028,0.135516279816384,1.32805954220056,"Low (0.5~1.5%)","Sandy (<18%)"
"QY199",8.208083673,1.472892882,6.661712,0.144384901777152,0.620855077641752,"Low (0.5~1.5%)","Sandy (<18%)"
"QY199",8.012334728,1.468607168,6.693216,0.143007380649714,1.65888561553668,"Low (0.5~1.5%)","Sandy (<18%)"
"QY199",7.816585782,1.471035739,6.686528,0.148492931225018,1.38098426039267,"Low (0.5~1.5%)","Sandy (<18%)"
"QY199",7.620836837,1.474428597,6.691104,0.150921506388846,1.8714266792217,"Low (0.5~1.5%)","Sandy (<18%)"
"QY199",7.425087891,1.475464311,6.68732,0.155090753431019,1.47336215759468,"Low (0.5~1.5%)","Sandy (<18%)"
"QY199",7.229338946,1.474964311,6.686792,0.158311093776688,1.4722931721232,"Low (0.5~1.5%)","Sandy (<18%)"
"QY199",7.03359,1.489142883,6.685032,0.159286156443782,1.44950402363842,"Low (0.5~1.5%)","Sandy (<18%)"
"QY199",7.03359,1.485107168,6.684944,0.161717636582367,1.47163049289954,"Low (0.5~1.5%)","Sandy (<18%)"
"QY199",7.03359,1.48528574,6.684768,0.163559049864171,1.48838735376395,"Low (0.5~1.5%)","Sandy (<18%)"
"QY199",7.03359,1.48528574,6.684592,0.165423264416543,1.50535170619054,"Low (0.5~1.5%)","Sandy (<18%)"
"QY199",7.03359,1.485178597,6.684416,0.167300329755142,1.52243300077179,"Low (0.5~1.5%)","Sandy (<18%)"
"QY199",7.03359,1.484964311,6.684328,0.169168124965669,1.53942993718759,"Low (0.5~1.5%)","Sandy (<18%)"
"QY199",7.03359,1.484714311,6.684152,0.171061171281642,1.55665665866294,"Low (0.5~1.5%)","Sandy (<18%)"
"QY199",7.03359,1.484392882,6.683976,0.172962796502916,1.57396144817653,"Low (0.5~1.5%)","Sandy (<18%)"
"QY199",7.03359,1.48403574,6.683888,0.174844318569598,1.59108329898334,"Low (0.5~1.5%)","Sandy (<18%)"
"QY199",7.03359,1.483678597,6.683712,0.176746764535828,1.60839555727604,"Low (0.5~1.5%)","Sandy (<18%)"
"QY199",7.03359,1.483321454,6.683536,0.178646954440643,1.62568728540985,"Low (0.5~1.5%)","Sandy (<18%)"
"QY199",7.03359,1.482928597,6.683448,0.180526565909923,1.6427917497803,"Low (0.5~1.5%)","Sandy (<18%)"
"QY199",7.03359,1.48253574,6.683272,0.182427959584429,1.66009443221831,"Low (0.5~1.5%)","Sandy (<18%)"
"QY199",7.03359,1.482142882,6.683184,0.184302545020543,1.67715315968695,"Low (0.5~1.5%)","Sandy (<18%)"
"QY199",7.03359,1.481750025,6.683008,0.186199410278705,1.69441463353622,"Low (0.5~1.5%)","Sandy (<18%)"
"QY199",7.03359,1.481392882,6.68292,0.1880628792361,1.71137220104851,"Low (0.5~1.5%)","Sandy (<18%)"
"QY199",7.03359,1.481000025,6.682832,0.189929752159417,1.72836074465069,"Low (0.5~1.5%)","Sandy (<18%)"
"QY199",7.03359,1.480642882,6.682656,0.1918134484822,1.74550238118802,"Low (0.5~1.5%)","Sandy (<18%)"
"QY199",7.03359,1.480250025,6.682568,0.193675216378356,1.76244446904304,"Low (0.5~1.5%)","Sandy (<18%)"
"QY199",7.03359,1.479892882,6.68248,0.195528028207178,1.77930505668532,"Low (0.5~1.5%)","Sandy (<18%)"
"QY199",7.03359,1.479535739,6.682304,0.197404496454863,1.79638091773925,"Low (0.5~1.5%)","Sandy (<18%)"
"QY199",7.03359,1.479178597,6.682216,0.199252018665104,1.81319336985244,"Low (0.5~1.5%)","Sandy (<18%)"
"QY199",7.03359,1.478821454,6.682128,0.201096795846682,1.82998084220481,"Low (0.5~1.5%)","Sandy (<18%)"
"QY199",7.03359,1.478500025,6.68204,0.202932257735454,1.84668354539263,"Low (0.5~1.5%)","Sandy (<18%)"
"QY199",7.03359,1.478178597,6.681952,0.204764867036807,1.86336029003494,"Low (0.5~1.5%)","Sandy (<18%)"
"QY199",7.03359,1.477821454,6.681864,0.206601313744887,1.88007195507848,"Low (0.5~1.5%)","Sandy (<18%)"
"QY199",7.03359,1.477500025,6.681776,0.208428259768668,1.89669716389488,"Low (0.5~1.5%)","Sandy (<18%)"
"QY199",7.03359,1.477214311,6.681688,0.210245539980943,1.91323441382659,"Low (0.5~1.5%)","Sandy (<18%)"
"QY199",7.03359,1.476892882,6.6816,0.212066734626355,1.92980728509983,"Low (0.5~1.5%)","Sandy (<18%)"
"QY199",7.03359,1.476571454,6.681512,0.213885074472913,1.94635417770351,"Low (0.5~1.5%)","Sandy (<18%)"
"QY199",7.03359,1.476285739,6.681424,0.215693567389415,1.96281146324367,"Low (0.5~1.5%)","Sandy (<18%)"
"QY199",7.03359,1.476000025,6.681336,0.217499103339175,1.97924184038649,"Low (0.5~1.5%)","Sandy (<18%)"
"QY200",17.8117873,1.666920296,6.705976,0.0520359907757883,0.764929064404088,"Medium (1.5~2.5%)","Sandy (<18%)"
"QY200",17.55708463,1.645398556,6.70492,0.0542224022609111,0.802491553461484,"Medium (1.5~2.5%)","Sandy (<18%)"
"QY200",17.30238197,1.62663044,6.704656,0.056282793450781,0.86112673979695,"Medium (1.5~2.5%)","Sandy (<18%)"
"QY200",17.0476793,1.610833339,6.701224,0.0585506807045335,0.702608168454402,"Medium (1.5~2.5%)","Sandy (<18%)"
"QY200",16.79297664,1.592789861,6.700256,0.0607936209462876,0.729523451355451,"Medium (1.5~2.5%)","Sandy (<18%)"
"QY200",16.53827397,1.576268121,6.70316,0.0626557144100358,0.921039001827526,"Medium (1.5~2.5%)","Sandy (<18%)"
"QY200",16.2835713,1.560398556,6.700784,0.0650301738250188,0.962446572610278,"Medium (1.5~2.5%)","Sandy (<18%)"
"QY200",16.02886864,1.545434788,6.700696,0.0673821660199146,1.03094714010469,"Medium (1.5~2.5%)","Sandy (<18%)"
"QY200",15.77416597,1.530833339,6.69788,0.0702462972547327,0.842955567056792,"Medium (1.5~2.5%)","Sandy (<18%)"
"QY200",15.51946331,1.51586957,6.70712,0.072108447448662,1.40611472524891,"Medium (1.5~2.5%)","Sandy (<18%)"
"QY200",15.26476064,1.50105073,6.697088,0.0763179246379004,0.679229529277313,"Medium (1.5~2.5%)","Sandy (<18%)"
"QY200",15.01005798,1.491231889,6.700784,0.0789792476766505,1.16099494084676,"Low (0.5~1.5%)","Sandy (<18%)"
"QY200",14.75535531,1.483478266,6.70492,0.0816192517145042,1.61606118394718,"Low (0.5~1.5%)","Sandy (<18%)"
"QY200",14.50065264,1.474637686,6.704304,0.0851237098741145,1.13214534132572,"Low (0.5~1.5%)","Sandy (<18%)"
"QY200",14.24594998,1.466376817,6.699376,0.0894872323488313,0.894872323488313,"Low (0.5~1.5%)","Sandy (<18%)"
"QY200",13.99124731,1.465000005,6.698936,0.0929837602146979,1.31107101902724,"Low (0.5~1.5%)","Sandy (<18%)"
"QY200",13.73654465,1.464927541,6.697616,0.09668727358962,1.10223491892167,"Low (0.5~1.5%)","Sandy (<18%)"
"QY200",13.48184198,1.455144933,6.709056,0.0996022040169352,2.08168606395395,"Low (0.5~1.5%)","Sandy (<18%)"
"QY200",13.22713932,1.445144933,6.68644,0.108059957842841,0.918509641664145,"Low (0.5~1.5%)","Sandy (<18%)"
"QY200",12.97243665,1.436884063,6.703336,0.110422725701243,1.44653770668628,"Low (0.5~1.5%)","Sandy (<18%)"
"QY200",12.71773399,1.429891309,6.695856,0.116954045091127,1.53209799069377,"Low (0.5~1.5%)","Sandy (<18%)"
"QY200",12.46303132,1.423442034,6.705624,0.120666877785506,1.87033660567535,"Low (0.5~1.5%)","Sandy (<18%)"
"QY200",12.20832865,1.417536237,6.702984,0.126832744914725,1.49662638999376,"Low (0.5~1.5%)","Sandy (<18%)"
"QY200",11.95362599,1.409855077,6.699464,0.133799600844077,1.48517556936925,"Low (0.5~1.5%)","Sandy (<18%)"
"QY200",11.69892332,1.401340585,6.696208,0.141237100871236,1.34175245827674,"Low (0.5~1.5%)","Sandy (<18%)"
"QY200",11.44422066,1.396268121,6.694888,0.148208075294602,1.34869348518088,"Low (0.5~1.5%)","Sandy (<18%)"
"QY200",11.18951799,1.391376816,6.675,0.159726458154113,0.958358748924678,"Low (0.5~1.5%)","Sandy (<18%)"
"QY200",10.93481533,1.387318845,6.684944,0.163742605994685,1.60467753874791,"Low (0.5~1.5%)","Sandy (<18%)"
"QY200",10.68011266,1.383152179,6.669456,0.173759399391508,0.747165417383486,"Low (0.5~1.5%)","Sandy (<18%)"
"QY200",10.42540999,1.373876816,6.699904,0.172315541372055,1.99886027991583,"Low (0.5~1.5%)","Sandy (<18%)"
"QY200",10.17070733,1.369311599,6.692688,0.179409877379214,1.66851185962669,"Low (0.5~1.5%)","Sandy (<18%)"
"QY200",9.916004664,1.365471019,6.697352,0.182817331244887,2.2669349074366,"Low (0.5~1.5%)","Sandy (<18%)"
"QY200",9.661301998,1.360181164,6.694008,0.188234309863822,1.78822594370631,"Low (0.5~1.5%)","Sandy (<18%)"
"QY200",9.406599332,1.353913048,6.693744,0.192620990109938,1.79137520802242,"Low (0.5~1.5%)","Sandy (<18%)"
"QY200",9.151896667,1.357717396,6.692424,0.194977604114587,1.77429619744274,"Low (0.5~1.5%)","Sandy (<18%)"
"QY200",9.151896667,1.349275367,6.692424,0.198486321108707,1.80622552208923,"Low (0.5~1.5%)","Sandy (<18%)"
"QY200",9.151896667,1.343804352,6.692248,0.201499210564238,1.83364281613456,"Low (0.5~1.5%)","Sandy (<18%)"
"QY200",9.151896667,1.338297106,6.692248,0.204491315774632,1.86087097354915,"Low (0.5~1.5%)","Sandy (<18%)"
"QY200",9.151896667,1.332826092,6.69216,0.207529145359261,1.88851522276928,"Low (0.5~1.5%)","Sandy (<18%)"
"QY200",9.151896667,1.327391309,6.692072,0.21058559365696,1.91632890227833,"Low (0.5~1.5%)","Sandy (<18%)"
"QY200",9.151896667,1.32202899,6.692072,0.213624124158793,1.94397952984501,"Low (0.5~1.5%)","Sandy (<18%)"
"QY200",9.151896667,1.316702903,6.691984,0.216708964540526,1.97205157731879,"Low (0.5~1.5%)","Sandy (<18%)"
"QY200",9.151896667,1.31144928,6.691896,0.219803632532491,2.00021305604567,"Low (0.5~1.5%)","Sandy (<18%)"
"QY200",9.151896667,1.306304352,6.691896,0.222869470035674,2.02811217732463,"Low (0.5~1.5%)","Sandy (<18%)"
"QY200",9.151896667,1.301195657,6.691808,0.225981589316715,2.05643246278211,"Low (0.5~1.5%)","Sandy (<18%)"
"QY200",9.151896667,1.296195657,6.691808,0.229062582768581,2.08446950319409,"Low (0.5~1.5%)","Sandy (<18%)"
"QY200",9.151896667,1.291304352,6.69172,0.232172327796606,2.11276818294911,"Low (0.5~1.5%)","Sandy (<18%)"
"QY200",9.151896667,1.28644928,6.691632,0.235297260933684,2.14120507449652,"Low (0.5~1.5%)","Sandy (<18%)"
"QY200",9.151896667,1.281702903,6.691632,0.238387240847183,2.16932389170936,"Low (0.5~1.5%)","Sandy (<18%)"
"QY200",9.151896667,1.277065222,6.691544,0.241504599787251,2.19769185806399,"Low (0.5~1.5%)","Sandy (<18%)"
"QY200",9.151896667,1.272463773,6.691544,0.244602680323067,2.22588439093991,"Low (0.5~1.5%)","Sandy (<18%)"
"QY200",9.151896667,1.267971019,6.691456,0.247727353026486,2.25431891254103,"Low (0.5~1.5%)","Sandy (<18%)"
"QY200",9.151896667,1.263550729,6.691456,0.250821243784704,2.28247331844081,"Low (0.5~1.5%)","Sandy (<18%)"
"QY200",9.151896667,1.259202903,6.691368,0.253950403912129,2.31094867560038,"Low (0.5~1.5%)","Sandy (<18%)"
"QY200",9.151896667,1.254963772,6.691368,0.257036627251239,2.33903330798628,"Low (0.5~1.5%)","Sandy (<18%)"
"QY200",9.151896667,1.250797106,6.69128,0.260157271146589,2.36743116743396,"Low (0.5~1.5%)","Sandy (<18%)"
"QY200",9.151896667,1.246666671,6.69128,0.263252644190948,2.39559906213763,"Low (0.5~1.5%)","Sandy (<18%)"
"QY200",9.151896667,1.242644932,6.691192,0.26637171528522,2.4239826090955,"Low (0.5~1.5%)","Sandy (<18%)"
"QY200",9.151896667,1.238695656,6.691192,0.269452982458897,2.45202214037596,"Low (0.5~1.5%)","Sandy (<18%)"
"QY200",9.151896667,1.234818845,6.691104,0.272567435490821,2.48036366296647,"Low (0.5~1.5%)","Sandy (<18%)"
"QY200",9.151896667,1.230978265,6.691104,0.275652647104482,2.50843908865079,"Low (0.5~1.5%)","Sandy (<18%)"
"QY200",9.151896667,1.227246381,6.691104,0.278722360839811,2.53637348364228,"Low (0.5~1.5%)","Sandy (<18%)"
"QY200",9.151896667,1.223550729,6.691016,0.281835435105664,2.56470245946155,"Low (0.5~1.5%)","Sandy (<18%)"
"QY200",9.151896667,1.219963772,6.691016,0.284893832292926,2.59253387386563,"Low (0.5~1.5%)","Sandy (<18%)"
"QY200",9.151896667,1.216413048,6.690928,0.287995196160568,2.62075628506117,"Low (0.5~1.5%)","Sandy (<18%)"
"QY200",9.151896667,1.212934787,6.690928,0.291050853239597,2.64856276448033,"Low (0.5~1.5%)","Sandy (<18%)"
"QY207",22.82929455,2.628043487,6.281024,0.0296696225498623,0.436143451482976,"High (>2.5%)","Loamy (18-35%)"
"QY207",22.50284319,2.600833342,6.182904,0.0356458140415368,0.527558047814744,"High (>2.5%)","Loamy (18-35%)"
"QY207",22.17639183,2.579746386,6.109952,0.0410529230430139,0.628109722558113,"High (>2.5%)","Loamy (18-35%)"
"QY207",21.84994048,2.565905806,6.07572,0.0444140364004502,0.532968436805403,"High (>2.5%)","Loamy (18-35%)"
"QY207",21.52348912,2.546014502,6.039728,0.0483378160899006,0.580053793078807,"High (>2.5%)","Loamy (18-35%)"
"QY207",21.19703776,2.529420299,5.995816,0.0531311084558878,0.781027294301551,"High (>2.5%)","Loamy (18-35%)"
"QY207",20.8705864,2.514094212,5.955864,0.0579681162147879,0.85792811997886,"High (>2.5%)","Loamy (18-35%)"
"QY207",20.54413504,2.500362327,5.915296,0.0632613804751244,0.967899121269403,"High (>2.5%)","Loamy (18-35%)"
"QY207",20.21768368,2.487065226,5.906232,0.0657802626321709,0.789363151586051,"Medium (1.5~2.5%)","Loamy (18-35%)"
"QY207",19.89123232,2.472681168,5.89708,0.0685489465431602,1.33670445759162,"Medium (1.5~2.5%)","Loamy (18-35%)"
"QY207",19.56478096,2.458188414,5.839616,0.0768294296177602,0.683781923598066,"Medium (1.5~2.5%)","Loamy (18-35%)"
"QY207",19.2383296,2.455760878,5.84912,0.0774326933002721,1.138260591514,"Medium (1.5~2.5%)","Loamy (18-35%)"
"QY207",18.91187824,2.458260878,5.839704,0.0800847079766211,1.5856772179371,"Medium (1.5~2.5%)","Loamy (18-35%)"
"QY207",18.58542688,2.4577174,5.774584,0.0902685063657425,1.20057113466438,"Medium (1.5~2.5%)","Loamy (18-35%)"
"QY207",18.25897552,2.458260878,5.781008,0.0913321821151464,0.913321821151464,"Medium (1.5~2.5%)","Loamy (18-35%)"
"QY207",17.93252416,2.475688414,5.771592,0.093929206941914,1.32440181788099,"Medium (1.5~2.5%)","Sandy (<18%)"
"QY207",17.6060728,2.496050733,5.737624,0.100084022041448,1.14095785127251,"Medium (1.5~2.5%)","Sandy (<18%)"
"QY207",17.27962144,2.491702907,5.767104,0.0982145136589365,2.05268333547177,"Medium (1.5~2.5%)","Sandy (<18%)"
"QY207",16.95317008,2.486340588,5.628504,0.124308488034574,1.05662214829388,"Medium (1.5~2.5%)","Sandy (<18%)"
"QY207",16.62671872,2.485000009,5.68192,0.117474344933571,1.53891391862978,"Medium (1.5~2.5%)","Sandy (<18%)"
"QY207",16.30026737,2.486521748,5.648304,0.126452591941291,1.65652895443091,"Medium (1.5~2.5%)","Sandy (<18%)"
"QY207",15.97381601,2.489202907,5.659832,0.12708033738386,1.96974522944983,"Medium (1.5~2.5%)","Sandy (<18%)"
"QY207",15.64736465,2.492789864,5.613808,0.139356346619267,1.64440489010735,"Medium (1.5~2.5%)","Sandy (<18%)"
"QY207",15.32091329,2.491702907,5.605888,0.144700477533014,1.60617530061646,"Medium (1.5~2.5%)","Sandy (<18%)"
"QY207",14.99446193,2.487500009,5.57148,0.156561955424919,1.48733857653673,"Medium (1.5~2.5%)","Sandy (<18%)"
"QY207",14.66801057,2.492028994,5.588552,0.15600715736789,1.4196651320478,"Medium (1.5~2.5%)","Sandy (<18%)"
"QY207",14.34155921,2.496702907,5.507944,0.18032776939326,1.08196661635956,"Medium (1.5~2.5%)","Sandy (<18%)"
"QY207",14.01510785,2.503079719,5.548072,0.173041734200557,1.69580899516546,"High (>2.5%)","Sandy (<18%)"
"QY207",13.68865649,2.508985516,5.425664,0.212063944749904,0.911874962424589,"High (>2.5%)","Sandy (<18%)"
"QY207",13.36220513,2.501811603,5.573152,0.173503955133231,2.01264587954548,"High (>2.5%)","Sandy (<18%)"
"QY207",13.03575377,2.506050733,5.509792,0.19382802848517,1.80260066491208,"High (>2.5%)","Sandy (<18%)"
"QY207",12.70930241,2.511630443,5.532848,0.189440621494531,2.34906370653218,"High (>2.5%)","Sandy (<18%)"
"QY207",12.38285105,2.513442038,5.50416,0.200246544146469,1.90234216939146,"High (>2.5%)","Sandy (<18%)"
"QY207",12.05639969,2.512572472,5.487,0.208046518909027,1.93483262585395,"High (>2.5%)","Sandy (<18%)"
"QY207",11.72994833,2.536449284,5.477408,0.210550083042927,1.91600575569064,"High (>2.5%)","Sandy (<18%)"
"QY207",11.72994833,2.529420299,5.46808,0.215764580289073,1.96345768063057,"High (>2.5%)","Sandy (<18%)"
"QY207",11.72994833,2.52963769,5.459632,0.219389764497265,1.99644685692511,"High (>2.5%)","Sandy (<18%)"
"QY207",11.72994833,2.52963769,5.451096,0.223109096300065,2.03029277633059,"High (>2.5%)","Sandy (<18%)"
"QY207",11.72994833,2.529420299,5.442472,0.226925093110697,2.06501834730734,"High (>2.5%)","Sandy (<18%)"
"QY207",11.72994833,2.52905798,5.433584,0.230893228981511,2.10112838373175,"High (>2.5%)","Sandy (<18%)"
"QY207",11.72994833,2.528586965,5.424608,0.234951337027737,2.1380571669524,"High (>2.5%)","Sandy (<18%)"
"QY207",11.72994833,2.528079719,5.415456,0.239124355229586,2.17603163258923,"High (>2.5%)","Sandy (<18%)"
"QY207",11.72994833,2.527500009,5.40604,0.243452811541582,2.2154205850284,"High (>2.5%)","Sandy (<18%)"
"QY207",11.72994833,2.526920299,5.396448,0.24789925716224,2.25588324017638,"High (>2.5%)","Sandy (<18%)"
"QY207",11.72994833,2.526268125,5.386592,0.252510457464851,2.29784516293014,"High (>2.5%)","Sandy (<18%)"
"QY207",11.72994833,2.525652183,5.376472,0.25727716194433,2.3412221736934,"High (>2.5%)","Sandy (<18%)"
"QY207",11.72994833,2.525000009,5.366176,0.262179431079457,2.38583282282306,"High (>2.5%)","Sandy (<18%)"
"QY207",11.72994833,2.524384067,5.355528,0.267282367298057,2.43226954241232,"High (>2.5%)","Sandy (<18%)"
"QY207",11.72994833,2.523731893,5.344616,0.272567278643116,2.48036223565236,"High (>2.5%)","Sandy (<18%)"
"QY207",11.72994833,2.523115951,5.333352,0.278066810129216,2.53040797217587,"High (>2.5%)","Sandy (<18%)"
"QY207",11.72994833,2.522500009,5.321736,0.28379429056069,2.58252804410228,"High (>2.5%)","Sandy (<18%)"
"QY207",11.72994833,2.521884067,5.309768,0.289758231130632,2.63679990328875,"High (>2.5%)","Sandy (<18%)"
"QY207",11.72994833,2.521268125,5.29736,0.296007097130608,2.69366458388853,"High (>2.5%)","Sandy (<18%)"
"QY207",11.72994833,2.520688415,5.284512,0.30254669427879,2.75317491793699,"High (>2.5%)","Sandy (<18%)"
"QY207",11.72994833,2.520108704,5.271224,0.309394853565917,2.81549316744985,"High (>2.5%)","Sandy (<18%)"
"QY207",11.72994833,2.519528994,5.257408,0.316606738224717,2.88112131784492,"High (>2.5%)","Sandy (<18%)"
"QY207",11.72994833,2.518949284,5.242976,0.324241926530695,2.95060153142932,"High (>2.5%)","Sandy (<18%)"
"QY207",11.72994833,2.518405806,5.22784,0.332358534315215,3.02446266226845,"High (>2.5%)","Sandy (<18%)"
"QY207",11.72994833,2.517862328,5.212088,0.340941581912875,3.10256839540716,"High (>2.5%)","Sandy (<18%)"
"QY207",11.72994833,2.517318849,5.195456,0.350154334722617,3.18640444597581,"High (>2.5%)","Sandy (<18%)"
"QY207",11.72994833,2.516811603,5.177944,0.360024785897024,3.27622555166292,"High (>2.5%)","Sandy (<18%)"
"QY207",11.72994833,2.516268125,5.159376,0.370703536698675,3.37340218395794,"High (>2.5%)","Sandy (<18%)"
"QY207",11.72994833,2.515760878,5.139752,0.382225501218185,3.47825206108549,"High (>2.5%)","Sandy (<18%)"
"QY207",11.72994833,2.515253632,5.11872,0.394862236513322,3.59324635227123,"High (>2.5%)","Sandy (<18%)"
"QY207",11.72994833,2.514782617,5.096192,0.40873870430188,3.71952220914711,"High (>2.5%)","Sandy (<18%)"
"QY207",11.72994833,2.514311603,5.071816,0.424181206326444,3.86004897757064,"High (>2.5%)","Sandy (<18%)"
"QY208",15.1775612,3.068876822,6.693568,0.0220633797443198,0.324331682241501,"High (>2.5%)","Sandy (<18%)"
"QY208",14.9605271,3.03750001,6.689432,0.0232488212284917,0.344082554181677,"High (>2.5%)","Sandy (<18%)"
"QY208",14.74349299,3.006666677,6.68688,0.0244284526472321,0.373755325502652,"High (>2.5%)","Sandy (<18%)"
"QY208",14.52645889,2.981195662,6.68028,0.0258014380637693,0.309617256765232,"High (>2.5%)","Sandy (<18%)"
"QY208",14.30942478,2.951231894,6.677376,0.0271715667079676,0.326058800495611,"High (>2.5%)","Sandy (<18%)"
"QY208",14.09239068,2.923297112,6.6816,0.0282598406497021,0.415419657550621,"High (>2.5%)","Sandy (<18%)"
"QY208",13.87535658,2.896231894,6.678784,0.0296742390103585,0.439178737353306,"High (>2.5%)","Sandy (<18%)"
"QY208",13.65832247,2.87000001,6.677728,0.0310134349364302,0.474505554527383,"High (>2.5%)","Sandy (<18%)"
"QY208",13.44128837,2.844021749,6.671832,0.0325953401775497,0.391144082130597,"High (>2.5%)","Sandy (<18%)"
"QY208",13.22425426,2.818586966,6.690224,0.0330718207127206,0.644900503898052,"High (>2.5%)","Sandy (<18%)"
"QY208",13.00722016,2.793007256,6.658896,0.0361787578667484,0.321990945014061,"High (>2.5%)","Sandy (<18%)"
"QY208",12.79018606,2.776630444,6.675616,0.036657439775525,0.538864364700218,"High (>2.5%)","Sandy (<18%)"
"QY208",12.57315195,2.764456531,6.685912,0.0374491400689052,0.741492973364323,"High (>2.5%)","Sandy (<18%)"
"QY208",12.35611785,2.750869575,6.674296,0.0396256935246322,0.527021723877608,"High (>2.5%)","Sandy (<18%)"
"QY208",12.13908374,2.738405807,6.66444,0.041843980434342,0.41843980434342,"High (>2.5%)","Sandy (<18%)"
"QY208",11.92204964,2.738876821,6.67016,0.0429322550880799,0.605344796741927,"High (>2.5%)","Sandy (<18%)"
"QY208",11.70501554,2.741304357,6.662944,0.0448661209187075,0.511473778473266,"High (>2.5%)","Sandy (<18%)"
"QY208",11.48798143,2.725833343,6.688992,0.044967944292558,0.939830035714462,"High (>2.5%)","Sandy (<18%)"
"QY208",11.27094733,2.709492763,6.635488,0.0508220670396154,0.431987569836731,"High (>2.5%)","Sandy (<18%)"
"QY208",11.05391323,2.696304357,6.6662,0.0504683275689593,0.661135091153366,"High (>2.5%)","Sandy (<18%)"
"QY208",10.83687912,2.685833343,6.65432,0.053401296440764,0.699556983374008,"High (>2.5%)","Sandy (<18%)"
"QY208",10.61984502,2.67655798,6.669808,0.0541970076841443,0.840053619104236,"High (>2.5%)","Sandy (<18%)"
"QY208",10.40281091,2.668297111,6.657664,0.0573432688799326,0.676650572783204,"High (>2.5%)","Sandy (<18%)"
"QY208",10.18577681,2.656702908,6.651328,0.0602378582719969,0.668640226819166,"High (>2.5%)","Sandy (<18%)"
"QY208",9.968742706,2.640036241,6.64068,0.0635482919468397,0.603708773494977,"High (>2.5%)","Sandy (<18%)"
"QY208",9.751708602,2.63173914,6.637336,0.0660281879387885,0.600856510242975,"High (>2.5%)","Sandy (<18%)"
"QY208",9.534674498,2.624021748,6.593952,0.0728815338365606,0.437289203019363,"High (>2.5%)","Sandy (<18%)"
"QY208",9.317640394,2.617391313,6.624048,0.0718130228053249,0.703767623492184,"High (>2.5%)","Sandy (<18%)"
"QY208",9.10060629,2.610905806,6.566936,0.0807091371536044,0.347049289760499,"High (>2.5%)","Sandy (<18%)"
"QY208",8.883572186,2.594782618,6.643584,0.074319803027715,0.862109715121494,"High (>2.5%)","Sandy (<18%)"
"QY208",8.666538082,2.587355081,6.6222,0.0789862576032031,0.734572195709789,"High (>2.5%)","Sandy (<18%)"
"QY208",8.449503978,2.579927545,6.636544,0.0793578595631587,0.984037458583168,"High (>2.5%)","Sandy (<18%)"
"QY208",8.232469874,2.570688415,6.623696,0.0831076416739283,0.789522595902318,"High (>2.5%)","Sandy (<18%)"
"QY208",8.015435771,2.559673922,6.62044,0.085776587065149,0.797722259705886,"High (>2.5%)","Sandy (<18%)"
"QY208",7.798401667,2.566268125,6.616568,0.087659748184524,0.797703708479168,"High (>2.5%)","Sandy (<18%)"
"QY208",7.798401667,2.5502174,6.6156,0.0899522420793074,0.818565402921698,"High (>2.5%)","Sandy (<18%)"
"QY208",7.798401667,2.5402174,6.61472,0.0911085077320559,0.829087420361709,"High (>2.5%)","Sandy (<18%)"
"QY208",7.798401667,2.530326096,6.614016,0.0922463436813088,0.83944172749991,"High (>2.5%)","Sandy (<18%)"
"QY208",7.798401667,2.520543487,6.6134,0.0933772281818263,0.849732776454619,"High (>2.5%)","Sandy (<18%)"
"QY208",7.798401667,2.510905806,6.61296,0.0944861283960192,0.859823768403774,"High (>2.5%)","Sandy (<18%)"
"QY208",7.798401667,2.50137682,6.612608,0.0955866030116364,0.869838087405891,"High (>2.5%)","Sandy (<18%)"
"QY208",7.798401667,2.492028994,6.612344,0.096674317536488,0.879736289582041,"Medium (1.5~2.5%)","Sandy (<18%)"
"QY208",7.798401667,2.482862327,6.61208,0.0977616150334997,0.889630696804848,"Medium (1.5~2.5%)","Sandy (<18%)"
"QY208",7.798401667,2.473804356,6.611904,0.0988388430013293,0.899433471312097,"Medium (1.5~2.5%)","Sandy (<18%)"
"QY208",7.798401667,2.464927545,6.611816,0.0999014952743258,0.909103606996364,"Medium (1.5~2.5%)","Sandy (<18%)"
"QY208",7.798401667,2.456195661,6.611728,0.100964338965711,0.918775484587973,"Medium (1.5~2.5%)","Sandy (<18%)"
"QY208",7.798401667,2.447608704,6.61164,0.102027131654303,0.928446898054154,"Medium (1.5~2.5%)","Sandy (<18%)"
"QY208",7.798401667,2.439202907,6.611552,0.103087575550543,0.938096937509945,"Medium (1.5~2.5%)","Sandy (<18%)"
"QY208",7.798401667,2.430942037,6.611464,0.104147420709585,0.947741528457219,"Medium (1.5~2.5%)","Sandy (<18%)"
"QY208",7.798401667,2.422826095,6.611464,0.105192346090835,0.957250349426599,"Medium (1.5~2.5%)","Sandy (<18%)"
"QY208",7.798401667,2.414855081,6.611376,0.106250110213237,0.966876002940455,"Medium (1.5~2.5%)","Sandy (<18%)"
"QY208",7.798401667,2.406992762,6.611376,0.107294325129498,0.976378358678429,"Medium (1.5~2.5%)","Sandy (<18%)"
"QY208",7.798401667,2.399311602,6.611376,0.10833451359431,0.98584407370822,"Medium (1.5~2.5%)","Sandy (<18%)"
"QY208",7.798401667,2.391775371,6.611288,0.109387181168539,0.995423348633702,"Medium (1.5~2.5%)","Sandy (<18%)"
"QY208",7.798401667,2.384384066,6.611288,0.110422927887557,1.00484864377676,"Medium (1.5~2.5%)","Sandy (<18%)"
"QY208",7.798401667,2.377101457,6.611288,0.111458270963239,1.01427026576547,"Medium (1.5~2.5%)","Sandy (<18%)"
"QY208",7.798401667,2.369963776,6.611288,0.112490717425748,1.0236655285743,"Medium (1.5~2.5%)","Sandy (<18%)"
"QY208",7.798401667,2.362934791,6.6112,0.113537512017107,1.03319135935568,"Medium (1.5~2.5%)","Sandy (<18%)"
"QY208",7.798401667,2.356050733,6.6112,0.11456585402028,1.04254927158455,"Medium (1.5~2.5%)","Sandy (<18%)"
"QY208",7.798401667,2.349311602,6.6112,0.115590533526333,1.05187385508963,"Medium (1.5~2.5%)","Sandy (<18%)"
"QY208",7.798401667,2.342681168,6.6112,0.116613691545529,1.06118459306431,"Medium (1.5~2.5%)","Sandy (<18%)"
"QY208",7.798401667,2.336159428,6.6112,0.117635130824659,1.07047969050439,"Medium (1.5~2.5%)","Sandy (<18%)"
"QY208",7.798401667,2.329782617,6.611112,0.118668048429729,1.07987924071053,"Medium (1.5~2.5%)","Sandy (<18%)"
"QY208",7.798401667,2.323514501,6.611112,0.119683042321687,1.08911568512735,"Medium (1.5~2.5%)","Sandy (<18%)"
"QY208",7.798401667,2.31735508,6.611112,0.12069566443181,1.09833054632947,"Medium (1.5~2.5%)","Sandy (<18%)"
"QY208",7.798401667,2.311304356,6.611112,0.12170571180326,1.10752197740966,"Medium (1.5~2.5%)","Sandy (<18%)"
"QY222",26.64263718,1.295326091,6.393928,0.087430276801388,1.2852250689804,"Low (0.5~1.5%)","Loamy (18-35%)"
"QY222",26.26165628,1.289384062,6.29044,0.103998704203417,1.53918082221057,"Low (0.5~1.5%)","Loamy (18-35%)"
"QY222",25.88067538,1.289565222,6.2152,0.117589769612595,1.7991234750727,"Low (0.5~1.5%)","Loamy (18-35%)"
"QY222",25.49969448,1.296811599,6.165392,0.127000883786842,1.5240106054421,"Low (0.5~1.5%)","Loamy (18-35%)"
"QY222",25.11871359,1.297753628,6.120512,0.137100082305912,1.64520098767094,"Low (0.5~1.5%)","Loamy (18-35%)"
"QY222",24.73773269,1.301702903,6.07836,0.146877387016149,2.15909758913739,"Low (0.5~1.5%)","Loamy (18-35%)"
"QY222",24.35675179,1.306521744,6.035504,0.157232462475566,2.32704044463838,"Low (0.5~1.5%)","Loamy (18-35%)"
"QY222",23.97577089,1.312644932,5.997664,0.166841320187742,2.55267219887246,"Low (0.5~1.5%)","Loamy (18-35%)"
"QY222",23.59479,1.318840584,5.964048,0.175812260758582,2.10974712910298,"Low (0.5~1.5%)","Loamy (18-35%)"
"QY222",23.2138091,1.323586961,5.950672,0.180243914482524,3.51475633240922,"Low (0.5~1.5%)","Loamy (18-35%)"
"QY222",22.8328282,1.327898555,5.888808,0.198626823909093,1.76777873279093,"Low (0.5~1.5%)","Loamy (18-35%)"
"QY222",22.45184731,1.343913048,5.889336,0.197550502240698,2.90399238293826,"Low (0.5~1.5%)","Loamy (18-35%)"
"QY222",22.07086641,1.364565222,5.878512,0.198822667800833,3.93668882245649,"Low (0.5~1.5%)","Loamy (18-35%)"
"QY222",21.68988551,1.381847831,5.83504,0.210808134549123,2.80374818950334,"Low (0.5~1.5%)","Loamy (18-35%)"
"QY222",21.30890461,1.399891309,5.805736,0.219244535426484,2.19244535426484,"Low (0.5~1.5%)","Loamy (18-35%)"
"QY222",20.92792372,1.43452899,5.804504,0.215600054787812,3.03996077250815,"Low (0.5~1.5%)","Loamy (18-35%)"
"QY222",20.54694282,1.471811599,5.777664,0.219945972136963,2.50738408236138,"Low (0.5~1.5%)","Loamy (18-35%)"
"QY222",20.16596192,1.48413044,5.793416,0.215626817577767,4.50660048737533,"Low (0.5~1.5%)","Loamy (18-35%)"
"QY222",19.78498102,1.495108701,5.690456,0.252788534000524,2.14870253900446,"Low (0.5~1.5%)","Loamy (18-35%)"
"QY222",19.40400013,1.509782614,5.715096,0.244335157588408,3.20079056440814,"Medium (1.5~2.5%)","Loamy (18-35%)"
"QY222",19.02301923,1.527028991,5.694856,0.251958206779268,3.30065250880841,"Medium (1.5~2.5%)","Loamy (18-35%)"
"QY222",18.64203833,1.545144933,5.699168,0.250441937389943,3.88185002954412,"Medium (1.5~2.5%)","Loamy (18-35%)"
"QY222",18.26105743,1.563949281,5.663088,0.264703900281134,3.12350602331738,"Medium (1.5~2.5%)","Loamy (18-35%)"
"QY222",17.88007654,1.577753629,5.649184,0.272189134011982,3.021299387533,"Medium (1.5~2.5%)","Sandy (<18%)"
"QY222",17.49909564,1.588188411,5.62164,0.286498011598352,2.72173111018434,"Medium (1.5~2.5%)","Sandy (<18%)"
"QY222",17.11811474,1.607101455,5.617504,0.289332071068013,2.63292184671892,"Medium (1.5~2.5%)","Sandy (<18%)"
"QY222",16.73713385,1.625905803,5.55564,0.319208794457954,1.91525276674773,"Medium (1.5~2.5%)","Sandy (<18%)"
"QY222",16.35615295,1.646195658,5.603424,0.297551250274658,2.91600225269165,"Medium (1.5~2.5%)","Sandy (<18%)"
"QY222",15.97517205,1.665688412,5.500904,0.347859338265447,1.49579515454142,"Medium (1.5~2.5%)","Sandy (<18%)"
"QY222",15.59419115,1.671920296,5.618824,0.294124142668269,3.41184005495192,"Medium (1.5~2.5%)","Sandy (<18%)"
"QY222",15.21321026,1.689275368,5.573416,0.314806271719702,2.92769832699323,"Medium (1.5~2.5%)","Sandy (<18%)"
"QY222",14.83222936,1.707789861,5.598056,0.302419885248522,3.75000657708167,"Medium (1.5~2.5%)","Sandy (<18%)"
"QY222",14.45124846,1.722246383,5.57148,0.314318378827607,2.98602459886226,"Medium (1.5~2.5%)","Sandy (<18%)"
"QY222",14.07026756,1.733840586,5.554408,0.322508794518739,2.99933178902427,"Medium (1.5~2.5%)","Sandy (<18%)"
"QY222",13.68928667,1.769927542,5.549744,0.318310848643506,2.8966287226559,"Medium (1.5~2.5%)","Sandy (<18%)"
"QY222",13.68928667,1.774927542,5.543936,0.321279007590392,2.92363896907257,"Medium (1.5~2.5%)","Sandy (<18%)"
"QY222",13.68928667,1.78699276,5.539096,0.321305679544911,2.92388168385869,"Medium (1.5~2.5%)","Sandy (<18%)"
"QY222",13.68928667,1.798514499,5.534168,0.32152773784454,2.92590241438531,"Medium (1.5~2.5%)","Sandy (<18%)"
"QY222",13.68928667,1.809673919,5.52924,0.321855047802761,2.92888093500513,"Medium (1.5~2.5%)","Sandy (<18%)"
"QY222",13.68928667,1.820471021,5.524136,0.322371454129105,2.93358023257486,"Medium (1.5~2.5%)","Sandy (<18%)"
"QY222",13.68928667,1.830978267,5.519032,0.322971200156797,2.93903792142685,"Medium (1.5~2.5%)","Sandy (<18%)"
"QY222",13.68928667,1.841195659,5.513752,0.323739296190023,2.94602759532921,"Medium (1.5~2.5%)","Sandy (<18%)"
"QY222",13.68928667,1.851195659,5.508472,0.324570564136708,2.95359213364404,"Medium (1.5~2.5%)","Sandy (<18%)"
"QY222",13.68928667,1.860978267,5.503016,0.325551076607878,2.96251479713169,"Medium (1.5~2.5%)","Sandy (<18%)"
"QY222",13.68928667,1.870543485,5.49756,0.326592816391314,2.97199462916096,"Medium (1.5~2.5%)","Sandy (<18%)"
"QY222",13.68928667,1.879891311,5.491928,0.327782641682671,2.9828220393123,"Medium (1.5~2.5%)","Sandy (<18%)"
"QY222",13.68928667,1.889057978,5.486296,0.329023767738443,2.99411628641983,"Medium (1.5~2.5%)","Sandy (<18%)"
"QY222",13.68928667,1.898079717,5.480576,0.330351376968953,3.00619753041748,"Medium (1.5~2.5%)","Sandy (<18%)"
"QY222",13.68928667,1.906884065,5.474768,0.331782203246892,3.01921804954672,"Medium (1.5~2.5%)","Sandy (<18%)"
"QY222",13.68928667,1.915543485,5.468872,0.333299128801992,3.03302207209813,"Medium (1.5~2.5%)","Sandy (<18%)"
"QY222",13.68928667,1.924057978,5.462976,0.33485737321643,3.04720209626951,"Medium (1.5~2.5%)","Sandy (<18%)"
"QY222",13.68928667,1.932391311,5.456992,0.336510100372759,3.0622419133921,"Medium (1.5~2.5%)","Sandy (<18%)"
"QY222",13.68928667,1.940579717,5.45092,0.338248911559335,3.07806509518995,"Medium (1.5~2.5%)","Sandy (<18%)"
"QY222",13.68928667,1.948623195,5.444848,0.340028515208795,3.09425948840003,"Medium (1.5~2.5%)","Sandy (<18%)"
"QY222",13.68928667,1.956485514,5.438688,0.341902917856476,3.11131655249393,"Medium (1.5~2.5%)","Sandy (<18%)"
"QY222",13.68928667,1.964239137,5.432528,0.343809394057089,3.12866548591951,"Medium (1.5~2.5%)","Sandy (<18%)"
"QY222",13.68928667,1.971847833,5.42628,0.345802578020768,3.14680345998899,"Medium (1.5~2.5%)","Sandy (<18%)"
"QY222",13.68928667,1.979311601,5.419944,0.347882841017313,3.16573385325755,"Medium (1.5~2.5%)","Sandy (<18%)"
"QY222",13.68928667,1.986630442,5.413608,0.350003802128471,3.18503459936909,"Medium (1.5~2.5%)","Sandy (<18%)"
"QY222",13.68928667,1.993840587,5.407272,0.352156803622463,3.20462691296441,"Medium (1.5~2.5%)","Sandy (<18%)"
"QY222",13.68928667,2.000905804,5.400848,0.354397768689976,3.22501969507878,"Medium (1.5~2.5%)","Sandy (<18%)"
"QY222",13.68928667,2.007826094,5.394424,0.356679525582501,3.24578368280076,"Medium (1.5~2.5%)","Sandy (<18%)"
"QY222",13.68928667,2.014637688,5.387912,0.359041397149099,3.2672767140568,"Medium (1.5~2.5%)","Sandy (<18%)"
"QY222",13.68928667,2.021304355,5.3814,0.36144431807784,3.28914329450835,"Medium (1.5~2.5%)","Sandy (<18%)"
"QY222",13.68928667,2.027862326,5.3748,0.363928232126544,3.31174691235155,"Medium (1.5~2.5%)","Sandy (<18%)"
"QY222",13.68928667,2.034311601,5.3682,0.366444781349471,3.33464751028019,"Medium (1.5~2.5%)","Sandy (<18%)"
"QY231",29.05374957,2.848227018,6.70184,0.0194265836238813,0.285570779271056,"High (>2.5%)","Loamy (18-35%)"
"QY231",28.63829056,2.814822762,6.699024,0.0200583621041115,0.296863759140851,"High (>2.5%)","Loamy (18-35%)"
"QY231",28.22283155,2.787234109,6.697264,0.0206199962100151,0.31548594201323,"High (>2.5%)","Loamy (18-35%)"
"QY231",27.80737254,2.76588659,6.689784,0.0213251711975012,0.255902054370014,"High (>2.5%)","Loamy (18-35%)"
"QY231",27.39191354,2.739645455,6.68688,0.0219557446908617,0.26346893629034,"High (>2.5%)","Loamy (18-35%)"
"QY231",26.97645453,2.716383043,6.691016,0.0223353397694638,0.328329494611118,"High (>2.5%)","Loamy (18-35%)"
"QY231",26.56099552,2.694432688,6.6882,0.0229497446597071,0.339656220963665,"High (>2.5%)","Loamy (18-35%)"
"QY231",26.14553652,2.674148999,6.688288,0.0234662447128982,0.359033544107343,"High (>2.5%)","Loamy (18-35%)"
"QY231",25.73007751,2.654397226,6.682392,0.0242125542797356,0.290550651356828,"High (>2.5%)","Loamy (18-35%)"
"QY231",25.3146185,2.633723467,6.696472,0.0242585113933167,0.473040972169676,"High (>2.5%)","Loamy (18-35%)"
"QY231",24.8991595,2.613191551,6.674824,0.0256574600992704,0.228351394883507,"High (>2.5%)","Loamy (18-35%)"
"QY231",24.48370049,2.602978785,6.68512,0.0257400975215929,0.378379433567415,"High (>2.5%)","Loamy (18-35%)"
"QY231",24.06824148,2.597127721,6.69304,0.0258560752381884,0.51195028971613,"High (>2.5%)","Loamy (18-35%)"
"QY231",23.65278248,2.588794388,6.687936,0.0265216339687093,0.352737731783834,"High (>2.5%)","Loamy (18-35%)"
"QY231",23.23732347,2.581453962,6.679048,0.0273607315271346,0.273607315271346,"High (>2.5%)","Loamy (18-35%)"
"QY231",22.82186446,2.588617083,6.682304,0.0275120927154569,0.387920507287942,"High (>2.5%)","Loamy (18-35%)"
"QY231",22.40640546,2.5985107,6.678168,0.0279403465490747,0.318519950659452,"High (>2.5%)","Loamy (18-35%)"
"QY231",21.99094645,2.587659636,6.69656,0.0277235394987398,0.579421975523662,"High (>2.5%)","Loamy (18-35%)"
"QY231",21.57548744,2.576099352,6.658192,0.0299902796863949,0.254917377334357,"High (>2.5%)","Loamy (18-35%)"
"QY231",21.16002844,2.568085167,6.680368,0.0295660906782667,0.387315787885294,"High (>2.5%)","Loamy (18-35%)"
"QY231",20.74456943,2.562553252,6.670688,0.030556846549924,0.400294689804005,"High (>2.5%)","Loamy (18-35%)"
"QY231",20.32911042,2.558085167,6.68336,0.0305231912879252,0.473109464962841,"High (>2.5%)","Loamy (18-35%)"
"QY231",19.91365142,2.554574529,6.675,0.0314692476180356,0.37133712189282,"High (>2.5%)","Loamy (18-35%)"
"QY231",19.49819241,2.547198642,6.669104,0.0323986460830116,0.359624971521429,"High (>2.5%)","Loamy (18-35%)"
"QY231",19.0827334,2.537801479,6.661008,0.0335085677819719,0.318331393928733,"High (>2.5%)","Loamy (18-35%)"
"QY231",18.66727439,2.535673819,6.6574,0.0342989223848933,0.312120193702529,"High (>2.5%)","Loamy (18-35%)"
"QY231",18.25181539,2.533723464,6.621936,0.0368433664602461,0.221060198761476,"High (>2.5%)","Loamy (18-35%)"
"QY231",17.83635638,2.533404315,6.64596,0.0360925333298088,0.353706826632126,"High (>2.5%)","Sandy (<18%)"
"QY231",17.42089737,2.532766017,6.600728,0.0392435299616327,0.168747178835021,"High (>2.5%)","Sandy (<18%)"
"QY231",17.00543837,2.521170272,6.662504,0.0364513711707687,0.422835905580916,"High (>2.5%)","Sandy (<18%)"
"QY231",16.58997936,2.519326301,6.647368,0.0378191049776687,0.351717676292319,"High (>2.5%)","Sandy (<18%)"
"QY231",16.17452035,2.518971691,6.65828,0.0376770721908549,0.4671956951666,"High (>2.5%)","Sandy (<18%)"
"QY231",15.75906135,2.515319208,6.648248,0.0387796752874673,0.368406915230939,"High (>2.5%)","Sandy (<18%)"
"QY231",15.34360234,2.509574527,6.646224,0.039434360455482,0.366739552235982,"High (>2.5%)","Sandy (<18%)"
"QY231",14.92814333,2.52500006,6.643144,0.0396880544915918,0.361161295873486,"High (>2.5%)","Sandy (<18%)"
"QY231",14.92814333,2.514397223,6.642528,0.0402368889011301,0.366155689000284,"High (>2.5%)","Sandy (<18%)"
"QY231",14.92814333,2.509929137,6.641736,0.0406688428711066,0.37008647012707,"High (>2.5%)","Sandy (<18%)"
"QY231",14.92814333,2.505283747,6.641032,0.0411014273181848,0.374022988595481,"High (>2.5%)","Sandy (<18%)"
"QY231",14.92814333,2.500531974,6.640416,0.0415330455267987,0.377950714293869,"High (>2.5%)","Sandy (<18%)"
"QY231",14.92814333,2.495780201,6.6398,0.0419668396299589,0.381898240632626,"Medium (1.5~2.5%)","Sandy (<18%)"
"QY231",14.92814333,2.490992967,6.639184,0.0424036291640508,0.385873025392862,"Medium (1.5~2.5%)","Sandy (<18%)"
"QY231",14.92814333,2.486205733,6.638744,0.0428311772044721,0.389763712560697,"Medium (1.5~2.5%)","Sandy (<18%)"
"QY231",14.92814333,2.481453959,6.638304,0.043259902941813,0.393665116770499,"Medium (1.5~2.5%)","Sandy (<18%)"
"QY231",14.92814333,2.476773108,6.637864,0.0436889494484372,0.397569439980778,"Medium (1.5~2.5%)","Sandy (<18%)"
"QY231",14.92814333,2.472127718,6.637512,0.0441132176510447,0.401430280624507,"Medium (1.5~2.5%)","Sandy (<18%)"
"QY231",14.92814333,2.467588711,6.63716,0.0445367644277355,0.405284556292393,"Medium (1.5~2.5%)","Sandy (<18%)"
"QY231",14.92814333,2.463085165,6.636896,0.0449552361595966,0.409092649052329,"Medium (1.5~2.5%)","Sandy (<18%)"
"QY231",14.92814333,2.45865254,6.63672,0.0453675739660915,0.412844923091433,"Medium (1.5~2.5%)","Sandy (<18%)"
"QY231",14.92814333,2.454290838,6.636456,0.0457858150634592,0.416650917077479,"Medium (1.5~2.5%)","Sandy (<18%)"
"QY231",14.92814333,2.450000058,6.636368,0.0461915363524307,0.420342980807119,"Medium (1.5~2.5%)","Sandy (<18%)"
"QY231",14.92814333,2.4457802,6.636192,0.0466030702440944,0.424087939221259,"Medium (1.5~2.5%)","Sandy (<18%)"
"QY231",14.92814333,2.441666724,6.636016,0.0470133236398376,0.427821245122522,"Medium (1.5~2.5%)","Sandy (<18%)"
"QY231",14.92814333,2.43758871,6.635928,0.0474177271893655,0.431501317423226,"Medium (1.5~2.5%)","Sandy (<18%)"
"QY231",14.92814333,2.433617079,6.63584,0.0478206307675482,0.435167739984688,"Medium (1.5~2.5%)","Sandy (<18%)"
"QY231",14.92814333,2.429680909,6.635752,0.0482238445945933,0.438836985810799,"Medium (1.5~2.5%)","Sandy (<18%)"
"QY231",14.92814333,2.42581566,6.635664,0.0486263936582791,0.44250018229034,"Medium (1.5~2.5%)","Sandy (<18%)"
"QY231",14.92814333,2.422056795,6.635576,0.0490272665281226,0.446148125405916,"Medium (1.5~2.5%)","Sandy (<18%)"
"QY231",14.92814333,2.418333391,6.635576,0.0494217195708867,0.449737648095069,"Medium (1.5~2.5%)","Sandy (<18%)"
"QY231",14.92814333,2.414680908,6.635488,0.0498219224436618,0.453379494237322,"Medium (1.5~2.5%)","Sandy (<18%)"
"QY231",14.92814333,2.411099348,6.6354,0.0502212620315402,0.457013484487016,"Medium (1.5~2.5%)","Sandy (<18%)"
"QY231",14.92814333,2.407588709,6.6354,0.0506129193720579,0.460577566285727,"Medium (1.5~2.5%)","Sandy (<18%)"
"QY231",14.92814333,2.404148993,6.635312,0.0510103369166804,0.464194065941791,"Medium (1.5~2.5%)","Sandy (<18%)"
"QY231",14.92814333,2.400744738,6.635312,0.0514008845696329,0.46774804958366,"Medium (1.5~2.5%)","Sandy (<18%)"
"QY231",14.92814333,2.397411404,6.635312,0.051790288787494,0.471291627966195,"Medium (1.5~2.5%)","Sandy (<18%)"
"QY231",14.92814333,2.394148993,6.635224,0.0521854785038423,0.474887854384965,"Medium (1.5~2.5%)","Sandy (<18%)"
"QY231",14.92814333,2.390957503,6.635224,0.0525724913853355,0.478409671606553,"Medium (1.5~2.5%)","Sandy (<18%)"
"QY233",40.80038484,2.425396844,6.700784,0.0216695468579739,0.318542338812216,"Medium (1.5~2.5%)","Clay (>35%)"
"QY233",40.21695283,2.400476209,6.69832,0.022377135160052,0.331181600368769,"Medium (1.5~2.5%)","Clay (>35%)"
"QY233",39.63352083,2.381547637,6.696032,0.0230214054438742,0.352227503291276,"Medium (1.5~2.5%)","Clay (>35%)"
"QY233",39.05008882,2.369007954,6.68952,0.0237566366699902,0.285079640039882,"Medium (1.5~2.5%)","Clay (>35%)"
"QY233",38.46665682,2.351349224,6.686352,0.024462842453288,0.293554109439456,"Medium (1.5~2.5%)","Clay (>35%)"
"QY233",37.88322481,2.336666684,6.690224,0.0248812416213265,0.3657542518335,"Medium (1.5~2.5%)","Clay (>35%)"
"QY233",37.29979281,2.323134938,6.68732,0.0255506297293776,0.378149319994789,"Medium (1.5~2.5%)","Clay (>35%)"
"QY233",36.7163608,2.311190494,6.687056,0.0261181892486296,0.399608295504033,"Medium (1.5~2.5%)","Clay (>35%)"
"QY233",36.1329288,2.29972224,6.681952,0.0268934121076185,0.322720945291422,"Medium (1.5~2.5%)","Clay (>35%)"
"QY233",35.54949679,2.287142874,6.696824,0.0268947511328228,0.524447647090046,"Medium (1.5~2.5%)","Clay (>35%)"
"QY233",34.96606479,2.274523827,6.673944,0.0284799774047426,0.253471798902209,"Medium (1.5~2.5%)","Loamy (18-35%)"
"QY233",34.38263278,2.272500017,6.685296,0.0284835023385499,0.418707484376684,"Medium (1.5~2.5%)","Loamy (18-35%)"
"QY233",33.79920078,2.274841287,6.693392,0.028550265504797,0.565295256994982,"Medium (1.5~2.5%)","Loamy (18-35%)"
"QY233",33.21576877,2.274642874,6.687056,0.0292891292609241,0.38954541917029,"Medium (1.5~2.5%)","Loamy (18-35%)"
"QY233",32.63233677,2.27535716,6.678872,0.0301329462350154,0.301329462350154,"Medium (1.5~2.5%)","Loamy (18-35%)"
"QY233",32.04890476,2.290952398,6.681952,0.0302216320763008,0.426125012275841,"Medium (1.5~2.5%)","Loamy (18-35%)"
"QY233",31.46547276,2.309444462,6.677728,0.030600450778703,0.348845138877215,"Medium (1.5~2.5%)","Loamy (18-35%)"
"QY233",30.88204075,2.306468271,6.697,0.030283041460335,0.632915566521002,"Medium (1.5~2.5%)","Loamy (18-35%)"
"QY233",30.29860875,2.302579383,6.65652,0.032822122563822,0.278988041792487,"Medium (1.5~2.5%)","Loamy (18-35%)"
"QY233",29.71517674,2.302142875,6.681248,0.0321900423561884,0.421689554866067,"Medium (1.5~2.5%)","Loamy (18-35%)"
"QY233",29.13174474,2.304127002,6.671216,0.0332367813605674,0.435401835823433,"Medium (1.5~2.5%)","Loamy (18-35%)"
"QY233",28.54831273,2.307182557,6.684504,0.0331166960047192,0.513308788073147,"Medium (1.5~2.5%)","Loamy (18-35%)"
"QY233",27.96488073,2.311071446,6.67632,0.0340789884579522,0.402132063803836,"Medium (1.5~2.5%)","Loamy (18-35%)"
"QY233",27.38144872,2.310912716,6.671128,0.0350033222198404,0.388536876640228,"Medium (1.5~2.5%)","Loamy (18-35%)"
"QY233",26.79801672,2.308571446,6.663296,0.0361481568332193,0.343407489915583,"Medium (1.5~2.5%)","Loamy (18-35%)"
"QY233",26.21458471,2.313531764,6.660392,0.0369052880525032,0.335838121277779,"Medium (1.5~2.5%)","Loamy (18-35%)"
"QY233",25.63115271,2.318650811,6.626336,0.0394958836280247,0.236975301768148,"Medium (1.5~2.5%)","Loamy (18-35%)"
"QY233",25.0477207,2.32535716,6.649744,0.0386575443011848,0.378843934151611,"Medium (1.5~2.5%)","Loamy (18-35%)"
"QY233",24.4642887,2.331627002,6.607592,0.0417549338688766,0.179546215636169,"Medium (1.5~2.5%)","Loamy (18-35%)"
"QY233",23.88085669,2.326547637,6.66708,0.0388666579453224,0.45085323216574,"Medium (1.5~2.5%)","Loamy (18-35%)"
"QY233",23.29742469,2.331309541,6.650448,0.0403324185462838,0.37509149248044,"Medium (1.5~2.5%)","Loamy (18-35%)"
"QY233",22.71399268,2.337579383,6.66136,0.0400872848633562,0.497082332305617,"Medium (1.5~2.5%)","Loamy (18-35%)"
"QY233",22.13056068,2.340357161,6.652296,0.0411065000450682,0.390511750428148,"Medium (1.5~2.5%)","Loamy (18-35%)"
"QY233",21.54712867,2.340833351,6.650008,0.0417265936461603,0.388057320909291,"Medium (1.5~2.5%)","Loamy (18-35%)"
"QY233",20.96369667,2.363095256,6.64728,0.0418278142136044,0.3806331093438,"Medium (1.5~2.5%)","Loamy (18-35%)"
"QY233",20.96369667,2.358531764,6.646664,0.0423147104506364,0.385063865100791,"Medium (1.5~2.5%)","Loamy (18-35%)"
"QY233",20.96369667,2.360079383,6.646048,0.0426556887588707,0.388166767705723,"Medium (1.5~2.5%)","Loamy (18-35%)"
"QY233",20.96369667,2.361309542,6.645432,0.0430040865138413,0.391337187275956,"Medium (1.5~2.5%)","Loamy (18-35%)"
"QY233",20.96369667,2.36238097,6.644904,0.0433503676188956,0.39448834533195,"Medium (1.5~2.5%)","Loamy (18-35%)"
"QY233",20.96369667,2.363253986,6.644376,0.0437013091531793,0.397681913293931,"Medium (1.5~2.5%)","Loamy (18-35%)"
"QY233",20.96369667,2.364047637,6.643936,0.0440481530706126,0.400838192942575,"Medium (1.5~2.5%)","Loamy (18-35%)"
"QY233",20.96369667,2.36472224,6.643496,0.0443977436128547,0.404019466876978,"Medium (1.5~2.5%)","Loamy (18-35%)"
"QY233",20.96369667,2.365357161,6.643056,0.0447481324973019,0.407208005725447,"Medium (1.5~2.5%)","Loamy (18-35%)"
"QY233",20.96369667,2.365952399,6.642704,0.0450933099057372,0.410349120142209,"Medium (1.5~2.5%)","Loamy (18-35%)"
"QY233",20.96369667,2.366468272,6.64244,0.0454341854615138,0.413451087699775,"Medium (1.5~2.5%)","Loamy (18-35%)"
"QY233",20.96369667,2.366984145,6.642088,0.0457808573215547,0.416605801626148,"Medium (1.5~2.5%)","Loamy (18-35%)"
"QY233",20.96369667,2.367460335,6.641912,0.0461159885056213,0.419655495401153,"Medium (1.5~2.5%)","Loamy (18-35%)"
"QY233",20.96369667,2.367936526,6.641648,0.0464569357354491,0.422758115192586,"Medium (1.5~2.5%)","Loamy (18-35%)"
"QY233",20.96369667,2.368373034,6.641472,0.0467923628994676,0.425810502385155,"Medium (1.5~2.5%)","Loamy (18-35%)"
"QY233",20.96369667,2.368809542,6.641296,0.0471274069592716,0.428859403329372,"Medium (1.5~2.5%)","Loamy (18-35%)"
"QY233",20.96369667,2.369206367,6.641208,0.0474567862314794,0.431856754706462,"Medium (1.5~2.5%)","Loamy (18-35%)"
"QY233",20.96369667,2.369642875,6.641032,0.0477910321866482,0.434898392898499,"Medium (1.5~2.5%)","Loamy (18-35%)"
"QY233",20.96369667,2.3700397,6.640944,0.0481195394612265,0.437887809097161,"Medium (1.5~2.5%)","Loamy (18-35%)"
"QY233",20.96369667,2.370436526,6.640856,0.048447595355345,0.440873117733639,"Medium (1.5~2.5%)","Loamy (18-35%)"
"QY233",20.96369667,2.370793669,6.640768,0.0487762941979279,0.443864277201144,"Medium (1.5~2.5%)","Loamy (18-35%)"
"QY233",20.96369667,2.371190494,6.64068,0.0491034539652712,0.446841431083968,"Medium (1.5~2.5%)","Loamy (18-35%)"
"QY233",20.96369667,2.371547637,6.640592,0.0494312716040479,0.449824571596836,"Medium (1.5~2.5%)","Loamy (18-35%)"
"QY233",20.96369667,2.37190478,6.640592,0.0497519979056745,0.452743180941638,"Medium (1.5~2.5%)","Loamy (18-35%)"
"QY233",20.96369667,2.372261923,6.640504,0.0500789044637494,0.45571803062012,"Medium (1.5~2.5%)","Loamy (18-35%)"
"QY233",20.96369667,2.372619066,6.640416,0.0504053743306307,0.458688906408739,"Medium (1.5~2.5%)","Loamy (18-35%)"
"QY233",20.96369667,2.372936526,6.640416,0.0507257604244199,0.461604419862221,"Medium (1.5~2.5%)","Loamy (18-35%)"
"QY233",20.96369667,2.373293669,6.640328,0.0510513269897582,0.4645670756068,"Medium (1.5~2.5%)","Loamy (18-35%)"
"QY233",20.96369667,2.373611129,6.640328,0.0513707383266117,0.467473718772166,"Medium (1.5~2.5%)","Loamy (18-35%)"
"QY233",20.96369667,2.373928589,6.64024,0.0516965610873304,0.470438705894706,"Medium (1.5~2.5%)","Loamy (18-35%)"
"QY233",20.96369667,2.37424605,6.64024,0.0520150047633018,0.473336543346046,"Medium (1.5~2.5%)","Loamy (18-35%)"
"QY233",20.96369667,2.37456351,6.64024,0.0523329477215178,0.476229824265812,"Medium (1.5~2.5%)","Loamy (18-35%)"
"QY236",12.47422088,2.259347834,6.708528,0.0178498241230897,0.262392414609418,"Medium (1.5~2.5%)","Sandy (<18%)"
"QY236",12.29584364,2.22985508,6.707032,0.018569340139681,0.274826234067279,"Medium (1.5~2.5%)","Sandy (<18%)"
"QY236",12.11746641,2.204021747,6.707472,0.0192129798234477,0.293958591298749,"Medium (1.5~2.5%)","Sandy (<18%)"
"QY236",11.93908918,2.182210152,6.70316,0.0199751611728074,0.239701934073688,"Medium (1.5~2.5%)","Sandy (<18%)"
"QY236",11.76071195,2.15735508,6.702104,0.0207030473977837,0.248436568773404,"Medium (1.5~2.5%)","Sandy (<18%)"
"QY236",11.58233472,2.134565225,6.705272,0.0212903659357807,0.312968379255977,"Medium (1.5~2.5%)","Sandy (<18%)"
"QY236",11.40395749,2.112681167,6.702984,0.0220591735278187,0.326475768211716,"Medium (1.5~2.5%)","Sandy (<18%)"
"QY236",11.22558025,2.091992761,6.703688,0.0227524849431435,0.348113019630096,"Medium (1.5~2.5%)","Sandy (<18%)"
"QY236",11.04720302,2.071775369,6.699992,0.0236314120472496,0.283576944566995,"Medium (1.5~2.5%)","Sandy (<18%)"
"QY236",10.86882579,2.051123195,6.707736,0.0241493822636015,0.470912954140229,"Medium (1.5~2.5%)","Sandy (<18%)"
"QY236",10.69044856,2.030652181,6.701224,0.0252209323322139,0.224466297756703,"Medium (1.5~2.5%)","Sandy (<18%)"
"QY236",10.51207133,2.016847833,6.70228,0.0259593924816269,0.381603069479916,"Medium (1.5~2.5%)","Sandy (<18%)"
"QY236",10.3336941,2.00583334,6.705888,0.0265702262987806,0.526090480715856,"Medium (1.5~2.5%)","Sandy (<18%)"
"QY236",10.15531686,1.99333334,6.709496,0.0272238141640334,0.362076728381644,"Medium (1.5~2.5%)","Sandy (<18%)"
"QY236",9.976939632,1.98159421,6.703688,0.0283049249541812,0.283049249541812,"Medium (1.5~2.5%)","Sandy (<18%)"
"QY236",9.798562401,1.979057978,6.701752,0.02909209818823,0.410198584454044,"Medium (1.5~2.5%)","Sandy (<18%)"
"QY236",9.620185169,1.978297108,6.702896,0.0297286713918403,0.338906853866979,"Medium (1.5~2.5%)","Sandy (<18%)"
"QY236",9.441807938,1.96449276,6.70976,0.03039979157134,0.635355643841006,"Medium (1.5~2.5%)","Sandy (<18%)"
"QY236",9.263430706,1.950434789,6.695768,0.0320830356025883,0.272705802622001,"Medium (1.5~2.5%)","Sandy (<18%)"
"QY236",9.085053474,1.938731891,6.706064,0.0326178106014974,0.427293318879616,"Medium (1.5~2.5%)","Sandy (<18%)"
"QY236",8.906676243,1.928731891,6.699464,0.033980201281589,0.445140636788816,"Medium (1.5~2.5%)","Sandy (<18%)"
"QY236",8.728299011,1.91949276,6.707472,0.0346187891642184,0.536591232045385,"Medium (1.5~2.5%)","Sandy (<18%)"
"QY236",8.549921779,1.910905804,6.706944,0.0357220516130247,0.421520209033692,"Medium (1.5~2.5%)","Sandy (<18%)"
"QY236",8.371544548,1.900000007,6.702808,0.0371406854987897,0.412261609036565,"Medium (1.5~2.5%)","Sandy (<18%)"
"QY236",8.193167316,1.887971021,6.700608,0.0385416576928239,0.366145748081827,"Medium (1.5~2.5%)","Sandy (<18%)"
"QY236",8.014790085,1.880615949,6.697352,0.0399412870852391,0.363465712475676,"Medium (1.5~2.5%)","Sandy (<18%)"
"QY236",7.836412853,1.873442035,6.682656,0.0420958309432034,0.252574985659221,"Medium (1.5~2.5%)","Sandy (<18%)"
"QY236",7.658035621,1.867391311,6.689608,0.0428151811655206,0.419588775422102,"Medium (1.5~2.5%)","Sandy (<18%)"
"QY236",7.47965839,1.861195659,6.680984,0.0444944353985196,0.191326072213634,"Medium (1.5~2.5%)","Sandy (<18%)"
"QY236",7.301281158,1.848224644,6.700256,0.0444738808502098,0.515897017862434,"Medium (1.5~2.5%)","Sandy (<18%)"
"QY236",7.122903926,1.841521745,6.696032,0.045759348192533,0.425561938190557,"Medium (1.5~2.5%)","Sandy (<18%)"
"QY236",6.944526695,1.835797108,6.69876,0.0464908263904475,0.576486247241549,"Medium (1.5~2.5%)","Sandy (<18%)"
"QY236",6.766149463,1.828115948,6.696912,0.0475428323572889,0.451656907394245,"Medium (1.5~2.5%)","Sandy (<18%)"
"QY236",6.587772232,1.819202905,6.696296,0.0484987216579135,0.451038111418595,"Medium (1.5~2.5%)","Sandy (<18%)"
"QY236",6.409395,1.823695658,6.694888,0.0489777626258117,0.445697639894886,"Medium (1.5~2.5%)","Sandy (<18%)"
"QY236",6.409395,1.8118116,6.6948,0.0497904141547335,0.453092768808075,"Medium (1.5~2.5%)","Sandy (<18%)"
"QY236",6.409395,1.803949282,6.694624,0.0504705976952322,0.459282439026613,"Medium (1.5~2.5%)","Sandy (<18%)"
"QY236",6.409395,1.796086963,6.694536,0.0511503743977633,0.465468407019647,"Medium (1.5~2.5%)","Sandy (<18%)"
"QY236",6.409395,1.788224644,6.694448,0.0518364916926259,0.471712074402896,"Medium (1.5~2.5%)","Sandy (<18%)"
"QY236",6.409395,1.780434789,6.69436,0.0525261642731929,0.477988094886055,"Medium (1.5~2.5%)","Sandy (<18%)"
"QY236",6.409395,1.772753629,6.694272,0.0532178693442005,0.484282611032224,"Medium (1.5~2.5%)","Sandy (<18%)"
"QY236",6.409395,1.765144934,6.694184,0.0539129490690104,0.490607836527994,"Medium (1.5~2.5%)","Sandy (<18%)"
"QY236",6.409395,1.757644934,6.694008,0.0546171284377184,0.497015868783238,"Medium (1.5~2.5%)","Sandy (<18%)"
"QY236",6.409395,1.750253629,6.69392,0.0553157352026801,0.503373190344388,"Medium (1.5~2.5%)","Sandy (<18%)"
"QY236",6.409395,1.743007252,6.693832,0.0560142809136592,0.509729956314299,"Medium (1.5~2.5%)","Sandy (<18%)"
"QY236",6.409395,1.735869571,6.693744,0.0567141240807107,0.516098529134468,"Medium (1.5~2.5%)","Sandy (<18%)"
"QY236",6.409395,1.728840586,6.693656,0.057415108228937,0.522477484883326,"Medium (1.5~2.5%)","Sandy (<18%)"
"QY236",6.409395,1.721920296,6.693568,0.0581170739073177,0.528865372556591,"Medium (1.5~2.5%)","Sandy (<18%)"
"QY236",6.409395,1.715144933,6.69348,0.0588181936412909,0.535245562135747,"Medium (1.5~2.5%)","Sandy (<18%)"
"QY236",6.409395,1.708478267,6.693392,0.059519917685284,0.541631250936085,"Medium (1.5~2.5%)","Sandy (<18%)"
"QY236",6.409395,1.701956528,6.693392,0.0602123068672339,0.547931992491829,"Medium (1.5~2.5%)","Sandy (<18%)"
"QY236",6.409395,1.695543484,6.693304,0.0609128841584989,0.55430724584234,"Medium (1.5~2.5%)","Sandy (<18%)"
"QY236",6.409395,1.689239136,6.693216,0.0616135033492958,0.560682880478592,"Medium (1.5~2.5%)","Sandy (<18%)"
"QY236",6.409395,1.683043484,6.693128,0.0623139880900747,0.56705729161968,"Medium (1.5~2.5%)","Sandy (<18%)"
"QY236",6.409395,1.676956528,6.69304,0.0630141595923843,0.573428852290697,"Medium (1.5~2.5%)","Sandy (<18%)"
"QY236",6.409395,1.670978267,6.692952,0.0637138367724171,0.579795914628995,"Medium (1.5~2.5%)","Sandy (<18%)"
"QY236",6.409395,1.665144933,6.692864,0.0644109581601726,0.58613971925757,"Medium (1.5~2.5%)","Sandy (<18%)"
"QY236",6.409395,1.659384064,6.692864,0.0651003648891467,0.592413320491235,"Medium (1.5~2.5%)","Sandy (<18%)"
"QY236",6.409395,1.65373189,6.692776,0.0657973491909838,0.598755877637952,"Medium (1.5~2.5%)","Sandy (<18%)"
"QY236",6.409395,1.648188411,6.692688,0.066493093673897,0.605087152432463,"Medium (1.5~2.5%)","Sandy (<18%)"
"QY236",6.409395,1.642753629,6.6926,0.0671874069420865,0.611405403172987,"Medium (1.5~2.5%)","Sandy (<18%)"
"QY236",6.409395,1.63739131,6.6926,0.0678730313145502,0.617644584962406,"Medium (1.5~2.5%)","Sandy (<18%)"
"QY236",6.409395,1.632173919,6.692512,0.0685638474156341,0.623931011482271,"Medium (1.5~2.5%)","Sandy (<18%)"
"QY236",6.409395,1.627028991,6.692424,0.069254715788771,0.630217913677816,"Medium (1.5~2.5%)","Sandy (<18%)"
"QY236",6.409395,1.621956527,6.692424,0.0699361618605971,0.636419072931434,"Medium (1.5~2.5%)","Sandy (<18%)"
"QY236",6.409395,1.616992759,6.692336,0.0706245735982755,0.642683619744307,"Medium (1.5~2.5%)","Sandy (<18%)"
"QY242",18.78031417,2.21524,6.709144,0.0111397657985963,0.163754557239366,"Medium (1.5~2.5%)","Loamy (18-35%)"
"QY242",18.51176189,2.19352,6.708088,0.0128428632895242,0.190074376684958,"Medium (1.5~2.5%)","Loamy (18-35%)"
"QY242",18.24320961,2.17784,6.707736,0.0145272275336085,0.222266581264209,"Medium (1.5~2.5%)","Loamy (18-35%)"
"QY242",17.97465733,2.16856,6.703072,0.0162965461931027,0.195558554317232,"Medium (1.5~2.5%)","Sandy (<18%)"
"QY242",17.70610505,2.15404,6.7014,0.0180922617636193,0.217107141163432,"Medium (1.5~2.5%)","Sandy (<18%)"
"QY242",17.43755277,2.14252,6.70404,0.0197659785047821,0.290559884020297,"Medium (1.5~2.5%)","Sandy (<18%)"
"QY242",17.16900049,2.13208,6.70096,0.0216261422474707,0.320066905262566,"Medium (1.5~2.5%)","Sandy (<18%)"
"QY242",16.90044821,2.12324,6.701224,0.023656794339296,0.361948953391228,"Medium (1.5~2.5%)","Sandy (<18%)"
"QY242",16.63189593,2.11476,6.697616,0.0261273102159088,0.313527722590905,"Medium (1.5~2.5%)","Sandy (<18%)"
"QY242",16.36334365,2.10512,6.706592,0.0284098192433023,0.553991475244395,"Medium (1.5~2.5%)","Sandy (<18%)"
"QY242",16.09479137,2.09536,6.69656,0.0318296085849937,0.283283516406444,"Medium (1.5~2.5%)","Sandy (<18%)"
"QY242",15.82623909,2.09624,6.700168,0.0347325029021122,0.510567792661049,"Medium (1.5~2.5%)","Sandy (<18%)"
"QY242",15.55768681,2.10152,6.704568,0.0377223822515983,0.746903168581647,"Medium (1.5~2.5%)","Sandy (<18%)"
"QY242",15.28913453,2.10408,6.704656,0.0412575898127133,0.548725944509087,"Medium (1.5~2.5%)","Sandy (<18%)"
"QY242",15.02058226,2.10756,6.699464,0.0454198381555357,0.454198381555357,"Medium (1.5~2.5%)","Sandy (<18%)"
"QY242",14.75202998,2.12596,6.698936,0.0491136110405581,0.692501915671869,"Medium (1.5~2.5%)","Sandy (<18%)"
"QY242",14.4834777,2.14724,6.69788,0.0529519218751304,0.603651909376486,"Medium (1.5~2.5%)","Sandy (<18%)"
"QY242",14.21492542,2.1468,6.708528,0.0567550930248053,1.18618144421843,"Medium (1.5~2.5%)","Sandy (<18%)"
"QY242",13.94637314,2.1454,6.68688,0.0637636171402982,0.541990745692535,"Medium (1.5~2.5%)","Sandy (<18%)"
"QY242",13.67782086,2.1474,6.70272,0.0674383675622119,0.883442615064975,"Medium (1.5~2.5%)","Sandy (<18%)"
"QY242",13.40926858,2.15188,6.694976,0.0736334385652355,0.964598045204585,"Medium (1.5~2.5%)","Sandy (<18%)"
"QY242",13.1407163,2.15732,6.704832,0.0780838069159095,1.2102990071966,"Medium (1.5~2.5%)","Sandy (<18%)"
"QY242",12.87216402,2.1636,6.702368,0.0841621316546893,0.993113153525334,"Medium (1.5~2.5%)","Sandy (<18%)"
"QY242",12.60361174,2.16572,6.69832,0.0910127704580007,1.01024175208381,"Medium (1.5~2.5%)","Sandy (<18%)"
"QY242",12.33505946,2.16556,6.694976,0.0982719280385453,0.93358331636618,"Medium (1.5~2.5%)","Sandy (<18%)"
"QY242",12.06650718,2.1728,6.693304,0.105183399095696,0.957168931770831,"Medium (1.5~2.5%)","Sandy (<18%)"
"QY242",11.7979549,2.18008,6.6728,0.115363773175641,0.692182639053843,"Medium (1.5~2.5%)","Sandy (<18%)"
"QY242",11.52940262,2.189,6.68336,0.119607351936958,1.17215204898219,"Medium (1.5~2.5%)","Sandy (<18%)"
"QY242",11.26085034,2.1974,6.665496,0.128574744544375,0.552871401540814,"Medium (1.5~2.5%)","Sandy (<18%)"
"QY242",10.99229806,2.19432,6.697704,0.128228897054889,1.48745520583671,"Medium (1.5~2.5%)","Sandy (<18%)"
"QY242",10.72374578,2.20112,6.6904,0.134176064403532,1.24783739895285,"Medium (1.5~2.5%)","Sandy (<18%)"
"QY242",10.4551935,2.20936,6.694976,0.137097081282863,1.7000038079075,"Medium (1.5~2.5%)","Sandy (<18%)"
"QY242",10.18664123,2.21412,6.691544,0.14141224711568,1.34341634759896,"Medium (1.5~2.5%)","Sandy (<18%)"
"QY242",9.918088946,2.21648,6.691632,0.144689236178492,1.34560989645998,"Medium (1.5~2.5%)","Sandy (<18%)"
"QY242",9.649536667,2.24072,6.689696,0.145982783792878,1.32844333251519,"Medium (1.5~2.5%)","Sandy (<18%)"
"QY242",9.649536667,2.23796,6.689696,0.148404835519241,1.35048400322509,"Medium (1.5~2.5%)","Sandy (<18%)"
"QY242",9.649536667,2.24128,6.68952,0.150323409710673,1.36794302836713,"Medium (1.5~2.5%)","Sandy (<18%)"
"QY242",9.649536667,2.24428,6.689432,0.152241509683282,1.38539773811787,"Medium (1.5~2.5%)","Sandy (<18%)"
"QY242",9.649536667,2.24704,6.689344,0.154172633602028,1.40297096577845,"Medium (1.5~2.5%)","Sandy (<18%)"
"QY242",9.649536667,2.24964,6.689256,0.156110091870829,1.42060183602454,"Medium (1.5~2.5%)","Sandy (<18%)"
"QY242",9.649536667,2.25208,6.689168,0.158054397323584,1.43829501564462,"Medium (1.5~2.5%)","Sandy (<18%)"
"QY242",9.649536667,2.2544,6.68908,0.160002258543723,1.45602055274788,"Medium (1.5~2.5%)","Sandy (<18%)"
"QY242",9.649536667,2.25664,6.688992,0.161950220500411,1.47374700655374,"Medium (1.5~2.5%)","Sandy (<18%)"
"QY242",9.649536667,2.25876,6.688904,0.163902442164839,1.49151222370003,"Medium (1.5~2.5%)","Sandy (<18%)"
"QY242",9.649536667,2.26084,6.688816,0.165851448826433,1.50924818432054,"Medium (1.5~2.5%)","Sandy (<18%)"
"QY242",9.649536667,2.26288,6.688728,0.167797386602434,1.52695621808215,"Medium (1.5~2.5%)","Sandy (<18%)"
"QY242",9.649536667,2.26484,6.68864,0.16974441770831,1.54467420114562,"Medium (1.5~2.5%)","Sandy (<18%)"
"QY242",9.649536667,2.26676,6.688552,0.171688746895695,1.56236759675083,"Medium (1.5~2.5%)","Sandy (<18%)"
"QY242",9.649536667,2.26864,6.688464,0.173630517021842,1.58003770489876,"Medium (1.5~2.5%)","Sandy (<18%)"
"QY242",9.649536667,2.27048,6.688376,0.175569870031194,1.59768581728386,"Medium (1.5~2.5%)","Sandy (<18%)"
"QY242",9.649536667,2.27228,6.688288,0.177506946980738,1.61531321752471,"Medium (1.5~2.5%)","Sandy (<18%)"
"QY242",9.649536667,2.27404,6.6882,0.179441888065395,1.63292118139509,"Medium (1.5~2.5%)","Sandy (<18%)"
"QY242",9.649536667,2.2758,6.688112,0.181370560887578,1.65047210407696,"Medium (1.5~2.5%)","Sandy (<18%)"
"QY242",9.649536667,2.27748,6.688024,0.183301612837689,1.66804467682297,"Medium (1.5~2.5%)","Sandy (<18%)"
"QY242",9.649536667,2.27916,6.687936,0.185226588520073,1.68556195553267,"Medium (1.5~2.5%)","Sandy (<18%)"
"QY242",9.649536667,2.2808,6.687936,0.187124877859492,1.70283638852137,"Medium (1.5~2.5%)","Sandy (<18%)"
"QY242",9.649536667,2.2824,6.687848,0.18904644645123,1.72032266270619,"Medium (1.5~2.5%)","Sandy (<18%)"
"QY242",9.649536667,2.284,6.68776,0.190962146374508,1.73775553200802,"Medium (1.5~2.5%)","Sandy (<18%)"
"QY242",9.649536667,2.28552,6.687672,0.192881041560862,1.75521747820385,"Medium (1.5~2.5%)","Sandy (<18%)"
"QY242",9.649536667,2.28704,6.687584,0.194794253534535,1.77262770716427,"Medium (1.5~2.5%)","Sandy (<18%)"
"QY242",9.649536667,2.28856,6.687584,0.196675494521673,1.78974700014723,"Medium (1.5~2.5%)","Sandy (<18%)"
"QY242",9.649536667,2.29004,6.687496,0.198581816654573,1.80709453155661,"Medium (1.5~2.5%)","Sandy (<18%)"
"QY242",9.649536667,2.29148,6.687408,0.200487269451952,1.82443415201277,"Medium (1.5~2.5%)","Sandy (<18%)"
"QY242",9.649536667,2.29288,6.68732,0.202391984829696,1.84176706195023,"Medium (1.5~2.5%)","Sandy (<18%)"
"QY242",9.649536667,2.29428,6.68732,0.204264002368171,1.85880242155036,"Medium (1.5~2.5%)","Sandy (<18%)"
"QY242",9.649536667,2.29564,6.687232,0.206162570258725,1.8760793893544,"Medium (1.5~2.5%)","Sandy (<18%)"
"QY243",21,2.581014502,6.709144,0.0130835011701348,0.192327467200982,"High (>2.5%)","Loamy (18-35%)"
"QY243",20.69970695,2.552318849,6.707824,0.0147185893090278,0.217835121773611,"High (>2.5%)","Loamy (18-35%)"
"QY243",20.3994139,2.529565226,6.707736,0.0163276989236553,0.249813793531926,"High (>2.5%)","Loamy (18-35%)"
"QY243",20.09912084,2.513152183,6.70272,0.0180578331547986,0.216693997857584,"High (>2.5%)","Loamy (18-35%)"
"QY243",19.79882779,2.491666675,6.700872,0.0198059041257935,0.237670849509522,"Medium (1.5~2.5%)","Loamy (18-35%)"
"QY243",19.49853474,2.473152182,6.703512,0.0214261078767324,0.314963785787966,"Medium (1.5~2.5%)","Loamy (18-35%)"
"QY243",19.19824169,2.455905806,6.700696,0.0232458726099242,0.344038914626879,"Medium (1.5~2.5%)","Loamy (18-35%)"
"QY243",18.89794863,2.4402174,6.700696,0.0252507981317313,0.386337211415488,"Medium (1.5~2.5%)","Loamy (18-35%)"
"QY243",18.59765558,2.425072472,6.69656,0.0277217006401869,0.332660407682242,"Medium (1.5~2.5%)","Loamy (18-35%)"
"QY243",18.29736253,2.40887682,6.705712,0.0299499264592432,0.584023565955242,"Medium (1.5~2.5%)","Loamy (18-35%)"
"QY243",17.99706948,2.392681168,6.695768,0.0333736337204181,0.297025340111721,"Medium (1.5~2.5%)","Sandy (<18%)"
"QY243",17.69677642,2.387028994,6.698936,0.0363071760944275,0.533715488588084,"Medium (1.5~2.5%)","Sandy (<18%)"
"QY243",17.39648337,2.385688414,6.7036,0.0393206144060961,0.778548165240702,"Medium (1.5~2.5%)","Sandy (<18%)"
"QY243",17.09619032,2.381775371,6.704128,0.0428945642369918,0.570497704351991,"Medium (1.5~2.5%)","Sandy (<18%)"
"QY243",16.79589727,2.378840588,6.698408,0.0471983136380122,0.471983136380122,"Medium (1.5~2.5%)","Sandy (<18%)"
"QY243",16.49560421,2.39061595,6.698056,0.0510446666679604,0.719729800018241,"Medium (1.5~2.5%)","Sandy (<18%)"
"QY243",16.19531116,2.405144936,6.697088,0.055093694705816,0.628068119646302,"Medium (1.5~2.5%)","Sandy (<18%)"
"QY243",15.89501811,2.398405805,6.707472,0.0590685726512478,1.23453316841108,"Medium (1.5~2.5%)","Sandy (<18%)"
"QY243",15.59472506,2.390869573,6.686176,0.0663480354092735,0.563958300978825,"Medium (1.5~2.5%)","Sandy (<18%)"
"QY243",15.294432,2.386847834,6.701136,0.0703145410112772,0.921120487247731,"Medium (1.5~2.5%)","Sandy (<18%)"
"QY243",14.99413895,2.385326095,6.693392,0.0768698559438247,1.0069951128641,"Medium (1.5~2.5%)","Sandy (<18%)"
"QY243",14.6938459,2.384818849,6.703248,0.081640481428599,1.26542746214328,"Medium (1.5~2.5%)","Sandy (<18%)"
"QY243",14.39355285,2.385181168,6.700168,0.0882357743662001,1.04118213752116,"Medium (1.5~2.5%)","Sandy (<18%)"
"QY243",14.09325979,2.381594211,6.695768,0.0956209149073732,1.06139215547184,"Medium (1.5~2.5%)","Sandy (<18%)"
"QY243",13.79296674,2.375833342,6.692512,0.103398147371981,0.982282400033817,"Medium (1.5~2.5%)","Sandy (<18%)"
"QY243",13.49267369,2.377427544,6.689872,0.111072109377202,1.01075619533254,"Medium (1.5~2.5%)","Sandy (<18%)"
"QY243",13.19238064,2.379166675,6.668576,0.122243045119213,0.73345827071528,"Medium (1.5~2.5%)","Sandy (<18%)"
"QY243",12.89208758,2.38253624,6.680016,0.126890492629445,1.24352682776856,"Medium (1.5~2.5%)","Sandy (<18%)"
"QY243",12.59179453,2.385434791,6.660128,0.137193211898701,0.589930811164413,"Medium (1.5~2.5%)","Sandy (<18%)"
"QY243",12.29150148,2.377173921,6.694008,0.136756417083064,1.58637443816354,"Medium (1.5~2.5%)","Sandy (<18%)"
"QY243",11.99120843,2.378731892,6.687144,0.143397494343978,1.333596697399,"Medium (1.5~2.5%)","Sandy (<18%)"
"QY243",11.69091537,2.381811602,6.69172,0.146937608652405,1.82202634728982,"Medium (1.5~2.5%)","Sandy (<18%)"
"QY243",11.39062232,2.381449284,6.68776,0.152108908868583,1.44503463425154,"Medium (1.5~2.5%)","Sandy (<18%)"
"QY243",11.09032927,2.37887682,6.68776,0.156065836376171,1.45141227829839,"Medium (1.5~2.5%)","Sandy (<18%)"
"QY243",10.79003622,2.397862327,6.68556,0.15811601483798,1.43885573502562,"Medium (1.5~2.5%)","Sandy (<18%)"
"QY243",10.79003622,2.390253631,6.68556,0.161140100010786,1.46637491009815,"Medium (1.5~2.5%)","Sandy (<18%)"
"QY243",10.79003622,2.388840588,6.685384,0.163659024757067,1.48929712528931,"Medium (1.5~2.5%)","Sandy (<18%)"
"QY243",10.79003622,2.387173921,6.685208,0.166203911440068,1.51245559410461,"Medium (1.5~2.5%)","Sandy (<18%)"
"QY243",10.79003622,2.385362327,6.685032,0.168765542005697,1.53576643225184,"Medium (1.5~2.5%)","Sandy (<18%)"
"QY243",10.79003622,2.383442037,6.684944,0.171318138171732,1.55899505736276,"Medium (1.5~2.5%)","Sandy (<18%)"
"QY243",10.79003622,2.381485515,6.684768,0.173900585407995,1.58249532721276,"Medium (1.5~2.5%)","Sandy (<18%)"
"QY243",10.79003622,2.37945653,6.68468,0.176470440918457,1.60588101235796,"Medium (1.5~2.5%)","Sandy (<18%)"
"QY243",10.79003622,2.377427544,6.684504,0.179067589320707,1.62951506281843,"Medium (1.5~2.5%)","Sandy (<18%)"
"QY243",10.79003622,2.375398559,6.684416,0.181644447152702,1.65296446908958,"Medium (1.5~2.5%)","Sandy (<18%)"
"QY243",10.79003622,2.373405805,6.68424,0.184245504494364,1.67663409089871,"Medium (1.5~2.5%)","Sandy (<18%)"
"QY243",10.79003622,2.37137682,6.684152,0.186829280520055,1.7001464527325,"Medium (1.5~2.5%)","Sandy (<18%)"
"QY243",10.79003622,2.369420298,6.684064,0.189408607650547,1.72361832961998,"Medium (1.5~2.5%)","Sandy (<18%)"
"QY243",10.79003622,2.367427544,6.683888,0.19202064277813,1.74738784928098,"Medium (1.5~2.5%)","Sandy (<18%)"
"QY243",10.79003622,2.365507255,6.6838,0.19460251946025,1.77088292708827,"Medium (1.5~2.5%)","Sandy (<18%)"
"QY243",10.79003622,2.363623197,6.683712,0.197183316218493,1.79436817758828,"Medium (1.5~2.5%)","Sandy (<18%)"
"QY243",10.79003622,2.361739139,6.683536,0.199793686466341,1.8181225468437,"Medium (1.5~2.5%)","Sandy (<18%)"
"QY243",10.79003622,2.359891313,6.683448,0.202376339037465,1.84162468524093,"Medium (1.5~2.5%)","Sandy (<18%)"
"QY243",10.79003622,2.358079718,6.68336,0.204957505648001,1.86511330139681,"Medium (1.5~2.5%)","Sandy (<18%)"
"QY243",10.79003622,2.356304356,6.683272,0.20753701554462,1.88858684145605,"Medium (1.5~2.5%)","Sandy (<18%)"
"QY243",10.79003622,2.354565226,6.683096,0.210142799812355,1.91229947829243,"Medium (1.5~2.5%)","Sandy (<18%)"
"QY243",10.79003622,2.352826095,6.683008,0.212723187076441,1.93578100239561,"Medium (1.5~2.5%)","Sandy (<18%)"
"QY243",10.79003622,2.351159428,6.68292,0.215297066087829,1.95920330139925,"Medium (1.5~2.5%)","Sandy (<18%)"
"QY243",10.79003622,2.349492762,6.682832,0.217873108848285,1.98264529051939,"Medium (1.5~2.5%)","Sandy (<18%)"
"QY243",10.79003622,2.347862327,6.682744,0.220446749142976,2.00606541720108,"Medium (1.5~2.5%)","Sandy (<18%)"
"QY243",10.79003622,2.346268124,6.682656,0.223017816951441,2.02946213425811,"Medium (1.5~2.5%)","Sandy (<18%)"
"QY243",10.79003622,2.344710153,6.682568,0.225586142600113,2.05283389766103,"Medium (1.5~2.5%)","Sandy (<18%)"
"QY243",10.79003622,2.343152182,6.68248,0.228156284051947,2.07622218487272,"Medium (1.5~2.5%)","Sandy (<18%)"
"QY243",10.79003622,2.341630443,6.682392,0.230723449770865,2.09958339291487,"Medium (1.5~2.5%)","Sandy (<18%)"
"QY243",10.79003622,2.340144936,6.682304,0.233287470519539,2.1229159817278,"Medium (1.5~2.5%)","Sandy (<18%)"
"QY243",10.79003622,2.33869566,6.682216,0.235848177497999,2.14621841523179,"Medium (1.5~2.5%)","Sandy (<18%)"
"QY243",10.79003622,2.337282617,6.682128,0.23840540183059,2.16948915665837,"Medium (1.5~2.5%)","Sandy (<18%)"
"QY246",39.5962202,2.161312108,6.70624,0.0589537796876457,0.866620561408391,"Medium (1.5~2.5%)","Clay (>35%)"
"QY246",39.03000736,2.134539058,6.704304,0.0604288817448649,0.894347449824001,"Medium (1.5~2.5%)","Clay (>35%)"
"QY246",38.46379451,2.111276646,6.703952,0.0616617325870134,0.943424508581304,"Medium (1.5~2.5%)","Clay (>35%)"
"QY246",37.89758166,2.091950404,6.699112,0.0632070853122517,0.758485023747021,"Medium (1.5~2.5%)","Clay (>35%)"
"QY246",37.33136881,2.069645439,6.697704,0.0645958831796022,0.775150598155227,"Medium (1.5~2.5%)","Clay (>35%)"
"QY246",36.76515596,2.04932629,6.701312,0.0654399981190525,0.961967972350071,"Medium (1.5~2.5%)","Clay (>35%)"
"QY246",36.19894311,2.029893665,6.69876,0.066880976543,0.9898384528364,"Medium (1.5~2.5%)","Clay (>35%)"
"QY246",35.63273026,2.011560331,6.699112,0.0680225858132753,1.04074556294311,"Medium (1.5~2.5%)","Clay (>35%)"
"QY246",35.06651741,1.99368799,6.695152,0.0696298904499836,0.835558685399803,"Medium (1.5~2.5%)","Clay (>35%)"
"QY246",34.50030456,1.975354657,6.70448,0.0699049549243714,1.36314662102524,"Medium (1.5~2.5%)","Loamy (18-35%)"
"QY246",33.93409171,1.957198628,6.694008,0.072303061943599,0.643497251298031,"Medium (1.5~2.5%)","Loamy (18-35%)"
"QY246",33.36787886,1.945531961,6.697528,0.0729548482657361,1.07243626950632,"Medium (1.5~2.5%)","Loamy (18-35%)"
"QY246",32.80166601,1.936595791,6.702368,0.0733146986609688,1.45163103348718,"Medium (1.5~2.5%)","Loamy (18-35%)"
"QY246",32.23545317,1.926312102,6.703248,0.0741772174473792,0.986556992050143,"Medium (1.5~2.5%)","Loamy (18-35%)"
"QY246",31.66924032,1.916702173,6.696736,0.075907804168272,0.75907804168272,"Medium (1.5~2.5%)","Loamy (18-35%)"
"QY246",31.10302747,1.916134797,6.696208,0.0765198947546519,1.07893051604059,"Medium (1.5~2.5%)","Loamy (18-35%)"
"QY246",30.53681462,1.917375932,6.695768,0.0770228216314682,0.878060166598737,"Medium (1.5~2.5%)","Loamy (18-35%)"
"QY246",29.97060177,1.905992953,6.706064,0.0769786742269919,1.60885429134413,"Medium (1.5~2.5%)","Loamy (18-35%)"
"QY246",29.40438892,1.894219903,6.685032,0.0806746790502778,0.685734771927361,"Medium (1.5~2.5%)","Loamy (18-35%)"
"QY246",28.83817607,1.884680896,6.69876,0.0801537077150429,1.05001357106706,"Medium (1.5~2.5%)","Loamy (18-35%)"
"QY246",28.27196322,1.876773094,6.69128,0.0821383281703961,1.07601209903219,"Medium (1.5~2.5%)","Loamy (18-35%)"
"QY246",27.70575037,1.869645434,6.700784,0.082004778512126,1.27107406693795,"Medium (1.5~2.5%)","Loamy (18-35%)"
"QY246",27.13953752,1.863156072,6.697968,0.0833901151860648,0.984003359195565,"Medium (1.5~2.5%)","Loamy (18-35%)"
"QY246",26.57332467,1.854361746,6.69348,0.0851922791784069,0.945634298880316,"Medium (1.5~2.5%)","Loamy (18-35%)"
"QY246",26.00711182,1.844432668,6.68952,0.087054917951284,0.827021720537198,"Medium (1.5~2.5%)","Loamy (18-35%)"
"QY246",25.44089898,1.839042597,6.68644,0.0885761745767102,0.806043188648063,"Medium (1.5~2.5%)","Loamy (18-35%)"
"QY246",24.87468613,1.833865292,6.665232,0.0926341898632884,0.55580513917973,"Medium (1.5~2.5%)","Loamy (18-35%)"
"QY246",24.30847328,1.829751816,6.6772,0.0920151239316084,0.901748214529762,"Medium (1.5~2.5%)","Loamy (18-35%)"
"QY246",23.74226043,1.825496497,6.657312,0.0958711327087211,0.412245870647501,"Medium (1.5~2.5%)","Loamy (18-35%)"
"QY246",23.17604758,1.814609972,6.690048,0.0926549108031178,1.07479696531617,"Medium (1.5~2.5%)","Loamy (18-35%)"
"QY246",22.60983473,1.809787277,6.68292,0.0946277625267084,0.880038191498388,"Medium (1.5~2.5%)","Loamy (18-35%)"
"QY246",22.04362188,1.805922029,6.688024,0.0947795798858213,1.17526679058418,"Medium (1.5~2.5%)","Loamy (18-35%)"
"QY246",21.47740903,1.800141887,6.6838,0.0963584891402298,0.915405646832183,"Medium (1.5~2.5%)","Loamy (18-35%)"
"QY246",20.91119618,1.793085149,6.682832,0.0975390138539171,0.907112828841429,"Medium (1.5~2.5%)","Loamy (18-35%)"
"QY246",20.34498333,1.799148979,6.680984,0.0978657311595997,0.890578153552357,"Medium (1.5~2.5%)","Loamy (18-35%)"
"QY246",20.34498333,1.789326283,6.680808,0.0988750890093842,0.899763309985396,"Medium (1.5~2.5%)","Loamy (18-35%)"
"QY246",20.34498333,1.783262454,6.680544,0.0996280936670471,0.906615652370129,"Medium (1.5~2.5%)","Loamy (18-35%)"
"QY246",20.34498333,1.777198624,6.680368,0.10037326435365,0.913396705618218,"Medium (1.5~2.5%)","Loamy (18-35%)"
"QY246",20.34498333,1.771099333,6.680104,0.101140130915407,0.9203751913302,"Medium (1.5~2.5%)","Loamy (18-35%)"
"QY246",20.34498333,1.765035503,6.679928,0.101896383302861,0.927257088056031,"Medium (1.5~2.5%)","Loamy (18-35%)"
"QY246",20.34498333,1.759042595,6.679752,0.102652657039462,0.934139179059102,"Medium (1.5~2.5%)","Loamy (18-35%)"
"QY246",20.34498333,1.753085148,6.679576,0.103411637605022,0.941045902205697,"Medium (1.5~2.5%)","Loamy (18-35%)"
"QY246",20.34498333,1.747234084,6.679312,0.104181557844319,0.948052176383301,"Medium (1.5~2.5%)","Loamy (18-35%)"
"QY246",20.34498333,1.741453942,6.679136,0.10493729595889,0.954929393225899,"Medium (1.5~2.5%)","Loamy (18-35%)"
"QY246",20.34498333,1.735744722,6.67896,0.105692576028781,0.961802441861911,"Medium (1.5~2.5%)","Loamy (18-35%)"
"QY246",20.34498333,1.730141885,6.678784,0.106444350961887,0.968643593753173,"Medium (1.5~2.5%)","Loamy (18-35%)"
"QY246",20.34498333,1.72460997,6.678608,0.107195363162573,0.975477804779416,"Medium (1.5~2.5%)","Loamy (18-35%)"
"QY246",20.34498333,1.719219899,6.678432,0.107939519216156,0.982249624867019,"Medium (1.5~2.5%)","Loamy (18-35%)"
"QY246",20.34498333,1.713865289,6.678256,0.108685560196594,0.989038597789001,"Medium (1.5~2.5%)","Loamy (18-35%)"
"QY246",20.34498333,1.708652523,6.678168,0.109409680156116,0.995628089420654,"Medium (1.5~2.5%)","Loamy (18-35%)"
"QY246",20.34498333,1.703510679,6.677992,0.110146908651194,1.00233686872586,"Medium (1.5~2.5%)","Loamy (18-35%)"
"QY246",20.34498333,1.698439757,6.677816,0.110882563628016,1.00903132901494,"Medium (1.5~2.5%)","Loamy (18-35%)"
"QY246",20.34498333,1.693475217,6.677728,0.111598455527111,1.01554594529671,"Medium (1.5~2.5%)","Loamy (18-35%)"
"QY246",20.34498333,1.688617061,6.677552,0.112324138360216,1.02214965907796,"Medium (1.5~2.5%)","Loamy (18-35%)"
"QY246",20.34498333,1.683829827,6.677464,0.113032622172836,1.02859686177281,"Medium (1.5~2.5%)","Loamy (18-35%)"
"QY246",20.34498333,1.679113515,6.677288,0.1137539284586,1.03516074897326,"Medium (1.5~2.5%)","Loamy (18-35%)"
"QY246",20.34498333,1.674503586,6.6772,0.11445432746536,1.04153437993478,"Medium (1.5~2.5%)","Loamy (18-35%)"
"QY246",20.34498333,1.669964579,6.677112,0.115152014935609,1.04788333591405,"Medium (1.5~2.5%)","Loamy (18-35%)"
"QY246",20.34498333,1.665531954,6.676936,0.115859043987789,1.05431730028888,"Medium (1.5~2.5%)","Loamy (18-35%)"
"QY246",20.34498333,1.661134791,6.676848,0.116550952627594,1.06061366891111,"Medium (1.5~2.5%)","Loamy (18-35%)"
"QY246",20.34498333,1.656844011,6.67676,0.117236379899989,1.0668510570899,"Medium (1.5~2.5%)","Loamy (18-35%)"
"QY246",20.34498333,1.652659614,6.676672,0.117915109705387,1.07302749831903,"Medium (1.5~2.5%)","Loamy (18-35%)"
"QY246",20.34498333,1.648510677,6.676584,0.118593763510567,1.07920324794616,"Medium (1.5~2.5%)","Loamy (18-35%)"
"QY246",20.34498333,1.644432663,6.676496,0.119268837125717,1.08534641784402,"Medium (1.5~2.5%)","Loamy (18-35%)"
"QY246",20.34498333,1.640461032,6.676408,0.119936719547001,1.09142414787771,"Medium (1.5~2.5%)","Loamy (18-35%)"
"QY246",20.34498333,1.636524861,6.67632,0.120604199771736,1.0974982179228,"Medium (1.5~2.5%)","Loamy (18-35%)"
"QY248",45.12721369,1.815688412,6.708528,0.0211246316839965,0.310532085754749,"Medium (1.5~2.5%)","Clay (>35%)"
"QY248",44.48190946,1.797246383,6.707208,0.0218192864844844,0.322925439970368,"Medium (1.5~2.5%)","Clay (>35%)"
"QY248",43.83660524,1.783804354,6.706944,0.0224108887392024,0.342886597709797,"Medium (1.5~2.5%)","Clay (>35%)"
"QY248",43.19130101,1.775724644,6.70272,0.0230653839250153,0.276784607100184,"Medium (1.5~2.5%)","Clay (>35%)"
"QY248",42.54599678,1.763260876,6.701576,0.0237067156778968,0.284480588134762,"Medium (1.5~2.5%)","Clay (>35%)"
"QY248",41.90069256,1.753260876,6.703952,0.0241877767824785,0.355560318702433,"Medium (1.5~2.5%)","Clay (>35%)"
"QY248",41.25538833,1.744202905,6.701224,0.0248463711987566,0.367726293741598,"Medium (1.5~2.5%)","Clay (>35%)"
"QY248",40.61008411,1.736413049,6.701136,0.0253993138574875,0.388609502019558,"Medium (1.5~2.5%)","Clay (>35%)"
"QY248",39.96477988,1.728949281,6.697704,0.0260895853460216,0.313075024152259,"Medium (1.5~2.5%)","Clay (>35%)"
"QY248",39.31947565,1.720507252,6.706504,0.026334456015145,0.513521892295328,"Medium (1.5~2.5%)","Clay (>35%)"
"QY248",38.67417143,1.71199276,6.696032,0.0273612016740929,0.243514694899427,"Medium (1.5~2.5%)","Clay (>35%)"
"QY248",38.0288672,1.712282615,6.699464,0.027669654323281,0.406743918552231,"Medium (1.5~2.5%)","Clay (>35%)"
"QY248",37.38356298,1.716159426,6.703952,0.0278484841713908,0.551399986593537,"Medium (1.5~2.5%)","Clay (>35%)"
"QY248",36.73825875,1.717789861,6.70316,0.0282932483657578,0.376300203264578,"Medium (1.5~2.5%)","Clay (>35%)"
"QY248",36.09295452,1.720144933,6.698672,0.0289062264875701,0.289062264875701,"Medium (1.5~2.5%)","Clay (>35%)"
"QY248",35.4476503,1.734855078,6.698232,0.0290804922622343,0.410034940897504,"Medium (1.5~2.5%)","Clay (>35%)"
"QY248",34.80234607,1.751847832,6.696032,0.0292804413256153,0.333797031112014,"Medium (1.5~2.5%)","Loamy (18-35%)"
"QY248",34.15704184,1.750797107,6.70756,0.0292842685119603,0.612041211899971,"Medium (1.5~2.5%)","Loamy (18-35%)"
"QY248",33.51173762,1.748949281,6.68292,0.0309418649608075,0.263005852166863,"Medium (1.5~2.5%)","Loamy (18-35%)"
"QY248",32.86643339,1.750000006,6.699728,0.0306602661541129,0.401649486618879,"Medium (1.5~2.5%)","Loamy (18-35%)"
"QY248",32.22112917,1.753079716,6.69128,0.0315126350012996,0.412815518517025,"Medium (1.5~2.5%)","Loamy (18-35%)"
"QY248",31.57582494,1.756956528,6.701576,0.0314674349881859,0.487745242316882,"Medium (1.5~2.5%)","Loamy (18-35%)"
"QY248",30.93052071,1.761485513,6.69744,0.0321038750723696,0.378825725853962,"Medium (1.5~2.5%)","Loamy (18-35%)"
"QY248",30.28521649,1.76257247,6.692952,0.0328669277411089,0.364822897926309,"Medium (1.5~2.5%)","Loamy (18-35%)"
"QY248",29.63991226,1.7618116,6.688376,0.0337025386772437,0.320174117433815,"Medium (1.5~2.5%)","Loamy (18-35%)"
"QY248",28.99460804,1.767173919,6.686176,0.0342823520213862,0.311969403394614,"Medium (1.5~2.5%)","Loamy (18-35%)"
"QY248",28.34930381,1.77257247,6.661624,0.0360728447685814,0.216437068611488,"Medium (1.5~2.5%)","Loamy (18-35%)"
"QY248",27.70399958,1.779275368,6.675,0.0357606644149338,0.350454511266351,"Medium (1.5~2.5%)","Loamy (18-35%)"
"QY248",27.05869536,1.785579716,6.649744,0.0375538762041791,0.16148166767797,"Medium (1.5~2.5%)","Loamy (18-35%)"
"QY248",26.41339113,1.782282615,6.690488,0.0359062426002166,0.416512414162512,"Medium (1.5~2.5%)","Loamy (18-35%)"
"QY248",25.7680869,1.787318847,6.681336,0.0367500427509578,0.341775397583908,"Medium (1.5~2.5%)","Loamy (18-35%)"
"QY248",25.12278268,1.793478267,6.687496,0.0366940739578106,0.455006517076852,"Medium (1.5~2.5%)","Loamy (18-35%)"
"QY248",24.47747845,1.796739137,6.682744,0.0372868137108843,0.354224730253401,"Medium (1.5~2.5%)","Loamy (18-35%)"
"QY248",23.83217423,1.798043484,6.682216,0.0376663196188484,0.35029677245529,"Medium (1.5~2.5%)","Loamy (18-35%)"
"QY248",23.18687,1.817536238,6.680192,0.0375939250667576,0.342104718107494,"Medium (1.5~2.5%)","Loamy (18-35%)"
"QY248",23.18687,1.81449276,6.680104,0.0379320643522997,0.345181785605927,"Medium (1.5~2.5%)","Loamy (18-35%)"
"QY248",23.18687,1.816594209,6.67984,0.0381362777497217,0.347040127522468,"Medium (1.5~2.5%)","Loamy (18-35%)"
"QY248",23.18687,1.818405803,6.679752,0.0383376998700281,0.348873068817256,"Medium (1.5~2.5%)","Loamy (18-35%)"
"QY248",23.18687,1.82007247,6.679576,0.0385476273962674,0.350783409306034,"Medium (1.5~2.5%)","Loamy (18-35%)"
"QY248",23.18687,1.821594209,6.6794,0.0387610066815974,0.352725160802537,"Medium (1.5~2.5%)","Loamy (18-35%)"
"QY248",23.18687,1.823007253,6.679224,0.038976853596669,0.354689367729688,"Medium (1.5~2.5%)","Loamy (18-35%)"
"QY248",23.18687,1.824311601,6.679048,0.0391952100772622,0.356676411703086,"Medium (1.5~2.5%)","Loamy (18-35%)"
"QY248",23.18687,1.825543485,6.67896,0.0394097997898523,0.358629178087656,"Medium (1.5~2.5%)","Loamy (18-35%)"
"QY248",23.18687,1.826739137,6.678784,0.0396301172363322,0.360634066850623,"Medium (1.5~2.5%)","Loamy (18-35%)"
"QY248",23.18687,1.827898557,6.678608,0.0398509302804365,0.362643465551972,"Medium (1.5~2.5%)","Loamy (18-35%)"
"QY248",23.18687,1.828985514,6.67852,0.0400679594476254,0.364618430973391,"Medium (1.5~2.5%)","Loamy (18-35%)"
"QY248",23.18687,1.83007247,6.678344,0.0402897910071616,0.366637098165171,"Medium (1.5~2.5%)","Loamy (18-35%)"
"QY248",23.18687,1.831123195,6.678256,0.0405067475227621,0.368611402457135,"Medium (1.5~2.5%)","Loamy (18-35%)"
"QY248",23.18687,1.832137687,6.67808,0.0407296564452271,0.370639873651566,"Medium (1.5~2.5%)","Loamy (18-35%)"
"QY248",23.18687,1.83315218,6.677992,0.040946578112512,0.372613860823859,"Medium (1.5~2.5%)","Loamy (18-35%)"
"QY248",23.18687,1.834130441,6.677816,0.0411695333142681,0.37464275315984,"Medium (1.5~2.5%)","Loamy (18-35%)"
"QY248",23.18687,1.83507247,6.677728,0.0413875491716826,0.376626697462312,"Medium (1.5~2.5%)","Loamy (18-35%)"
"QY248",23.18687,1.836014499,6.67764,0.0416050238724788,0.378605717239557,"Medium (1.5~2.5%)","Loamy (18-35%)"
"QY248",23.18687,1.836920296,6.677464,0.0418286578620071,0.380640786544264,"Medium (1.5~2.5%)","Loamy (18-35%)"
"QY248",23.18687,1.837826093,6.677376,0.0420461911469824,0.38262033943754,"Medium (1.5~2.5%)","Loamy (18-35%)"
"QY248",23.18687,1.838695659,6.677288,0.0422643122227394,0.384605241226929,"Medium (1.5~2.5%)","Loamy (18-35%)"
"QY248",23.18687,1.839565224,6.6772,0.0424819152651169,0.386585428912564,"Medium (1.5~2.5%)","Loamy (18-35%)"
"QY248",23.18687,1.840434789,6.677024,0.0427047123139374,0.38861288205683,"Medium (1.5~2.5%)","Loamy (18-35%)"
"QY248",23.18687,1.841268122,6.676936,0.042922437200377,0.39059417852343,"Medium (1.5~2.5%)","Loamy (18-35%)"
"QY248",23.18687,1.842065224,6.676848,0.0431407936591355,0.392581222298133,"Medium (1.5~2.5%)","Loamy (18-35%)"
"QY248",23.18687,1.842898557,6.67676,0.0433575124311373,0.394553363123349,"Medium (1.5~2.5%)","Loamy (18-35%)"
"QY248",23.18687,1.843695659,6.676672,0.0435748757862817,0.396531369655164,"Medium (1.5~2.5%)","Loamy (18-35%)"
"QY248",23.18687,1.844456528,6.676584,0.0437928989427172,0.398515380378726,"Medium (1.5~2.5%)","Loamy (18-35%)"
"QY248",23.18687,1.845217398,6.676496,0.0440104390096097,0.400494994987448,"Medium (1.5~2.5%)","Loamy (18-35%)"
"QY248",23.18687,1.845978267,6.676408,0.0442274972238059,0.402470224736634,"Medium (1.5~2.5%)","Loamy (18-35%)"
"QY248",23.18687,1.846702905,6.67632,0.0444452431573754,0.404451712732116,"Medium (1.5~2.5%)","Loamy (18-35%)"
"QY264",32.26640143,3.00404,6.397536,0.0420954227121184,0.618802713868141,"High (>2.5%)","Loamy (18-35%)"
"QY264",31.80500257,2.96284,6.315344,0.0491349381309799,0.727197084338502,"High (>2.5%)","Loamy (18-35%)"
"QY264",31.3436037,2.92404,6.255504,0.0553700358174161,0.847161548006466,"High (>2.5%)","Loamy (18-35%)"
"QY264",30.88220484,2.88812,6.237464,0.0584793617743187,0.701752341291825,"High (>2.5%)","Loamy (18-35%)"
"QY264",30.42080597,2.85044,6.210712,0.0626581169916771,0.751897403900126,"High (>2.5%)","Loamy (18-35%)"
"QY264",29.9594071,2.8144,6.1756,0.0679456641722358,0.998801263331866,"High (>2.5%)","Loamy (18-35%)"
"QY264",29.49800824,2.77936,6.146384,0.0729720776699668,1.07998674951551,"High (>2.5%)","Loamy (18-35%)"
"QY264",29.03660937,2.74552,6.120248,0.0780183289420793,1.19368043281381,"High (>2.5%)","Loamy (18-35%)"
"QY264",28.57521051,2.71232,6.12368,0.0797735417581909,0.957282501098291,"High (>2.5%)","Loamy (18-35%)"
"QY264",28.11381164,2.6792,6.089712,0.0864363737951453,1.68550928900533,"High (>2.5%)","Loamy (18-35%)"
"QY264",27.65241278,2.64652,6.094552,0.0882547852588657,0.785467588803905,"High (>2.5%)","Loamy (18-35%)"
"QY264",27.19101391,2.61876,6.066568,0.0946770933836516,1.39175327273968,"High (>2.5%)","Loamy (18-35%)"
"QY264",26.72961504,2.59336,6.045976,0.100299857702982,1.98593718251905,"High (>2.5%)","Loamy (18-35%)"
"QY264",26.26821618,2.56736,6.03744,0.104346002678022,1.38780183561769,"High (>2.5%)","Loamy (18-35%)"
"QY264",25.80681731,2.54224,6.054512,0.104515386970299,1.04515386970299,"High (>2.5%)","Loamy (18-35%)"
"QY264",25.34541845,2.52376,6.018344,0.113233191359705,1.59658799817184,"High (>2.5%)","Loamy (18-35%)"
"QY264",24.88401958,2.507,6.026792,0.114513464360595,1.30545349371078,"High (>2.5%)","Loamy (18-35%)"
"QY264",24.42262072,2.48164,6.00092,0.122689366790293,2.56420776591713,"Medium (1.5~2.5%)","Loamy (18-35%)"
"QY264",23.96122185,2.45636,6.011656,0.124209192114598,1.05577813297408,"Medium (1.5~2.5%)","Loamy (18-35%)"
"QY264",23.49982299,2.43292,5.9952,0.13124144784741,1.71926296680107,"Medium (1.5~2.5%)","Loamy (18-35%)"
"QY264",23.03842412,2.41092,5.984552,0.137296883797865,1.79858917775203,"Medium (1.5~2.5%)","Loamy (18-35%)"
"QY264",22.57702525,2.3898,5.975752,0.143231526342682,2.22008865831157,"Medium (1.5~2.5%)","Loamy (18-35%)"
"QY264",22.11562639,2.3694,5.979096,0.146645858322374,1.73042112820402,"Medium (1.5~2.5%)","Loamy (18-35%)"
"QY264",21.65422752,2.34772,5.979976,0.150975334870464,1.67582621706215,"Medium (1.5~2.5%)","Loamy (18-35%)"
"QY264",21.19282866,2.32548,5.978392,0.156150336309594,1.48342819494114,"Medium (1.5~2.5%)","Loamy (18-35%)"
"QY264",20.73142979,2.30672,5.985608,0.159149622061158,1.44826156075654,"Medium (1.5~2.5%)","Loamy (18-35%)"
"QY264",20.27003093,2.2884,6.000304,0.160319280621324,0.961915683727944,"Medium (1.5~2.5%)","Loamy (18-35%)"
"QY264",19.80863206,2.27112,5.970472,0.172532792120517,1.69082136278106,"Medium (1.5~2.5%)","Loamy (18-35%)"
"QY264",19.34723319,2.254,6.01852,0.164569753478759,0.707649939958662,"Medium (1.5~2.5%)","Loamy (18-35%)"
"QY264",18.88583433,2.23244,5.974344,0.181019625295323,2.09982765342574,"Medium (1.5~2.5%)","Loamy (18-35%)"
"QY264",18.42443546,2.2154,5.960704,0.189052723265693,1.75819032637094,"Medium (1.5~2.5%)","Loamy (18-35%)"
"QY264",17.9630366,2.19932,5.953576,0.195213409375401,2.42064627625497,"Medium (1.5~2.5%)","Sandy (<18%)"
"QY264",17.50163773,2.18212,5.959824,0.197278898639093,1.87414953707138,"Medium (1.5~2.5%)","Sandy (<18%)"
"QY264",17.04023887,2.16428,5.945568,0.205618573947294,1.91225273770983,"Medium (1.5~2.5%)","Sandy (<18%)"
"QY264",16.57884,2.15588,5.953048,0.20589559278437,1.87364989433776,"Medium (1.5~2.5%)","Sandy (<18%)"
"QY264",16.57884,2.1366,5.949968,0.21028447417131,1.91358871495893,"Medium (1.5~2.5%)","Sandy (<18%)"
"QY264",16.57884,2.12016,5.948648,0.213816663694689,1.94573163962167,"Medium (1.5~2.5%)","Sandy (<18%)"
"QY264",16.57884,2.10388,5.947592,0.217302917310537,1.97745654752589,"Medium (1.5~2.5%)","Sandy (<18%)"
"QY264",16.57884,2.08784,5.946624,0.22078680726559,2.00915994611687,"Medium (1.5~2.5%)","Sandy (<18%)"
"QY264",16.57884,2.07204,5.945656,0.224296040616853,2.04109396961336,"Medium (1.5~2.5%)","Sandy (<18%)"
"QY264",16.57884,2.05648,5.944776,0.227799140557359,2.07297217907197,"Medium (1.5~2.5%)","Sandy (<18%)"
"QY264",16.57884,2.04112,5.943808,0.231361654019558,2.10539105157797,"Medium (1.5~2.5%)","Sandy (<18%)"
"QY264",16.57884,2.02608,5.942928,0.234902735787046,2.13761489566212,"Medium (1.5~2.5%)","Sandy (<18%)"
"QY264",16.57884,2.01124,5.942048,0.238470016437761,2.17007714958363,"Medium (1.5~2.5%)","Sandy (<18%)"
"QY264",16.57884,1.99668,5.941168,0.242049678173533,2.20265207137915,"Medium (1.5~2.5%)","Sandy (<18%)"
"QY264",16.57884,1.98236,5.940288,0.245646668786367,2.23538468595594,"Medium (1.5~2.5%)","Sandy (<18%)"
"QY264",16.57884,1.96828,5.939408,0.24925965007146,2.26826281565028,"Medium (1.5~2.5%)","Sandy (<18%)"
"QY264",16.57884,1.95448,5.938528,0.252880295122269,2.30121068561265,"Medium (1.5~2.5%)","Sandy (<18%)"
"QY264",16.57884,1.94092,5.937648,0.256513817430672,2.33427573861912,"Medium (1.5~2.5%)","Sandy (<18%)"
"QY264",16.57884,1.92756,5.936856,0.260131159299987,2.36719354962988,"Medium (1.5~2.5%)","Sandy (<18%)"
"QY264",16.57884,1.91448,5.935976,0.263785617049058,2.40044911514643,"Medium (1.5~2.5%)","Sandy (<18%)"
"QY264",16.57884,1.9016,5.935184,0.267420066874108,2.43352260855438,"Medium (1.5~2.5%)","Sandy (<18%)"
"QY264",16.57884,1.88896,5.934304,0.271096739566043,2.46698033005099,"Medium (1.5~2.5%)","Sandy (<18%)"
"QY264",16.57884,1.87656,5.933512,0.274741812144775,2.50015049051745,"Medium (1.5~2.5%)","Sandy (<18%)"
"QY264",16.57884,1.86436,5.93272,0.278397403979326,2.53341637621187,"Medium (1.5~2.5%)","Sandy (<18%)"
"QY264",16.57884,1.8524,5.931928,0.282054001080499,2.56669140983254,"Medium (1.5~2.5%)","Sandy (<18%)"
"QY264",16.57884,1.84064,5.931136,0.285718079409005,2.60003452262194,"Medium (1.5~2.5%)","Sandy (<18%)"
"QY264",16.57884,1.82908,5.930344,0.289388200541526,2.63343262492788,"Medium (1.5~2.5%)","Sandy (<18%)"
"QY264",16.57884,1.81772,5.92964,0.293023695390935,2.66651562805751,"Medium (1.5~2.5%)","Sandy (<18%)"
"QY264",16.57884,1.8066,5.928848,0.296692248752659,2.69989946364919,"Medium (1.5~2.5%)","Sandy (<18%)"
"QY264",16.57884,1.79564,5.928144,0.300330793389145,2.73301021984122,"Medium (1.5~2.5%)","Sandy (<18%)"
"QY264",16.57884,1.78492,5.927352,0.303999900376446,2.76639909342566,"Medium (1.5~2.5%)","Sandy (<18%)"
"QY264",16.57884,1.77436,5.926648,0.307635120878021,2.79947959998999,"Medium (1.5~2.5%)","Sandy (<18%)"
"QY264",16.57884,1.764,5.925944,0.311266085988386,2.83252138249432,"Medium (1.5~2.5%)","Sandy (<18%)"
"QY264",16.57884,1.7538,5.925152,0.314942838660066,2.8659798318066,"Medium (1.5~2.5%)","Sandy (<18%)"
"QY264",16.57884,1.7438,5.924448,0.318570442885612,2.89899103025907,"Medium (1.5~2.5%)","Sandy (<18%)"
"QY267",21,2.224130442,6.703248,0.0290851544559882,0.427551770503027,"Medium (1.5~2.5%)","Loamy (18-35%)"
"QY267",20.69970695,2.200072471,6.700696,0.0299468926923503,0.443214011846785,"Medium (1.5~2.5%)","Loamy (18-35%)"
"QY267",20.3994139,2.181485515,6.699112,0.0306832088166088,0.469453094894115,"Medium (1.5~2.5%)","Loamy (18-35%)"
"QY267",20.09912084,2.168768123,6.693304,0.0315360825143539,0.378432990172247,"Medium (1.5~2.5%)","Loamy (18-35%)"
"QY267",19.79882779,2.151304355,6.69084,0.0323471112999863,0.388165335599836,"Medium (1.5~2.5%)","Loamy (18-35%)"
"QY267",19.49853474,2.136557978,6.693568,0.0328653783657729,0.483121061976862,"Medium (1.5~2.5%)","Loamy (18-35%)"
"QY267",19.19824169,2.12293479,6.6904,0.0336680613819751,0.498287308453232,"Medium (1.5~2.5%)","Loamy (18-35%)"
"QY267",18.89794863,2.110760877,6.690048,0.0343258852459197,0.525186044262571,"Medium (1.5~2.5%)","Loamy (18-35%)"
"QY267",18.59765558,2.098985514,6.684944,0.0352490772463221,0.422988926955865,"Medium (1.5~2.5%)","Loamy (18-35%)"
"QY267",18.29736253,2.086231891,6.69832,0.0352374130179206,0.687129553849453,"Medium (1.5~2.5%)","Loamy (18-35%)"
"QY267",17.99706948,2.073442036,6.677464,0.0371039835237082,0.330225453361003,"Medium (1.5~2.5%)","Sandy (<18%)"
"QY267",17.69677642,2.070326094,6.687408,0.0370937668813032,0.545278373155157,"Medium (1.5~2.5%)","Sandy (<18%)"
"QY267",17.39648337,2.071159427,6.6948,0.0371298919545737,0.73517186070056,"Medium (1.5~2.5%)","Sandy (<18%)"
"QY267",17.09619032,2.069601456,6.688816,0.0379826025505097,0.505168613921779,"Medium (1.5~2.5%)","Sandy (<18%)"
"QY267",16.79589727,2.068876819,6.681512,0.0389375377473331,0.389375377473331,"Medium (1.5~2.5%)","Sandy (<18%)"
"QY267",16.49560421,2.081702906,6.68424,0.0389887635902709,0.54974156662282,"Medium (1.5~2.5%)","Sandy (<18%)"
"QY267",16.19531116,2.097065225,6.679312,0.0394393749476197,0.449608874402864,"Medium (1.5~2.5%)","Sandy (<18%)"
"QY267",15.89501811,2.092717399,6.69788,0.0390018696692887,0.815139076088133,"Medium (1.5~2.5%)","Sandy (<18%)"
"QY267",15.59472506,2.087644935,6.65784,0.0421676624682147,0.358425130979825,"Medium (1.5~2.5%)","Sandy (<18%)"
"QY267",15.294432,2.085760877,6.681512,0.0413451347260083,0.541621264910709,"Medium (1.5~2.5%)","Sandy (<18%)"
"QY267",14.99413895,2.086123196,6.671392,0.04261375071953,0.558240134425843,"Medium (1.5~2.5%)","Sandy (<18%)"
"QY267",14.6938459,2.087427543,6.684768,0.0423766373692998,0.656837879224147,"Medium (1.5~2.5%)","Sandy (<18%)"
"QY267",14.39355285,2.089492761,6.676496,0.0435404076483117,0.513776810250078,"Medium (1.5~2.5%)","Sandy (<18%)"
"QY267",14.09325979,2.087862326,6.670952,0.0446758058574826,0.495901445018057,"Medium (1.5~2.5%)","Sandy (<18%)"
"QY267",13.79296674,2.084239138,6.663032,0.0460761892002932,0.437723797402786,"Medium (1.5~2.5%)","Sandy (<18%)"
"QY267",13.49267369,2.08735508,6.660128,0.0469734836224733,0.427458700964507,"Medium (1.5~2.5%)","Sandy (<18%)"
"QY267",13.19238064,2.090543485,6.624576,0.0503198468967893,0.301919081380736,"Medium (1.5~2.5%)","Sandy (<18%)"
"QY267",12.89208758,2.095217399,6.64816,0.0491768492976735,0.481933123117201,"Medium (1.5~2.5%)","Sandy (<18%)"
"QY267",12.59179453,2.099492761,6.603896,0.0532244050978812,0.228864941920889,"Medium (1.5~2.5%)","Sandy (<18%)"
"QY267",12.29150148,2.093333341,6.666112,0.0492905000527079,0.571769800611411,"Medium (1.5~2.5%)","Sandy (<18%)"
"QY267",11.99120843,2.096304355,6.6508,0.0509903304205688,0.47421007291129,"Medium (1.5~2.5%)","Sandy (<18%)"
"QY267",11.69091537,2.100579717,6.661712,0.0506238184448232,0.627735348715808,"Medium (1.5~2.5%)","Sandy (<18%)"
"QY267",11.39062232,2.101702906,6.65212,0.0518963839754657,0.493015647766924,"Medium (1.5~2.5%)","Sandy (<18%)"
"QY267",11.09032927,2.100724645,6.650184,0.0526003200688458,0.489182976640266,"Medium (1.5~2.5%)","Sandy (<18%)"
"QY267",10.79003622,2.11967392,6.64728,0.0526805254934733,0.479392781990607,"Medium (1.5~2.5%)","Sandy (<18%)"
"QY267",10.79003622,2.114021746,6.646664,0.0532526001386451,0.48459866126167,"Medium (1.5~2.5%)","Sandy (<18%)"
"QY267",10.79003622,2.114021746,6.646048,0.0536355258182231,0.48808328494583,"Medium (1.5~2.5%)","Sandy (<18%)"
"QY267",10.79003622,2.113804355,6.64552,0.0540187009431833,0.491570178582968,"Medium (1.5~2.5%)","Sandy (<18%)"
"QY267",10.79003622,2.113442036,6.644904,0.0544141801712296,0.495169039558189,"Medium (1.5~2.5%)","Sandy (<18%)"
"QY267",10.79003622,2.11293479,6.644376,0.0548075521475639,0.498748724542831,"Medium (1.5~2.5%)","Sandy (<18%)"
"QY267",10.79003622,2.11235508,6.643936,0.0551962332451561,0.502285722530921,"Medium (1.5~2.5%)","Sandy (<18%)"
"QY267",10.79003622,2.111702906,6.643408,0.0555949953856236,0.505914458009175,"Medium (1.5~2.5%)","Sandy (<18%)"
"QY267",10.79003622,2.111050732,6.643056,0.0559790004643003,0.509408904225132,"Medium (1.5~2.5%)","Sandy (<18%)"
"QY267",10.79003622,2.110362326,6.642616,0.0563718681850945,0.51298400048436,"Medium (1.5~2.5%)","Sandy (<18%)"
"QY267",10.79003622,2.109637688,6.642264,0.0567585876086347,0.516503147238576,"Medium (1.5~2.5%)","Sandy (<18%)"
"QY267",10.79003622,2.108913051,6.641912,0.0571453648789005,0.520022820397994,"Medium (1.5~2.5%)","Sandy (<18%)"
"QY267",10.79003622,2.108224645,6.641648,0.057523180837038,0.523460945617045,"Medium (1.5~2.5%)","Sandy (<18%)"
"QY267",10.79003622,2.107500007,6.641384,0.0579022790120536,0.526910739009687,"Medium (1.5~2.5%)","Sandy (<18%)"
"QY267",10.79003622,2.106811601,6.641208,0.0582722039466547,0.530277055914558,"Medium (1.5~2.5%)","Sandy (<18%)"
"QY267",10.79003622,2.106086964,6.640944,0.0586511814128561,0.533725750856991,"Medium (1.5~2.5%)","Sandy (<18%)"
"QY267",10.79003622,2.105398558,6.640768,0.0590208658129356,0.537089878897714,"Medium (1.5~2.5%)","Sandy (<18%)"
"QY267",10.79003622,2.104710152,6.64068,0.0593824644524857,0.54038042651762,"Medium (1.5~2.5%)","Sandy (<18%)"
"QY267",10.79003622,2.104057978,6.640504,0.0597504435884682,0.54372903665506,"Medium (1.5~2.5%)","Sandy (<18%)"
"QY267",10.79003622,2.103405804,6.640328,0.0601182625360217,0.547076189077798,"Medium (1.5~2.5%)","Sandy (<18%)"
"QY267",10.79003622,2.10275363,6.64024,0.0604778322247909,0.550348273245597,"Medium (1.5~2.5%)","Sandy (<18%)"
"QY267",10.79003622,2.102101457,6.640152,0.0608371545931528,0.553618106797691,"Medium (1.5~2.5%)","Sandy (<18%)"
"QY267",10.79003622,2.101485515,6.640064,0.0611948155425689,0.556872821437377,"Medium (1.5~2.5%)","Sandy (<18%)"
"QY267",10.79003622,2.100869572,6.639976,0.0615522138173909,0.560125145738257,"Medium (1.5~2.5%)","Sandy (<18%)"
"QY267",10.79003622,2.10025363,6.639888,0.0619093490253831,0.563375076130986,"Medium (1.5~2.5%)","Sandy (<18%)"
"QY267",10.79003622,2.099637688,6.639888,0.0622578943333698,0.566546838433665,"Medium (1.5~2.5%)","Sandy (<18%)"
"QY267",10.79003622,2.099057978,6.6398,0.0626130182223412,0.569778465823305,"Medium (1.5~2.5%)","Sandy (<18%)"
"QY267",10.79003622,2.098478268,6.639712,0.0629678637288128,0.573007559932196,"Medium (1.5~2.5%)","Sandy (<18%)"
"QY267",10.79003622,2.09793479,6.639712,0.0633124975644841,0.576143727836806,"Medium (1.5~2.5%)","Sandy (<18%)"
"QY267",10.79003622,2.09735508,6.639624,0.0636667441352035,0.579367371630352,"Medium (1.5~2.5%)","Sandy (<18%)"
"QY267",10.79003622,2.096811601,6.639624,0.0640106683429031,0.582497081920418,"Medium (1.5~2.5%)","Sandy (<18%)"
"QY267",10.79003622,2.096304355,6.639536,0.0643613340648127,0.585688139989796,"Medium (1.5~2.5%)","Sandy (<18%)"
"QY270",13.3958985,3.294528997,6.700784,0.0373088060360815,0.548439448730398,"High (>2.5%)","Sandy (<18%)"
"QY270",13.20434159,3.248695663,6.699464,0.0382967701404661,0.566792198078899,"High (>2.5%)","Sandy (<18%)"
"QY270",13.01278467,3.206557982,6.697704,0.0392828360630268,0.60102739176431,"High (>2.5%)","Sandy (<18%)"
"QY270",12.82122775,3.168550736,6.694008,0.0403562794210041,0.484275353052049,"High (>2.5%)","Sandy (<18%)"
"QY270",12.62967084,3.127753634,6.692336,0.0413928594144579,0.496714312973495,"High (>2.5%)","Sandy (<18%)"
"QY270",12.43811392,3.089239141,6.695152,0.0421356254608824,0.619393694274972,"High (>2.5%)","Sandy (<18%)"
"QY270",12.246557,3.0519203,6.692512,0.0432324979337093,0.639840969418898,"High (>2.5%)","Sandy (<18%)"
"QY270",12.05500009,3.016050735,6.691544,0.0442356762444211,0.676805846539643,"High (>2.5%)","Sandy (<18%)"
"QY270",11.86344317,2.980942039,6.689168,0.0453577696794193,0.544293236153032,"High (>2.5%)","Sandy (<18%)"
"QY270",11.67188625,2.945652184,6.702544,0.0454359744609484,0.886001501988493,"High (>2.5%)","Sandy (<18%)"
"QY270",11.48032934,2.910833343,6.68336,0.0478183404826801,0.425583230295853,"High (>2.5%)","Sandy (<18%)"
"QY270",11.28877242,2.882898561,6.692952,0.048059003596026,0.706467352861582,"High (>2.5%)","Sandy (<18%)"
"QY270",11.0972155,2.858043488,6.699464,0.0484630944198039,0.959569269512117,"High (>2.5%)","Sandy (<18%)"
"QY270",10.90565859,2.831956532,6.6926,0.0499058029799899,0.663747179633865,"High (>2.5%)","Sandy (<18%)"
"QY270",10.71410167,2.806884068,6.687496,0.0512581957582696,0.512581957582696,"High (>2.5%)","Sandy (<18%)"
"QY270",10.52254475,2.791268126,6.68952,0.0518668750356273,0.731322938002346,"High (>2.5%)","Sandy (<18%)"
"QY270",10.33098784,2.777608705,6.684944,0.0529658846470463,0.603811084976328,"High (>2.5%)","Sandy (<18%)"
"QY270",10.13943092,2.751231894,6.7036,0.0525542227677974,1.09838325584697,"High (>2.5%)","Sandy (<18%)"
"QY270",9.947874002,2.724782618,6.666464,0.0567564154505917,0.482429531330029,"High (>2.5%)","Sandy (<18%)"
"QY270",9.756317085,2.700942038,6.692512,0.0556573648478844,0.729111479507285,"High (>2.5%)","Sandy (<18%)"
"QY270",9.564760169,2.678985517,6.68292,0.0575667073966775,0.754123866896476,"High (>2.5%)","Sandy (<18%)"
"QY270",9.373203252,2.658043487,6.695944,0.057522422704041,0.891597551912635,"High (>2.5%)","Sandy (<18%)"
"QY270",9.181646335,2.637971024,6.689344,0.0592088424700559,0.698664341146659,"High (>2.5%)","Sandy (<18%)"
"QY270",8.990089418,2.61579711,6.685648,0.0607682674987618,0.674527769236256,"High (>2.5%)","Sandy (<18%)"
"QY270",8.798532501,2.592681168,6.679928,0.0626109219599175,0.594803758619217,"High (>2.5%)","Sandy (<18%)"
"QY270",8.606975585,2.574420299,6.679488,0.0638589241847007,0.581116210080777,"High (>2.5%)","Sandy (<18%)"
"QY270",8.415418668,2.556594212,6.649128,0.0681546630772746,0.408927978463647,"High (>2.5%)","Sandy (<18%)"
"QY270",8.223861751,2.540072473,6.667344,0.0674881949187507,0.661384310203757,"High (>2.5%)","Sandy (<18%)"
"QY270",8.032304834,2.523586965,6.634608,0.0721553767120202,0.310268119861687,"High (>2.5%)","Sandy (<18%)"
"QY270",7.840747917,2.500507255,6.68732,0.0679727533094691,0.788483938389842,"High (>2.5%)","Sandy (<18%)"
"QY270",7.649191001,2.48387682,6.674032,0.070489942881745,0.655556468800228,"Medium (1.5~2.5%)","Sandy (<18%)"
"QY270",7.457634084,2.468442038,6.682744,0.0706278465718046,0.875785297490377,"Medium (1.5~2.5%)","Sandy (<18%)"
"QY270",7.266077167,2.451231893,6.67632,0.0724349535246145,0.688132058483838,"Medium (1.5~2.5%)","Sandy (<18%)"
"QY270",7.07452025,2.432898559,6.675792,0.0736397040982252,0.684849248113495,"Medium (1.5~2.5%)","Sandy (<18%)"
"QY270",6.882963333,2.428188414,6.673768,0.0744416103626032,0.677418654299689,"Medium (1.5~2.5%)","Sandy (<18%)"
"QY270",6.882963333,2.407282617,6.67368,0.0755207189834234,0.687238542749153,"Medium (1.5~2.5%)","Sandy (<18%)"
"QY270",6.882963333,2.390543487,6.673504,0.0764524895101537,0.695717654542399,"Medium (1.5~2.5%)","Sandy (<18%)"
"QY270",6.882963333,2.373985515,6.673416,0.0773807400846837,0.704164734770621,"Medium (1.5~2.5%)","Sandy (<18%)"
"QY270",6.882963333,2.357572472,6.67324,0.0783275449653277,0.712780659184483,"Medium (1.5~2.5%)","Sandy (<18%)"
"QY270",6.882963333,2.341413052,6.673152,0.0792670981485198,0.721330593151531,"Medium (1.5~2.5%)","Sandy (<18%)"
"QY270",6.882963333,2.325471023,6.673064,0.080211115699538,0.729921152865796,"Medium (1.5~2.5%)","Sandy (<18%)"
"QY270",6.882963333,2.309782617,6.672888,0.0811685072094247,0.738633415605764,"Medium (1.5~2.5%)","Sandy (<18%)"
"QY270",6.882963333,2.294347834,6.6728,0.0821173381478017,0.747267777144995,"Medium (1.5~2.5%)","Sandy (<18%)"
"QY270",6.882963333,2.279166675,6.672712,0.0830679955786148,0.755918759765395,"Medium (1.5~2.5%)","Sandy (<18%)"
"QY270",6.882963333,2.26427537,6.672624,0.0840183143851684,0.764566660905032,"Medium (1.5~2.5%)","Sandy (<18%)"
"QY270",6.882963333,2.249601457,6.672448,0.0849828574154958,0.773344002481012,"Medium (1.5~2.5%)","Sandy (<18%)"
"QY270",6.882963333,2.235217399,6.67236,0.0859349857205986,0.782008370057447,"Medium (1.5~2.5%)","Sandy (<18%)"
"QY270",6.882963333,2.221086964,6.672272,0.0868873556876657,0.790674936757758,"Medium (1.5~2.5%)","Sandy (<18%)"
"QY270",6.882963333,2.207210153,6.672184,0.0878395587507072,0.799339984631436,"Medium (1.5~2.5%)","Sandy (<18%)"
"QY270",6.882963333,2.193550732,6.672096,0.0887931411266544,0.808017584252555,"Medium (1.5~2.5%)","Sandy (<18%)"
"QY270",6.882963333,2.180181167,6.672008,0.0897437727431388,0.816668331962563,"Medium (1.5~2.5%)","Sandy (<18%)"
"QY270",6.882963333,2.167028993,6.67192,0.0906949809993803,0.82532432709436,"Medium (1.5~2.5%)","Sandy (<18%)"
"QY270",6.882963333,2.154130442,6.671832,0.0916443481052734,0.833963567757988,"Medium (1.5~2.5%)","Sandy (<18%)"
"QY270",6.882963333,2.141449283,6.671744,0.092593514098374,0.842600978295203,"Medium (1.5~2.5%)","Sandy (<18%)"
"QY270",6.882963333,2.129021746,6.671656,0.0935399755585857,0.85121377758313,"Medium (1.5~2.5%)","Sandy (<18%)"
"QY270",6.882963333,2.116811602,6.671568,0.0944854219036306,0.859817339323038,"Medium (1.5~2.5%)","Sandy (<18%)"
"QY270",6.882963333,2.104818848,6.67148,0.095429465705364,0.868408137918813,"Medium (1.5~2.5%)","Sandy (<18%)"
"QY270",6.882963333,2.093043485,6.67148,0.0963588238574758,0.87686529710303,"Medium (1.5~2.5%)","Sandy (<18%)"
"QY270",6.882963333,2.081485514,6.671392,0.0972987578289055,0.88541869624304,"Medium (1.5~2.5%)","Sandy (<18%)"
"QY270",6.882963333,2.070144935,6.671304,0.0982360793198202,0.893948321810364,"Medium (1.5~2.5%)","Sandy (<18%)"
"QY270",6.882963333,2.059021746,6.671216,0.0991703699722595,0.902450366747562,"Medium (1.5~2.5%)","Sandy (<18%)"
"QY270",6.882963333,2.048079717,6.671216,0.100090190744262,0.910820735772788,"Medium (1.5~2.5%)","Sandy (<18%)"
"QY270",6.882963333,2.03735508,6.671128,0.101019467325925,0.919277152665917,"Medium (1.5~2.5%)","Sandy (<18%)"
"QY270",6.882963333,2.026847833,6.67104,0.101944482702067,0.927694792588812,"Medium (1.5~2.5%)","Sandy (<18%)"
"QY270",6.882963333,2.016485514,6.67104,0.102855989120651,0.935989500997924,"Medium (1.5~2.5%)","Sandy (<18%)"
"QY270",6.882963333,2.006340587,6.670952,0.103776120529445,0.944362696817952,"Medium (1.5~2.5%)","Sandy (<18%)"
"QY274",42.80423353,2.196086964,6.703248,0.0164390136600495,0.241653500802727,"Medium (1.5~2.5%)","Clay (>35%)"
"QY274",42.19214716,2.171630442,6.700432,0.0171115783754966,0.25325135995735,"Medium (1.5~2.5%)","Clay (>35%)"
"QY274",41.58006078,2.15217392,6.699376,0.017704524476677,0.270879224493158,"Medium (1.5~2.5%)","Clay (>35%)"
"QY274",40.9679744,2.138079718,6.692776,0.0184131271914136,0.220957526296963,"Medium (1.5~2.5%)","Clay (>35%)"
"QY274",40.35588802,2.119710152,6.690136,0.0190833909669044,0.229000691602852,"Medium (1.5~2.5%)","Clay (>35%)"
"QY274",39.74380164,2.103876819,6.693656,0.0195610883707161,0.287547999049526,"Medium (1.5~2.5%)","Clay (>35%)"
"QY274",39.13171526,2.08909421,6.690488,0.0202383835963486,0.29952807722596,"Medium (1.5~2.5%)","Clay (>35%)"
"QY274",38.51962888,2.075652181,6.690576,0.0208274961788813,0.318660691536883,"Medium (1.5~2.5%)","Clay (>35%)"
"QY274",37.90754251,2.062644935,6.684416,0.021638803412336,0.259665640948032,"Medium (1.5~2.5%)","Clay (>35%)"
"QY274",37.29545613,2.048768123,6.697352,0.021864595548457,0.426359613194911,"Medium (1.5~2.5%)","Clay (>35%)"
"QY274",36.68336975,2.034927543,6.677816,0.0232064157184756,0.206537099894433,"Medium (1.5~2.5%)","Clay (>35%)"
"QY274",36.07128337,2.029963775,6.686968,0.0234732571131274,0.345056879562973,"Medium (1.5~2.5%)","Clay (>35%)"
"QY274",35.45919699,2.028695659,6.694184,0.0237503036111943,0.470256011501648,"Medium (1.5~2.5%)","Clay (>35%)"
"QY274",34.84711061,2.025217398,6.691016,0.024442487133152,0.325085078870921,"Medium (1.5~2.5%)","Loamy (18-35%)"
"QY274",34.23502424,2.022608703,6.681952,0.0253823985452258,0.253823985452258,"Medium (1.5~2.5%)","Loamy (18-35%)"
"QY274",33.62293786,2.032427543,6.684152,0.0257093950923907,0.362502470802708,"Medium (1.5~2.5%)","Loamy (18-35%)"
"QY274",33.01085148,2.044601456,6.681336,0.0262020957627213,0.298703891695023,"Medium (1.5~2.5%)","Loamy (18-35%)"
"QY274",32.3987651,2.038804355,6.697528,0.0262596441640396,0.548826563028428,"Medium (1.5~2.5%)","Loamy (18-35%)"
"QY274",31.78667872,2.032318848,6.663384,0.0284100365903009,0.241485311017557,"Medium (1.5~2.5%)","Loamy (18-35%)"
"QY274",31.17459234,2.028804355,6.682656,0.0283202132919322,0.370994794124312,"Medium (1.5~2.5%)","Loamy (18-35%)"
"QY274",30.56250596,2.027391311,6.673592,0.0294329539205514,0.385571696359224,"Medium (1.5~2.5%)","Loamy (18-35%)"
"QY274",29.95041959,2.026847833,6.685208,0.0296392054024076,0.459407683737318,"Medium (1.5~2.5%)","Loamy (18-35%)"
"QY274",29.33833321,2.027065224,6.677992,0.0306991017475001,0.362249400620501,"Medium (1.5~2.5%)","Loamy (18-35%)"
"QY274",28.72624683,2.02391305,6.672008,0.0318165659815594,0.353163882395309,"Medium (1.5~2.5%)","Loamy (18-35%)"
"QY274",28.11416045,2.018949282,6.66444,0.0330965193459695,0.31441693378671,"Medium (1.5~2.5%)","Loamy (18-35%)"
"QY274",27.50207407,2.020181166,6.660304,0.0341154918979365,0.310450976271222,"Medium (1.5~2.5%)","Loamy (18-35%)"
"QY274",26.88998769,2.021557978,6.627832,0.0366959563592373,0.220175738155424,"Medium (1.5~2.5%)","Loamy (18-35%)"
"QY274",26.27790132,2.024311601,6.649568,0.0362593447954008,0.355341578994928,"Medium (1.5~2.5%)","Loamy (18-35%)"
"QY274",25.66581494,2.026702906,6.60856,0.0393473225682056,0.169193487043284,"Medium (1.5~2.5%)","Loamy (18-35%)"
"QY274",25.05372856,2.019637688,6.664352,0.0370420718202627,0.429688033115048,"Medium (1.5~2.5%)","Loamy (18-35%)"
"QY274",24.44164218,2.020869572,6.6508,0.0384659678680689,0.357733501173041,"Medium (1.5~2.5%)","Loamy (18-35%)"
"QY274",23.8295558,2.023369572,6.660656,0.0384922135451223,0.477303447959516,"Medium (1.5~2.5%)","Loamy (18-35%)"
"QY274",23.21746942,2.023007253,6.651504,0.0396609014510692,0.376778563785157,"Medium (1.5~2.5%)","Loamy (18-35%)"
"QY274",22.60538305,2.020760877,6.649304,0.0404228322292187,0.375932339731734,"Medium (1.5~2.5%)","Loamy (18-35%)"
"QY274",21.99329667,2.036775369,6.646136,0.0407197940274448,0.370550125649748,"Medium (1.5~2.5%)","Loamy (18-35%)"
"QY274",21.99329667,2.03025363,6.645432,0.0413436987041154,0.37622765820745,"Medium (1.5~2.5%)","Loamy (18-35%)"
"QY274",21.99329667,2.028985514,6.64464,0.0418329607835578,0.380679943130376,"Medium (1.5~2.5%)","Loamy (18-35%)"
"QY274",21.99329667,2.027536239,6.643936,0.0423228909197255,0.385138307369502,"Medium (1.5~2.5%)","Loamy (18-35%)"
"QY274",21.99329667,2.025942036,6.64332,0.0428124524941792,0.389593317697031,"Medium (1.5~2.5%)","Loamy (18-35%)"
"QY274",21.99329667,2.024239137,6.642704,0.0433063527782724,0.394087810282279,"Medium (1.5~2.5%)","Loamy (18-35%)"
"QY274",21.99329667,2.022500007,6.642176,0.0437967417412535,0.398550349845407,"Medium (1.5~2.5%)","Loamy (18-35%)"
"QY274",21.99329667,2.020760877,6.641648,0.0442883245751114,0.403023753633514,"Medium (1.5~2.5%)","Loamy (18-35%)"
"QY274",21.99329667,2.018985514,6.641296,0.0447702024130851,0.407408841959074,"Medium (1.5~2.5%)","Loamy (18-35%)"
"QY274",21.99329667,2.017210152,6.640856,0.0452591034168757,0.411857841093569,"Medium (1.5~2.5%)","Loamy (18-35%)"
"QY274",21.99329667,2.01543479,6.640592,0.0457368639493376,0.416205461938972,"Medium (1.5~2.5%)","Loamy (18-35%)"
"QY274",21.99329667,2.013695659,6.64024,0.0462205402907483,0.42060691664581,"Medium (1.5~2.5%)","Loamy (18-35%)"
"QY274",21.99329667,2.011956529,6.640064,0.046692673526951,0.424903329095254,"Medium (1.5~2.5%)","Loamy (18-35%)"
"QY274",21.99329667,2.01025363,6.6398,0.0471706808919594,0.429253196116831,"Medium (1.5~2.5%)","Loamy (18-35%)"
"QY274",21.99329667,2.008550732,6.639624,0.0476431181565387,0.433552375224502,"Medium (1.5~2.5%)","Loamy (18-35%)"
"QY274",21.99329667,2.006884065,6.639536,0.048108638722935,0.437788612378708,"Medium (1.5~2.5%)","Loamy (18-35%)"
"QY274",21.99329667,2.00525363,6.63936,0.0485800194046805,0.442078176582592,"Medium (1.5~2.5%)","Loamy (18-35%)"
"QY274",21.99329667,2.003659427,6.639272,0.0490442866467737,0.446303008485641,"Medium (1.5~2.5%)","Loamy (18-35%)"
"QY274",21.99329667,2.002065224,6.639184,0.0495090471646013,0.450532329197872,"Medium (1.5~2.5%)","Loamy (18-35%)"
"QY274",21.99329667,2.000507253,6.639096,0.0499730875377039,0.454755096593105,"Medium (1.5~2.5%)","Loamy (18-35%)"
"QY274",21.99329667,1.998985514,6.639008,0.0504363723138251,0.458970988055809,"Medium (1.5~2.5%)","Loamy (18-35%)"
"QY274",21.99329667,1.997463775,6.63892,0.0509001032521523,0.463190939594586,"Medium (1.5~2.5%)","Loamy (18-35%)"
"QY274",21.99329667,1.9960145,6.63892,0.0513549125940592,0.467329704605939,"Medium (1.5~2.5%)","Loamy (18-35%)"
"QY274",21.99329667,1.994565224,6.638832,0.0518169362059549,0.471534119474189,"Medium (1.5~2.5%)","Loamy (18-35%)"
"QY274",21.99329667,1.993152181,6.638832,0.0522710944873253,0.47566695983466,"Medium (1.5~2.5%)","Loamy (18-35%)"
"QY274",21.99329667,1.991739137,6.638744,0.052732565935408,0.479866350012213,"Medium (1.5~2.5%)","Loamy (18-35%)"
"QY274",21.99329667,1.990362326,6.638744,0.0531860017033525,0.483992615500507,"Medium (1.5~2.5%)","Loamy (18-35%)"
"QY274",21.99329667,1.989021746,6.638656,0.0536455399011764,0.488174413100706,"Medium (1.5~2.5%)","Loamy (18-35%)"
"QY274",21.99329667,1.987717398,6.638656,0.0540968504569692,0.49228133915842,"Medium (1.5~2.5%)","Loamy (18-35%)"
"QY274",21.99329667,1.98641305,6.638656,0.0545483535889248,0.496390017659216,"Medium (1.5~2.5%)","Loamy (18-35%)"
"QY274",21.99329667,1.985144934,6.638568,0.0550060591052748,0.500555137858,"Medium (1.5~2.5%)","Loamy (18-35%)"
"QY274",21.99329667,1.983876818,6.638568,0.0554566299296687,0.504655332359985,"Medium (1.5~2.5%)","Loamy (18-35%)"
"QY278",21,2.703345352,6.70844,0.0222173033451419,0.326594359173586,"High (>2.5%)","Loamy (18-35%)"
"QY278",20.69970695,2.676187078,6.706944,0.0229952423193432,0.340329586326279,"High (>2.5%)","Loamy (18-35%)"
"QY278",20.3994139,2.653956862,6.706328,0.0237074843844745,0.36272451108246,"High (>2.5%)","Loamy (18-35%)"
"QY278",20.09912084,2.638453265,6.700608,0.0245656663361927,0.294787996034313,"High (>2.5%)","Loamy (18-35%)"
"QY278",19.79882779,2.617410099,6.698848,0.0253831387617808,0.30459766514137,"High (>2.5%)","Loamy (18-35%)"
"QY278",19.49853474,2.599352545,6.702632,0.02596340181558,0.381662006689026,"High (>2.5%)","Loamy (18-35%)"
"QY278",19.19824169,2.582410099,6.699904,0.0267991509393474,0.396627433902341,"High (>2.5%)","Loamy (18-35%)"
"QY278",18.89794863,2.566978444,6.700256,0.0275037259161366,0.42080700651689,"High (>2.5%)","Loamy (18-35%)"
"QY278",18.59765558,2.551906501,6.696208,0.028399349883749,0.340792198604988,"High (>2.5%)","Loamy (18-35%)"
"QY278",18.29736253,2.536115134,6.70536,0.0287839858732843,0.561287724529044,"High (>2.5%)","Loamy (18-35%)"
"QY278",17.99706948,2.520179882,6.69524,0.0300413106613307,0.267367664885843,"High (>2.5%)","Sandy (<18%)"
"QY278",17.69677642,2.515503623,6.698584,0.0305619586922993,0.4492607927768,"High (>2.5%)","Sandy (<18%)"
"QY278",17.39648337,2.515575565,6.7036,0.0309434649364401,0.612680605741514,"High (>2.5%)","Sandy (<18%)"
"QY278",17.09619032,2.513021609,6.7036,0.0316298656671378,0.420677213372933,"High (>2.5%)","Sandy (<18%)"
"QY278",16.79589727,2.51158276,6.698056,0.0326151340888012,0.326151340888012,"High (>2.5%)","Sandy (<18%)"
"QY278",16.49560421,2.525935278,6.697616,0.0331195070536525,0.4669850494565,"High (>2.5%)","Sandy (<18%)"
"QY278",16.19531116,2.543093551,6.696208,0.0336329477690935,0.383415604567666,"High (>2.5%)","Sandy (<18%)"
"QY278",15.89501811,2.537482041,6.70712,0.0339384237507835,0.709313056391375,"High (>2.5%)","Sandy (<18%)"
"QY278",15.59472506,2.530863335,6.684768,0.0360214565908334,0.306182381022084,"High (>2.5%)","Sandy (<18%)"
"QY278",15.294432,2.527949666,6.700432,0.0360365297932425,0.472078540291477,"High (>2.5%)","Sandy (<18%)"
"QY278",14.99413895,2.527805781,6.692424,0.0373182087622801,0.48886853478587,"High (>2.5%)","Sandy (<18%)"
"QY278",14.6938459,2.528848947,6.702456,0.0375947698659119,0.582718932921634,"High (>2.5%)","Sandy (<18%)"
"QY278",14.39355285,2.530791393,6.6992,0.0386395065784323,0.455946177625501,"High (>2.5%)","Sandy (<18%)"
"QY278",14.09325979,2.528453263,6.694888,0.0398787116789759,0.442653699636633,"High (>2.5%)","Sandy (<18%)"
"QY278",13.79296674,2.522733839,6.69128,0.0411066497638078,0.390513172756174,"High (>2.5%)","Sandy (<18%)"
"QY278",13.49267369,2.525431681,6.688992,0.0421105831713026,0.383206306858853,"High (>2.5%)","Sandy (<18%)"
"QY278",13.19238064,2.528381321,6.666904,0.0444493684190229,0.266696210514137,"High (>2.5%)","Sandy (<18%)"
"QY278",12.89208758,2.532913695,6.67896,0.0444579261005076,0.435687675784974,"High (>2.5%)","Sandy (<18%)"
"QY278",12.59179453,2.537086357,6.657576,0.04674244851157,0.200992528599751,"High (>2.5%)","Sandy (<18%)"
"QY278",12.29150148,2.529172688,6.693392,0.0453034379106409,0.525519879763434,"High (>2.5%)","Sandy (<18%)"
"QY278",11.99120843,2.531798587,6.685472,0.0466084546665489,0.433458628398905,"High (>2.5%)","Sandy (<18%)"
"QY278",11.69091537,2.535575566,6.690664,0.0469124737064471,0.581714673959944,"High (>2.5%)","Sandy (<18%)"
"QY278",11.39062232,2.53600722,6.686352,0.047944189708482,0.455469802230579,"High (>2.5%)","Sandy (<18%)"
"QY278",11.09032927,2.533992832,6.686176,0.0487118383950422,0.453020097073892,"High (>2.5%)","Sandy (<18%)"
"QY278",10.79003622,2.554784199,6.68424,0.0489726385506171,0.445651010810615,"High (>2.5%)","Sandy (<18%)"
"QY278",10.79003622,2.547086357,6.68424,0.0496795145277847,0.452083582202841,"High (>2.5%)","Sandy (<18%)"
"QY278",10.79003622,2.546151105,6.684064,0.0499990195036619,0.454991077483323,"High (>2.5%)","Sandy (<18%)"
"QY278",10.79003622,2.545000026,6.683888,0.0503242539080272,0.457950710563048,"High (>2.5%)","Sandy (<18%)"
"QY278",10.79003622,2.543705062,6.683712,0.050653407176115,0.460946005302647,"High (>2.5%)","Sandy (<18%)"
"QY278",10.79003622,2.542302184,6.683536,0.0509855868143248,0.463968840010356,"High (>2.5%)","Sandy (<18%)"
"QY278",10.79003622,2.540863336,6.683448,0.0513120394447445,0.466939558947175,"High (>2.5%)","Sandy (<18%)"
"QY278",10.79003622,2.539352544,6.683272,0.0516474523895766,0.469991816745147,"High (>2.5%)","Sandy (<18%)"
"QY278",10.79003622,2.537841753,6.683096,0.0519830632780622,0.473045875830366,"High (>2.5%)","Sandy (<18%)"
"QY278",10.79003622,2.536330961,6.68292,0.0523188717016109,0.476101732484659,"High (>2.5%)","Sandy (<18%)"
"QY278",10.79003622,2.534784199,6.682832,0.0526488370070601,0.479104416764247,"High (>2.5%)","Sandy (<18%)"
"QY278",10.79003622,2.533273407,6.682656,0.0529850075022626,0.48216356827059,"High (>2.5%)","Sandy (<18%)"
"QY278",10.79003622,2.531762616,6.682568,0.0533142437168969,0.485159617823762,"High (>2.5%)","Sandy (<18%)"
"QY278",10.79003622,2.530287796,6.682392,0.0536497471104732,0.488212698705306,"High (>2.5%)","Sandy (<18%)"
"QY278",10.79003622,2.528848947,6.682216,0.0539844043904643,0.491258079953225,"High (>2.5%)","Sandy (<18%)"
"QY278",10.79003622,2.527410098,6.682128,0.0543119678835062,0.494238907739907,"High (>2.5%)","Sandy (<18%)"
"QY278",10.79003622,2.525971249,6.681952,0.0546469282865698,0.497287047407785,"High (>2.5%)","Sandy (<18%)"
"QY278",10.79003622,2.524568371,6.681864,0.054973655736188,0.500260267199311,"High (>2.5%)","Sandy (<18%)"
"QY278",10.79003622,2.523201465,6.681776,0.0552994030972286,0.50322456818478,"High (>2.5%)","Sandy (<18%)"
"QY278",10.79003622,2.52187053,6.6816,0.0556315906067483,0.506247474521409,"High (>2.5%)","Sandy (<18%)"
"QY278",10.79003622,2.520539594,6.681512,0.0559564254241401,0.509203471359675,"High (>2.5%)","Sandy (<18%)"
"QY278",10.79003622,2.519208659,6.681424,0.0562813114234012,0.512159933952951,"High (>2.5%)","Sandy (<18%)"
"QY278",10.79003622,2.517949666,6.681248,0.0566116514067766,0.515166027801667,"High (>2.5%)","Sandy (<18%)"
"QY278",10.79003622,2.516690673,6.68116,0.0569344822940467,0.518103788875825,"High (>2.5%)","Sandy (<18%)"
"QY278",10.79003622,2.515467652,6.681072,0.0572562423249866,0.521031805157378,"High (>2.5%)","Sandy (<18%)"
"QY278",10.79003622,2.51424463,6.680984,0.0575780166120406,0.523959951169569,"High (>2.5%)","Sandy (<18%)"
"QY278",10.79003622,2.51305758,6.680896,0.0578986941556849,0.526878116816732,"High (>2.5%)","Sandy (<18%)"
"QY278",10.79003622,2.511870529,6.680808,0.058219373519545,0.52979629902786,"High (>2.5%)","Sandy (<18%)"
"QY278",10.79003622,2.51071945,6.68072,0.0585389303838526,0.532704266493059,"High (>2.5%)","Sandy (<18%)"
"QY278",10.79003622,2.509604342,6.680632,0.0588573462141755,0.535601850548997,"High (>2.5%)","Sandy (<18%)"
"QY278",10.79003622,2.508489234,6.680544,0.0591757396141191,0.538499230488484,"High (>2.5%)","Sandy (<18%)"
"QY278",10.79003622,2.507410098,6.680456,0.0594929664843887,0.541385995007937,"High (>2.5%)","Sandy (<18%)"
"QY284",55.06741647,3.696739143,6.705536,0.00629908448397879,0.0925965419144882,"High (>2.5%)","Clay (>35%)"
"QY284",54.27997063,3.646376824,6.704656,0.00659533157168604,0.0976109072609533,"High (>2.5%)","Clay (>35%)"
"QY284",53.4925248,3.600036244,6.704128,0.00688878751595645,0.105398448994134,"High (>2.5%)","Clay (>35%)"
"QY284",52.70507896,3.55764494,6.700872,0.00721261137322531,0.0865513364787037,"High (>2.5%)","Clay (>35%)"
"QY284",51.91763312,3.512536244,6.700168,0.00752816029193399,0.0903379235032079,"High (>2.5%)","Clay (>35%)"
"QY284",51.13018728,3.469782621,6.702544,0.0078116587195753,0.114831383177757,"High (>2.5%)","Clay (>35%)"
"QY284",50.34274145,3.428260881,6.699992,0.00816024280581893,0.12077159352612,"High (>2.5%)","Clay (>35%)"
"QY284",49.55529561,3.388260881,6.699376,0.00849895930594191,0.130034077380911,"High (>2.5%)","Clay (>35%)"
"QY284",48.76784977,3.349130446,6.696648,0.00888120717388778,0.106574486086653,"High (>2.5%)","Clay (>35%)"
"QY284",47.98040393,3.309891316,6.70668,0.00910804474182839,0.177606872465654,"High (>2.5%)","Clay (>35%)"
"QY284",47.1929581,3.271159432,6.695064,0.00965318171498607,0.0859133172633761,"High (>2.5%)","Clay (>35%)"
"QY284",46.40551226,3.239456533,6.699904,0.00995717087482745,0.146370411859963,"High (>2.5%)","Clay (>35%)"
"QY284",45.61806642,3.210905808,6.70448,0.0102629291912134,0.203205997986026,"High (>2.5%)","Clay (>35%)"
"QY284",44.83062058,3.181340591,6.702808,0.010684495473096,0.142103789792177,"High (>2.5%)","Clay (>35%)"
"QY284",44.04317475,3.152826098,6.698144,0.0111744428810936,0.111744428810936,"High (>2.5%)","Clay (>35%)"
"QY284",43.25572891,3.133913054,6.69832,0.0115575337178593,0.162961225421816,"High (>2.5%)","Clay (>35%)"
"QY284",42.46828307,3.117173924,6.696208,0.0119845127162167,0.13662344496487,"High (>2.5%)","Clay (>35%)"
"QY284",41.68083724,3.08786233,6.708792,0.0122219206543746,0.25543814167643,"High (>2.5%)","Clay (>35%)"
"QY284",40.8933914,3.058478271,6.683536,0.0132003721208356,0.112203163027102,"High (>2.5%)","Clay (>35%)"
"QY284",40.10594556,3.031702909,6.702456,0.0133247028145213,0.17455360687023,"High (>2.5%)","Clay (>35%)"
"QY284",39.31849972,3.0069203,6.694448,0.0139997363249494,0.183396545856837,"High (>2.5%)","Clay (>35%)"
"QY284",38.53105389,2.983188416,6.70492,0.0142976084283381,0.22161293063924,"High (>2.5%)","Clay (>35%)"
"QY284",37.74360805,2.960434793,6.701752,0.0149019242633432,0.17584270630745,"High (>2.5%)","Clay (>35%)"
"QY284",36.95616221,2.935652184,6.698408,0.0155535851940395,0.172644795653839,"High (>2.5%)","Clay (>35%)"
"QY284",36.16871637,2.909963778,6.694976,0.0162443869811348,0.154321676320781,"High (>2.5%)","Clay (>35%)"
"QY284",35.38127054,2.889166677,6.694272,0.0168601714610982,0.153427560295993,"High (>2.5%)","Clay (>35%)"
"QY284",34.5938247,2.868876822,6.67236,0.0180600082368668,0.108360049421201,"High (>2.5%)","Loamy (18-35%)"
"QY284",33.80637886,2.85000001,6.683624,0.0183471430449167,0.179802001840184,"High (>2.5%)","Loamy (18-35%)"
"QY284",33.01893302,2.831231894,6.665496,0.0194499279498268,0.0836346901842552,"High (>2.5%)","Loamy (18-35%)"
"QY284",32.23148719,2.805942039,6.69964,0.0190738041529731,0.221256128174488,"High (>2.5%)","Loamy (18-35%)"
"QY284",31.44404135,2.787065227,6.691368,0.0198520131843535,0.184623722614487,"High (>2.5%)","Loamy (18-35%)"
"QY284",30.65659551,2.769492763,6.696384,0.0202067909858835,0.250564208224955,"High (>2.5%)","Loamy (18-35%)"
"QY284",29.86914967,2.750144937,6.69304,0.0208144321535084,0.19773710545833,"High (>2.5%)","Loamy (18-35%)"
"QY284",29.08170384,2.729782618,6.692952,0.0213149548032658,0.198229079670372,"High (>2.5%)","Loamy (18-35%)"
"QY284",28.294258,2.72307972,6.69128,0.0217035384565316,0.197502199954437,"High (>2.5%)","Loamy (18-35%)"
"QY284",28.294258,2.700326096,6.69128,0.0221437287235642,0.201507931384434,"High (>2.5%)","Loamy (18-35%)"
"QY284",28.294258,2.681702908,6.69128,0.0225463449081316,0.205171738663998,"High (>2.5%)","Loamy (18-35%)"
"QY284",28.294258,2.663260879,6.691192,0.0229567425981885,0.208906357643516,"High (>2.5%)","Loamy (18-35%)"
"QY284",28.294258,2.645000009,6.691104,0.023371962205382,0.212684856068976,"High (>2.5%)","Loamy (18-35%)"
"QY284",28.294258,2.627028995,6.691104,0.0237875042588018,0.216466288755096,"High (>2.5%)","Loamy (18-35%)"
"QY284",28.294258,2.609311603,6.691016,0.0242100294384439,0.220311267889839,"High (>2.5%)","Loamy (18-35%)"
"QY284",28.294258,2.591847835,6.691016,0.0246330446493565,0.224160706309144,"High (>2.5%)","Loamy (18-35%)"
"QY284",28.294258,2.574673922,6.691016,0.0250591834066046,0.228038569000102,"High (>2.5%)","Loamy (18-35%)"
"QY284",28.294258,2.557789864,6.690928,0.0254917389343441,0.231974824302531,"High (>2.5%)","Loamy (18-35%)"
"QY284",28.294258,2.541195661,6.690928,0.0259238275149144,0.235906830385721,"High (>2.5%)","Loamy (18-35%)"
"QY284",28.294258,2.524891313,6.69084,0.0263622007118058,0.239896026477433,"High (>2.5%)","Loamy (18-35%)"
"QY284",28.294258,2.508840588,6.69084,0.0268002494467276,0.243882269965221,"High (>2.5%)","Loamy (18-35%)"
"QY284",28.294258,2.493115951,6.69084,0.0272402780255816,0.247886530032792,"Medium (1.5~2.5%)","Loamy (18-35%)"
"QY284",28.294258,2.477644936,6.690752,0.0276868935218688,0.251950731049006,"Medium (1.5~2.5%)","Loamy (18-35%)"
"QY284",28.294258,2.462463777,6.690752,0.028132078208353,0.256001911696012,"Medium (1.5~2.5%)","Loamy (18-35%)"
"QY284",28.294258,2.44753624,6.690664,0.028583710278859,0.260111763537617,"Medium (1.5~2.5%)","Loamy (18-35%)"
"QY284",28.294258,2.432898559,6.690664,0.0290334971185723,0.264204823779008,"Medium (1.5~2.5%)","Loamy (18-35%)"
"QY284",28.294258,2.418478269,6.690664,0.0294862192779898,0.268324595429707,"Medium (1.5~2.5%)","Loamy (18-35%)"
"QY284",28.294258,2.404347834,6.690576,0.0299445725479653,0.272495610186484,"Medium (1.5~2.5%)","Loamy (18-35%)"
"QY284",28.294258,2.390471023,6.690576,0.0304010442844062,0.276649502988096,"Medium (1.5~2.5%)","Loamy (18-35%)"
"QY284",28.294258,2.376847834,6.690576,0.0308594336032074,0.280820845789187,"Medium (1.5~2.5%)","Loamy (18-35%)"
"QY284",28.294258,2.363478269,6.690488,0.0313237768371603,0.285046369218158,"Medium (1.5~2.5%)","Loamy (18-35%)"
"QY284",28.294258,2.350326095,6.690488,0.0317862542312524,0.289254913504397,"Medium (1.5~2.5%)","Loamy (18-35%)"
"QY284",28.294258,2.337391312,6.690488,0.0322508725057011,0.29348293980188,"Medium (1.5~2.5%)","Loamy (18-35%)"
"QY284",28.294258,2.324746385,6.6904,0.0327205127647525,0.297756666159248,"Medium (1.5~2.5%)","Loamy (18-35%)"
"QY284",28.294258,2.312282617,6.6904,0.0331883615051174,0.302014089696569,"Medium (1.5~2.5%)","Loamy (18-35%)"
"QY284",28.294258,2.300072472,6.6904,0.0336572171810445,0.306280676347505,"Medium (1.5~2.5%)","Loamy (18-35%)"
"QY284",28.294258,2.288043486,6.6904,0.0341283463242066,0.31056795155028,"Medium (1.5~2.5%)","Loamy (18-35%)"
"QY284",28.294258,2.276268124,6.690312,0.0346047953441921,0.314903637632148,"Medium (1.5~2.5%)","Loamy (18-35%)"
"QY284",28.294258,2.264710153,6.690312,0.0350779299240722,0.319209162309057,"Medium (1.5~2.5%)","Loamy (18-35%)"
"QY284",28.294258,2.253333341,6.690312,0.0355529295774177,0.323531659154501,"Medium (1.5~2.5%)","Loamy (18-35%)"
"QY285",35.39973429,3.588008074,6.704304,0.0220573534889968,0.324243096288252,"High (>2.5%)","Clay (>35%)"
"QY285",34.8935298,3.541300758,6.703072,0.0227014767927708,0.335981856533008,"High (>2.5%)","Loamy (18-35%)"
"QY285",34.38732531,3.498617832,6.70228,0.0233154798201921,0.35672684124894,"High (>2.5%)","Loamy (18-35%)"
"QY285",33.88112082,3.460447101,6.698496,0.0240186694286458,0.288224033143749,"High (>2.5%)","Loamy (18-35%)"
"QY285",33.37491633,3.419146288,6.697176,0.024685882435314,0.296230589223768,"High (>2.5%)","Loamy (18-35%)"
"QY285",32.86871185,3.3802845,6.699816,0.0251991131903594,0.370426963898284,"High (>2.5%)","Loamy (18-35%)"
"QY285",32.36250736,3.342723525,6.697176,0.0259186198409798,0.3835955736465,"High (>2.5%)","Loamy (18-35%)"
"QY285",31.85630287,3.306707266,6.696648,0.0265687324070192,0.406501605827393,"High (>2.5%)","Loamy (18-35%)"
"QY285",31.35009838,3.271463364,6.694008,0.027324291338321,0.327891496059852,"High (>2.5%)","Loamy (18-35%)"
"QY285",30.84389389,3.23597556,6.705184,0.0275352666331077,0.536937699345599,"High (>2.5%)","Loamy (18-35%)"
"QY285",30.3376894,3.20093491,6.691104,0.028832595423054,0.256610099265181,"High (>2.5%)","Loamy (18-35%)"
"QY285",29.83148491,3.173617837,6.69744,0.0291979137142878,0.42920933160003,"High (>2.5%)","Loamy (18-35%)"
"QY285",29.32528042,3.149756049,6.702632,0.029579904919817,0.585682117412377,"High (>2.5%)","Loamy (18-35%)"
"QY285",28.81907593,3.124593447,6.699728,0.0303575992170904,0.403756069587303,"High (>2.5%)","Loamy (18-35%)"
"QY285",28.31287144,3.100528407,6.694536,0.0312671374207294,0.312671374207294,"High (>2.5%)","Loamy (18-35%)"
"QY285",27.80666696,3.087032472,6.694976,0.0317969078683397,0.44833640094359,"High (>2.5%)","Loamy (18-35%)"
"QY285",27.30046247,3.075975562,6.692512,0.0324472482482477,0.369898630030024,"High (>2.5%)","Loamy (18-35%)"
"QY285",26.79425798,3.05073166,6.706768,0.0324928846158981,0.67910128847227,"High (>2.5%)","Loamy (18-35%)"
"QY285",26.28805349,3.025243856,6.678256,0.0347245184694206,0.295158406990075,"High (>2.5%)","Loamy (18-35%)"
"QY285",25.781849,3.002520279,6.6992,0.0344082142965008,0.450747607284161,"High (>2.5%)","Loamy (18-35%)"
"QY285",25.27564451,2.981869872,6.690488,0.035636600832773,0.466839470909326,"High (>2.5%)","Loamy (18-35%)"
"QY285",24.76944002,2.962317027,6.701752,0.0357994359469002,0.554891257176953,"High (>2.5%)","Loamy (18-35%)"
"QY285",24.26323553,2.943739792,6.697616,0.0368062788008856,0.43431408985045,"High (>2.5%)","Loamy (18-35%)"
"QY285",23.75703104,2.922804833,6.694096,0.0378618452665967,0.420266482459223,"High (>2.5%)","Loamy (18-35%)"
"QY285",23.25082656,2.900691012,6.68996,0.0390161100508035,0.370653045482633,"High (>2.5%)","Loamy (18-35%)"
"QY285",22.74462207,2.883983695,6.688816,0.0399367716774363,0.363424622264671,"High (>2.5%)","Loamy (18-35%)"
"QY285",22.23841758,2.867723533,6.664968,0.0423048839587862,0.253829303752717,"High (>2.5%)","Loamy (18-35%)"
"QY285",21.73221309,2.852926785,6.678696,0.0422656774816564,0.414203639320233,"High (>2.5%)","Loamy (18-35%)"
"QY285",21.2260086,2.838170688,6.656256,0.0445668315682505,0.191637375743477,"High (>2.5%)","Loamy (18-35%)"
"QY285",20.71980411,2.816016216,6.695152,0.0429372015132272,0.498071537553436,"High (>2.5%)","Loamy (18-35%)"
"QY285",20.21359962,2.800894266,6.685296,0.0443535915634035,0.412488401539652,"High (>2.5%)","Loamy (18-35%)"
"QY285",19.70739513,2.787113778,6.69128,0.0446712565500787,0.553923581220976,"High (>2.5%)","Loamy (18-35%)"
"QY285",19.20119064,2.77134142,6.686968,0.0457038342999669,0.434186425849686,"High (>2.5%)","Loamy (18-35%)"
"QY285",18.69498616,2.75426825,6.686352,0.0464968927137904,0.432421102238251,"High (>2.5%)","Loamy (18-35%)"
"QY285",18.18878167,2.752357681,6.68468,0.0469993427222788,0.427694018772737,"High (>2.5%)","Loamy (18-35%)"
"QY285",18.18878167,2.732520283,6.68468,0.0476747920949843,0.433840608064357,"High (>2.5%)","Loamy (18-35%)"
"QY285",18.18878167,2.717073129,6.684504,0.048269965039012,0.439256681855009,"High (>2.5%)","Loamy (18-35%)"
"QY285",18.18878167,2.701747926,6.684416,0.0488636484911942,0.444659201269867,"High (>2.5%)","Loamy (18-35%)"
"QY285",18.18878167,2.686585324,6.684328,0.0494612077180751,0.450096990234483,"High (>2.5%)","Loamy (18-35%)"
"QY285",18.18878167,2.671625975,6.68424,0.0500615543890488,0.455560144940344,"High (>2.5%)","Loamy (18-35%)"
"QY285",18.18878167,2.656829227,6.684152,0.0506656032016732,0.461056989135226,"High (>2.5%)","Loamy (18-35%)"
"QY285",18.18878167,2.642235731,6.684064,0.0512722222830734,0.466577222775968,"High (>2.5%)","Loamy (18-35%)"
"QY285",18.18878167,2.627886138,6.683976,0.0518802036797456,0.472109853485685,"High (>2.5%)","Loamy (18-35%)"
"QY285",18.18878167,2.613780447,6.683888,0.0524893558662547,0.477653138382918,"High (>2.5%)","Loamy (18-35%)"
"QY285",18.18878167,2.599878008,6.6838,0.0531005945671855,0.483215410561388,"High (>2.5%)","Loamy (18-35%)"
"QY285",18.18878167,2.586219472,6.6838,0.0537054589206728,0.488719676178123,"High (>2.5%)","Loamy (18-35%)"
"QY285",18.18878167,2.572804838,6.683712,0.0543180315064321,0.494294086708532,"High (>2.5%)","Loamy (18-35%)"
"QY285",18.18878167,2.559593456,6.683624,0.0549321629497741,0.499882682842944,"High (>2.5%)","Loamy (18-35%)"
"QY285",18.18878167,2.546666627,6.683536,0.055545316315586,0.505462378471832,"High (>2.5%)","Loamy (18-35%)"
"QY285",18.18878167,2.5339024,6.683448,0.0561608357140502,0.511063604997857,"High (>2.5%)","Loamy (18-35%)"
"QY285",18.18878167,2.521422725,6.68336,0.0567749282421505,0.516651847003569,"High (>2.5%)","Loamy (18-35%)"
"QY285",18.18878167,2.509146303,6.68336,0.057382123771976,0.522177326324982,"High (>2.5%)","Loamy (18-35%)"
"QY285",18.18878167,2.497073132,6.683272,0.0579975170325623,0.527777404996317,"Medium (1.5~2.5%)","Loamy (18-35%)"
"QY285",18.18878167,2.485203213,6.683184,0.0586133270378169,0.533381276044134,"Medium (1.5~2.5%)","Loamy (18-35%)"
"QY285",18.18878167,2.473577197,6.683184,0.0592201428093159,0.538903299564774,"Medium (1.5~2.5%)","Loamy (18-35%)"
"QY285",18.18878167,2.462113783,6.683096,0.059836129392293,0.544508777469866,"Medium (1.5~2.5%)","Loamy (18-35%)"
"QY285",18.18878167,2.450894271,6.683008,0.0604506186673045,0.550100629872471,"Medium (1.5~2.5%)","Loamy (18-35%)"
"QY285",18.18878167,2.439878011,6.683008,0.0610565524402117,0.555614627205927,"Medium (1.5~2.5%)","Loamy (18-35%)"
"QY285",18.18878167,2.429024353,6.68292,0.0616713691434052,0.561209459204987,"Medium (1.5~2.5%)","Loamy (18-35%)"
"QY285",18.18878167,2.418414597,6.682832,0.0622840256708293,0.566784633604546,"Medium (1.5~2.5%)","Loamy (18-35%)"
"QY285",18.18878167,2.407926792,6.682832,0.062890113033449,0.572300028604386,"Medium (1.5~2.5%)","Loamy (18-35%)"
"QY285",18.18878167,2.39768289,6.682744,0.0635019559532465,0.577867799174543,"Medium (1.5~2.5%)","Loamy (18-35%)"
"QY285",18.18878167,2.387601589,6.682744,0.0641052971193194,0.583358203785807,"Medium (1.5~2.5%)","Loamy (18-35%)"
"QY285",18.18878167,2.37772354,6.682656,0.0647155682091739,0.588911670703482,"Medium (1.5~2.5%)","Loamy (18-35%)"
"QY285",18.18878167,2.367967443,6.682656,0.0653183191377135,0.594396704153193,"Medium (1.5~2.5%)","Loamy (18-35%)"
"QY285",18.18878167,2.358414598,6.682568,0.0659277967682541,0.599942950591113,"Medium (1.5~2.5%)","Loamy (18-35%)"
"QY291",7.289262374,1.96476,6.061024,0.141373742837372,2.07819401970937,"Medium (1.5~2.5%)","Sandy (<18%)"
"QY291",7.185028334,1.94764,5.974432,0.163062646936948,2.41332717466683,"Medium (1.5~2.5%)","Sandy (<18%)"
"QY291",7.080794293,1.93708,5.908168,0.181220438676261,2.77267271174679,"Medium (1.5~2.5%)","Sandy (<18%)"
"QY291",6.976560253,1.9334,5.857392,0.195796118113672,2.34955341736406,"Medium (1.5~2.5%)","Sandy (<18%)"
"QY291",6.872326212,1.924,5.812072,0.210686599782229,2.52823919738675,"Medium (1.5~2.5%)","Sandy (<18%)"
"QY291",6.768092172,1.91772,5.776168,0.222888840251876,3.27646595170257,"Medium (1.5~2.5%)","Sandy (<18%)"
"QY291",6.663858132,1.91252,5.73252,0.238163431505977,3.52481878628846,"Medium (1.5~2.5%)","Sandy (<18%)"
"QY291",6.559624091,1.90892,5.695648,0.251634919193148,3.85001426365517,"Medium (1.5~2.5%)","Sandy (<18%)"
"QY291",6.455390051,1.9056,5.687816,0.254155311802098,3.04986374162518,"Medium (1.5~2.5%)","Sandy (<18%)"
"QY291",6.35115601,1.90092,5.693888,0.25206011269796,4.91517219761023,"Medium (1.5~2.5%)","Sandy (<18%)"
"QY291",6.24692197,1.89604,5.610112,0.286051662487253,2.54585979613655,"Medium (1.5~2.5%)","Sandy (<18%)"
"QY291",6.14268793,1.90256,5.624104,0.278592165364609,4.09530483085976,"Medium (1.5~2.5%)","Sandy (<18%)"
"QY291",6.038453889,1.91368,5.631848,0.272730633878024,5.40006655078487,"Medium (1.5~2.5%)","Sandy (<18%)"
"QY291",5.934219849,1.92176,5.588464,0.288800968931205,3.84105288678502,"Medium (1.5~2.5%)","Sandy (<18%)"
"QY291",5.829985808,1.93076,5.559248,0.299904232770667,2.99904232770667,"Medium (1.5~2.5%)","Sandy (<18%)"
"QY291",5.725751768,1.95576,5.54068,0.303683530678934,4.28193778257297,"Medium (1.5~2.5%)","Sandy (<18%)"
"QY291",5.621517727,1.98376,5.54288,0.297099023773937,3.38692887102288,"Medium (1.5~2.5%)","Sandy (<18%)"
"QY291",5.517283687,1.98812,5.579312,0.281108229186101,5.87516198998951,"Medium (1.5~2.5%)","Sandy (<18%)"
"QY291",5.413049647,1.99132,5.461216,0.335742225085885,2.85380891323003,"Medium (1.5~2.5%)","Sandy (<18%)"
"QY291",5.308815606,1.9982,5.496416,0.31814442185262,4.16769192626932,"Medium (1.5~2.5%)","Sandy (<18%)"
"QY291",5.204581566,2.00764,5.477232,0.326336469716739,4.27500775328929,"Medium (1.5~2.5%)","Sandy (<18%)"
"QY291",5.100347525,2.018,5.489464,0.319396079451763,4.95063923150233,"Medium (1.5~2.5%)","Sandy (<18%)"
"QY291",4.996113485,2.0292,5.464208,0.331104743927176,3.90703597834068,"Medium (1.5~2.5%)","Sandy (<18%)"
"QY291",4.891879445,2.0358,5.467992,0.330208542444589,3.66531482113494,"Medium (1.5~2.5%)","Sandy (<18%)"
"QY291",4.787645404,2.03992,5.441944,0.345596359435346,3.28316541463578,"Medium (1.5~2.5%)","Sandy (<18%)"
"QY291",4.683411364,2.05188,5.456112,0.339081988464598,3.08564609502784,"Medium (1.5~2.5%)","Sandy (<18%)"
"QY291",4.579177323,2.06384,5.403664,0.368561047387553,2.21136628432532,"Medium (1.5~2.5%)","Sandy (<18%)"
"QY291",4.474943283,2.07748,5.447664,0.345425198735756,3.38516694761041,"Medium (1.5~2.5%)","Sandy (<18%)"
"QY291",4.370709242,2.09048,5.389496,0.377216437126803,1.62203067964525,"Medium (1.5~2.5%)","Sandy (<18%)"
"QY291",4.266475202,2.09092,5.489112,0.327023395775399,3.79347139099462,"Medium (1.5~2.5%)","Sandy (<18%)"
"QY291",4.162241162,2.10208,5.42628,0.359085474384528,3.33949491177611,"Medium (1.5~2.5%)","Sandy (<18%)"
"QY291",4.058007121,2.11468,5.457256,0.341243304261223,4.23141697283916,"Medium (1.5~2.5%)","Sandy (<18%)"
"QY291",3.953773081,2.12344,5.451008,0.343140035324792,3.25983033558553,"Medium (1.5~2.5%)","Sandy (<18%)"
"QY291",3.84953904,2.12952,5.413784,0.362131879695826,3.36782648117118,"Medium (1.5~2.5%)","Sandy (<18%)"
"QY291",3.745305,2.15928,5.431736,0.3457905204714,3.14669373628974,"Medium (1.5~2.5%)","Sandy (<18%)"
"QY291",3.745305,2.15964,5.430944,0.34508136923663,3.14024046005333,"Medium (1.5~2.5%)","Sandy (<18%)"
"QY291",3.745305,2.1666,5.433496,0.341236496420406,3.10525211742569,"Medium (1.5~2.5%)","Sandy (<18%)"
"QY291",3.745305,2.17312,5.436752,0.337206868700295,3.06858250517269,"Medium (1.5~2.5%)","Sandy (<18%)"
"QY291",3.745305,2.17932,5.440096,0.333288030793231,3.0329210802184,"Medium (1.5~2.5%)","Sandy (<18%)"
"QY291",3.745305,2.18528,5.443704,0.329371444754267,2.99728014726383,"Medium (1.5~2.5%)","Sandy (<18%)"
"QY291",3.745305,2.19104,5.447312,0.32558035946513,2.96278127113268,"Medium (1.5~2.5%)","Sandy (<18%)"
"QY291",3.745305,2.1966,5.451096,0.321824087350794,2.92859919489223,"Medium (1.5~2.5%)","Sandy (<18%)"
"QY291",3.745305,2.202,5.455056,0.318094139582218,2.89465667019818,"Medium (1.5~2.5%)","Sandy (<18%)"
"QY291",3.745305,2.20724,5.459016,0.314474316001645,2.86171627561497,"Medium (1.5~2.5%)","Sandy (<18%)"
"QY291",3.745305,2.21236,5.463152,0.310870068360164,2.82891762207749,"Medium (1.5~2.5%)","Sandy (<18%)"
"QY291",3.745305,2.2174,5.467288,0.307356349595984,2.79694278132346,"Medium (1.5~2.5%)","Sandy (<18%)"
"QY291",3.745305,2.22232,5.4716,0.303856303441215,2.76509236131505,"Medium (1.5~2.5%)","Sandy (<18%)"
"QY291",3.745305,2.22712,5.476,0.300410326875913,2.73373397457081,"Medium (1.5~2.5%)","Sandy (<18%)"
"QY291",3.745305,2.23184,5.480576,0.296970097242054,2.70242788490269,"Medium (1.5~2.5%)","Sandy (<18%)"
"QY291",3.745305,2.23648,5.485152,0.293614747410102,2.67189420143193,"Medium (1.5~2.5%)","Sandy (<18%)"
"QY291",3.745305,2.241,5.489904,0.290270870883354,2.64146492503852,"Medium (1.5~2.5%)","Sandy (<18%)"
"QY291",3.745305,2.24544,5.494744,0.286970267327546,2.61142943268067,"Medium (1.5~2.5%)","Sandy (<18%)"
"QY291",3.745305,2.2498,5.499584,0.283749883834338,2.58212394289247,"Medium (1.5~2.5%)","Sandy (<18%)"
"QY291",3.745305,2.25412,5.5046,0.280525474080334,2.55278181413104,"Medium (1.5~2.5%)","Sandy (<18%)"
"QY291",3.745305,2.25832,5.509704,0.277348274149146,2.52386929475723,"Medium (1.5~2.5%)","Sandy (<18%)"
"QY291",3.745305,2.26244,5.514896,0.274210541937313,2.49531593162954,"Medium (1.5~2.5%)","Sandy (<18%)"
"QY291",3.745305,2.26652,5.520176,0.271104980516301,2.46705532269834,"Medium (1.5~2.5%)","Sandy (<18%)"
"QY291",3.745305,2.27048,5.525544,0.268043699423224,2.43919766475134,"Medium (1.5~2.5%)","Sandy (<18%)"
"QY291",3.745305,2.2744,5.531,0.265013057551786,2.41161882372125,"Medium (1.5~2.5%)","Sandy (<18%)"
"QY291",3.745305,2.27824,5.536544,0.262018713188915,2.38437029001913,"Medium (1.5~2.5%)","Sandy (<18%)"
"QY291",3.745305,2.28204,5.542176,0.259053788836459,2.35738947841178,"Medium (1.5~2.5%)","Sandy (<18%)"
"QY291",3.745305,2.28572,5.547808,0.256164076418096,2.33109309540467,"Medium (1.5~2.5%)","Sandy (<18%)"
"QY291",3.745305,2.28936,5.553616,0.253267536974185,2.30473458646509,"Medium (1.5~2.5%)","Sandy (<18%)"
"QY291",3.745305,2.29296,5.559424,0.250432116988536,2.27893226459567,"Medium (1.5~2.5%)","Sandy (<18%)"
"QY291",3.745305,2.29644,5.56532,0.247634469858737,2.25347367571451,"Medium (1.5~2.5%)","Sandy (<18%)"
"QY291",3.745305,2.29992,5.571304,0.244856535315271,2.22819447136896,"Medium (1.5~2.5%)","Sandy (<18%)"
"QY293",35.15064476,2.860181169,6.708352,0.0136815396824157,0.20111863333151,"High (>2.5%)","Clay (>35%)"
"QY293",34.64800217,2.823188416,6.707032,0.0141997470978296,0.210156257047878,"High (>2.5%)","Loamy (18-35%)"
"QY293",34.14535958,2.790289865,6.707208,0.0146735023387051,0.224504585782188,"High (>2.5%)","Loamy (18-35%)"
"QY293",33.64271699,2.761920299,6.703336,0.0152238975481189,0.182686770577426,"High (>2.5%)","Loamy (18-35%)"
"QY293",33.1400744,2.730217401,6.70228,0.0157531768997752,0.189038122797303,"High (>2.5%)","Loamy (18-35%)"
"QY293",32.63743181,2.700869575,6.705184,0.0161836111711205,0.237899084215472,"High (>2.5%)","Loamy (18-35%)"
"QY293",32.13478922,2.672644937,6.702456,0.0167571513941501,0.248005840633422,"High (>2.5%)","Loamy (18-35%)"
"QY293",31.63214663,2.645797111,6.702632,0.0172731420333834,0.264279073110766,"High (>2.5%)","Loamy (18-35%)"
"QY293",31.12950404,2.619601458,6.699288,0.0179033842610819,0.214840611132982,"High (>2.5%)","Loamy (18-35%)"
"QY293",30.62686144,2.592934792,6.707472,0.0182512544856837,0.355899462470833,"High (>2.5%)","Loamy (18-35%)"
"QY293",30.12421885,2.56655798,6.698936,0.0190857276451054,0.169862976041438,"High (>2.5%)","Loamy (18-35%)"
"QY293",29.62157626,2.547753632,6.701488,0.01956676560921,0.287631454455388,"High (>2.5%)","Loamy (18-35%)"
"QY293",29.11893367,2.532173922,6.705448,0.0199860826743533,0.395724436952194,"High (>2.5%)","Loamy (18-35%)"
"QY293",28.61629108,2.515108704,6.706768,0.0205146545867152,0.272844906003312,"High (>2.5%)","Loamy (18-35%)"
"QY293",28.11364849,2.498913052,6.701752,0.0212647972659357,0.212647972659357,"Medium (1.5~2.5%)","Loamy (18-35%)"
"QY293",27.6110059,2.493188414,6.700872,0.0217915655847569,0.307261074745072,"Medium (1.5~2.5%)","Loamy (18-35%)"
"QY293",27.10836331,2.489601458,6.700344,0.0222959705873598,0.254174064695901,"Medium (1.5~2.5%)","Loamy (18-35%)"
"QY293",26.60572072,2.471521748,6.709408,0.022667360879296,0.473747842377286,"Medium (1.5~2.5%)","Loamy (18-35%)"
"QY293",26.10307812,2.453152182,6.690928,0.0240302487872505,0.20425711469163,"Medium (1.5~2.5%)","Loamy (18-35%)"
"QY293",25.60043553,2.437427545,6.704832,0.0242381428020962,0.317519670707461,"Medium (1.5~2.5%)","Loamy (18-35%)"
"QY293",25.09779294,2.423659429,6.697528,0.0252219008866485,0.330406901615096,"Medium (1.5~2.5%)","Loamy (18-35%)"
"QY293",24.59515035,2.410833342,6.70668,0.0255923131600861,0.396680853981334,"Medium (1.5~2.5%)","Loamy (18-35%)"
"QY293",24.09250776,2.398840588,6.704832,0.0263983043306949,0.3114999911022,"Medium (1.5~2.5%)","Loamy (18-35%)"
"QY293",23.58986517,2.384311602,6.701048,0.0273587558176401,0.303682189575806,"Medium (1.5~2.5%)","Loamy (18-35%)"
"QY293",23.08722258,2.368550733,6.698408,0.0283306740760301,0.269141403722286,"Medium (1.5~2.5%)","Loamy (18-35%)"
"QY293",22.58457999,2.358043486,6.69612,0.0292427622819432,0.266109136765683,"Medium (1.5~2.5%)","Loamy (18-35%)"
"QY293",22.0819374,2.347826095,6.678432,0.0308849201562116,0.185309520937269,"Medium (1.5~2.5%)","Loamy (18-35%)"
"QY293",21.5792948,2.338949283,6.687144,0.0312646325489984,0.306393398980185,"Medium (1.5~2.5%)","Loamy (18-35%)"
"QY293",21.07665221,2.330000008,6.674208,0.0326507854929342,0.140398377619617,"Medium (1.5~2.5%)","Loamy (18-35%)"
"QY293",20.57400962,2.313442037,6.700168,0.0322433590766004,0.374022965288565,"Medium (1.5~2.5%)","Loamy (18-35%)"
"QY293",20.07136703,2.303949283,6.694272,0.0332262172212626,0.309003820157742,"Medium (1.5~2.5%)","Loamy (18-35%)"
"QY293",19.56872444,2.29561595,6.697968,0.033681518666739,0.417650831467564,"Medium (1.5~2.5%)","Loamy (18-35%)"
"QY293",19.06608185,2.285144935,6.695504,0.0344556329924358,0.32732851342814,"Medium (1.5~2.5%)","Loamy (18-35%)"
"QY293",18.56343926,2.273297109,6.695152,0.0351198694382434,0.326614785775663,"Medium (1.5~2.5%)","Loamy (18-35%)"
"QY293",18.06079667,2.276594211,6.693656,0.0354980918746304,0.323032636059137,"Medium (1.5~2.5%)","Loamy (18-35%)"
"QY293",18.06079667,2.261630443,6.693656,0.0360713053912249,0.328248879060146,"Medium (1.5~2.5%)","Loamy (18-35%)"
"QY293",18.06079667,2.251123196,6.69348,0.0365660147012203,0.332750733781105,"Medium (1.5~2.5%)","Loamy (18-35%)"
"QY293",18.06079667,2.24061595,6.693392,0.0370612510745187,0.33725738477812,"Medium (1.5~2.5%)","Loamy (18-35%)"
"QY293",18.06079667,2.230181167,6.693392,0.0375552638886018,0.341752901386276,"Medium (1.5~2.5%)","Loamy (18-35%)"
"QY293",18.06079667,2.21985508,6.693304,0.0380571967093865,0.346320490055417,"Medium (1.5~2.5%)","Loamy (18-35%)"
"QY293",18.06079667,2.209637689,6.693216,0.0385620371641542,0.350914538193803,"Medium (1.5~2.5%)","Loamy (18-35%)"
"QY293",18.06079667,2.199565225,6.693128,0.0390688689597061,0.355526707533325,"Medium (1.5~2.5%)","Loamy (18-35%)"
"QY293",18.06079667,2.189637689,6.69304,0.0395775914198839,0.360156081920943,"Medium (1.5~2.5%)","Loamy (18-35%)"
"QY293",18.06079667,2.17985508,6.69304,0.0400827402865295,0.364752936607418,"Medium (1.5~2.5%)","Loamy (18-35%)"
"QY293",18.06079667,2.170217399,6.692952,0.040594867333875,0.369413292738262,"Medium (1.5~2.5%)","Loamy (18-35%)"
"QY293",18.06079667,2.160760877,6.692864,0.0411076423562853,0.374079545442196,"Medium (1.5~2.5%)","Loamy (18-35%)"
"QY293",18.06079667,2.151449283,6.692776,0.0416218469912774,0.378758807620625,"Medium (1.5~2.5%)","Loamy (18-35%)"
"QY293",18.06079667,2.142318848,6.692776,0.0421307767019372,0.383390067987629,"Medium (1.5~2.5%)","Loamy (18-35%)"
"QY293",18.06079667,2.133333341,6.692688,0.0426464442343666,0.388082642532736,"Medium (1.5~2.5%)","Loamy (18-35%)"
"QY293",18.06079667,2.124528993,6.6926,0.0431621715403552,0.392775761017232,"Medium (1.5~2.5%)","Loamy (18-35%)"
"QY293",18.06079667,2.115869573,6.692512,0.0436787912419972,0.397477000302175,"Medium (1.5~2.5%)","Loamy (18-35%)"
"QY293",18.06079667,2.10735508,6.692512,0.0441902673212582,0.40213143262345,"Medium (1.5~2.5%)","Loamy (18-35%)"
"QY293",18.06079667,2.098985514,6.692424,0.0447082281602204,0.406844876258006,"Medium (1.5~2.5%)","Loamy (18-35%)"
"QY293",18.06079667,2.090797109,6.692424,0.0452195981920111,0.411498343547301,"Medium (1.5~2.5%)","Loamy (18-35%)"
"QY293",18.06079667,2.082717399,6.692336,0.0457383620134824,0.41621909432269,"Medium (1.5~2.5%)","Loamy (18-35%)"
"QY293",18.06079667,2.074818848,6.692248,0.0462562818607224,0.420932164932574,"Medium (1.5~2.5%)","Loamy (18-35%)"
"QY293",18.06079667,2.067028993,6.692248,0.0467691147324249,0.425598944065067,"Medium (1.5~2.5%)","Loamy (18-35%)"
"QY293",18.06079667,2.059420297,6.69216,0.0472869851516461,0.43031156487998,"Medium (1.5~2.5%)","Loamy (18-35%)"
"QY293",18.06079667,2.051920297,6.69216,0.0477993809692846,0.43497436682049,"Medium (1.5~2.5%)","Loamy (18-35%)"
"QY293",18.06079667,2.044565224,6.692072,0.0483177808362092,0.439691805609504,"Medium (1.5~2.5%)","Loamy (18-35%)"
"QY293",18.06079667,2.03735508,6.691984,0.0488357086289721,0.444404948523646,"Medium (1.5~2.5%)","Loamy (18-35%)"
"QY293",18.06079667,2.03025363,6.691984,0.0493475966046365,0.449063129102192,"Medium (1.5~2.5%)","Loamy (18-35%)"
"QY293",18.06079667,2.023297108,6.691896,0.0498652832054187,0.45377407716931,"Medium (1.5~2.5%)","Loamy (18-35%)"
"QY293",18.06079667,2.016449282,6.691896,0.0503765550579277,0.458426651027142,"Medium (1.5~2.5%)","Loamy (18-35%)"
"QY293",18.06079667,2.009746384,6.691808,0.0508934899874197,0.46313075888552,"Medium (1.5~2.5%)","Loamy (18-35%)"
"QY293",18.06079667,2.003152181,6.691808,0.0514036290837981,0.467773024662563,"Medium (1.5~2.5%)","Loamy (18-35%)"
"QY295",20.85188553,3.555063195,6.704656,0.00931543763264564,0.136936933199891,"High (>2.5%)","Loamy (18-35%)"
"QY295",20.55371046,3.504430285,6.703248,0.00968620792188228,0.143355877243858,"High (>2.5%)","Loamy (18-35%)"
"QY295",20.2555354,3.456961931,6.702456,0.0100495666692866,0.153758370040086,"High (>2.5%)","Loamy (18-35%)"
"QY295",19.95736033,3.413923958,6.698408,0.0104617175431069,0.125540610517283,"High (>2.5%)","Loamy (18-35%)"
"QY295",19.65918527,3.368354339,6.696912,0.0108599546058191,0.130319455269829,"High (>2.5%)","Loamy (18-35%)"
"QY295",19.3610102,3.324683454,6.699552,0.0111949149585336,0.164565249890443,"High (>2.5%)","Loamy (18-35%)"
"QY295",19.06283514,3.282594848,6.697088,0.0116226872035595,0.17201577061268,"High (>2.5%)","Loamy (18-35%)"
"QY295",18.76466008,3.24208852,6.696912,0.0120243351052734,0.183972327110683,"High (>2.5%)","Loamy (18-35%)"
"QY295",18.46648501,3.202215103,6.693744,0.0124994627290983,0.149993552749179,"High (>2.5%)","Loamy (18-35%)"
"QY295",18.16830995,3.162373332,6.70448,0.0127297526249662,0.24823017618684,"High (>2.5%)","Loamy (18-35%)"
"QY295",17.87013488,3.12303789,6.691192,0.0134472897133028,0.119680878448395,"High (>2.5%)","Sandy (<18%)"
"QY295",17.57195982,3.090601182,6.696912,0.0137723967689199,0.202454232503122,"High (>2.5%)","Sandy (<18%)"
"QY295",17.27378475,3.061202448,6.702104,0.0141011586647984,0.279202941563007,"High (>2.5%)","Sandy (<18%)"
"QY295",16.97560969,3.030664475,6.70008,0.0146065333409052,0.194266893434039,"High (>2.5%)","Sandy (<18%)"
"QY295",16.67743462,3.00120245,6.694712,0.0152086318519592,0.152086318519592,"High (>2.5%)","Sandy (<18%)"
"QY295",16.37925956,2.981075868,6.694888,0.0156440142184338,0.220580600479916,"High (>2.5%)","Sandy (<18%)"
"QY295",16.08108449,2.962942957,6.692952,0.0161316420285911,0.183900719125939,"High (>2.5%)","Sandy (<18%)"
"QY295",15.78290943,2.932278401,6.706064,0.0163570189256368,0.341861695545809,"High (>2.5%)","Sandy (<18%)"
"QY295",15.48473437,2.901708782,6.679488,0.0176157982999534,0.149734285549604,"High (>2.5%)","Sandy (<18%)"
"QY295",15.1865593,2.873765745,6.698144,0.0177042435677317,0.231925590737285,"High (>2.5%)","Sandy (<18%)"
"QY295",14.88838424,2.847784733,6.690048,0.0185171420803904,0.242574561253114,"High (>2.5%)","Sandy (<18%)"
"QY295",14.59020917,2.822848025,6.700784,0.0188190312838142,0.29169498489912,"High (>2.5%)","Sandy (<18%)"
"QY295",14.29203411,2.798829038,6.696648,0.0195589897560419,0.230796079121294,"High (>2.5%)","Sandy (<18%)"
"QY295",13.99385904,2.77281638,6.692776,0.0203464974929094,0.225846122171294,"High (>2.5%)","Sandy (<18%)"
"QY295",13.69568398,2.745980938,6.688552,0.0211907654279897,0.201312271565902,"High (>2.5%)","Sandy (<18%)"
"QY295",13.39750891,2.723987268,6.686792,0.0219424935693078,0.199676691480701,"High (>2.5%)","Sandy (<18%)"
"QY295",13.09933385,2.702436635,6.662944,0.0234867709227577,0.140920625536546,"High (>2.5%)","Sandy (<18%)"
"QY295",12.80115879,2.682246763,6.676232,0.0237116555820328,0.232374224703921,"High (>2.5%)","Sandy (<18%)"
"QY295",12.50298372,2.662183472,6.653176,0.0252574762183886,0.108607147739071,"High (>2.5%)","Sandy (<18%)"
"QY295",12.20480866,2.635664485,6.692072,0.0245393962315314,0.284656996285764,"High (>2.5%)","Sandy (<18%)"
"QY295",11.90663359,2.615601195,6.683008,0.0255233717235177,0.237367357028715,"High (>2.5%)","Sandy (<18%)"
"QY295",11.60845853,2.596772081,6.68908,0.0259020347289142,0.321185230638537,"High (>2.5%)","Sandy (<18%)"
"QY295",11.31028346,2.576202462,6.684592,0.0267008475848898,0.253658052056453,"High (>2.5%)","Sandy (<18%)"
"QY295",11.0121084,2.554651829,6.684152,0.0273378024688811,0.254241562960594,"High (>2.5%)","Sandy (<18%)"
"QY295",10.71393333,2.546518918,6.682392,0.0278201435892222,0.253163306661922,"High (>2.5%)","Sandy (<18%)"
"QY295",10.71393333,2.522468286,6.682304,0.0283898435370224,0.258347576186904,"High (>2.5%)","Sandy (<18%)"
"QY295",10.71393333,2.50265816,6.682128,0.0289106844277213,0.263087228292263,"High (>2.5%)","Sandy (<18%)"
"QY295",10.71393333,2.483037907,6.68204,0.029434497570933,0.267853927895491,"Medium (1.5~2.5%)","Sandy (<18%)"
"QY295",10.71393333,2.463670819,6.681952,0.0299640734637374,0.27267306852001,"Medium (1.5~2.5%)","Sandy (<18%)"
"QY295",10.71393333,2.444588541,6.681776,0.0305029020603415,0.277576408749108,"Medium (1.5~2.5%)","Sandy (<18%)"
"QY295",10.71393333,2.425791073,6.681688,0.031042787684012,0.282489367924509,"Medium (1.5~2.5%)","Sandy (<18%)"
"QY295",10.71393333,2.407310061,6.6816,0.0315870703690002,0.287442340357902,"Medium (1.5~2.5%)","Sandy (<18%)"
"QY295",10.71393333,2.389113859,6.681512,0.0321361567596414,0.292439026512737,"Medium (1.5~2.5%)","Sandy (<18%)"
"QY295",10.71393333,2.371265758,6.681424,0.0326887463684346,0.297467591952755,"Medium (1.5~2.5%)","Sandy (<18%)"
"QY295",10.71393333,2.353702468,6.681248,0.0332502587362389,0.302577354499774,"Medium (1.5~2.5%)","Sandy (<18%)"
"QY295",10.71393333,2.336455633,6.68116,0.0338111091316436,0.307681093097957,"Medium (1.5~2.5%)","Sandy (<18%)"
"QY295",10.71393333,2.319525253,6.681072,0.0343754714260964,0.312816789977477,"Medium (1.5~2.5%)","Sandy (<18%)"
"QY295",10.71393333,2.302879684,6.680984,0.0349437773377111,0.317988373773171,"Medium (1.5~2.5%)","Sandy (<18%)"
"QY295",10.71393333,2.286550571,6.680896,0.0355151914146412,0.323188241873235,"Medium (1.5~2.5%)","Sandy (<18%)"
"QY295",10.71393333,2.270537913,6.680808,0.0360894826129442,0.328414291777792,"Medium (1.5~2.5%)","Sandy (<18%)"
"QY295",10.71393333,2.254810065,6.68072,0.0366670994589467,0.333670605076415,"Medium (1.5~2.5%)","Sandy (<18%)"
"QY295",10.71393333,2.239335382,6.680632,0.0372485426406529,0.338961738029942,"Medium (1.5~2.5%)","Sandy (<18%)"
"QY295",10.71393333,2.224177155,6.680544,0.0378322029092144,0.344273046473851,"Medium (1.5~2.5%)","Sandy (<18%)"
"QY295",10.71393333,2.209303737,6.680456,0.0384185481280967,0.34960878796568,"Medium (1.5~2.5%)","Sandy (<18%)"
"QY295",10.71393333,2.194683485,6.680368,0.0390081003479761,0.354973713166582,"Medium (1.5~2.5%)","Sandy (<18%)"
"QY295",10.71393333,2.180348042,6.68028,0.039599897353998,0.360359065921382,"Medium (1.5~2.5%)","Sandy (<18%)"
"QY295",10.71393333,2.166265764,6.680192,0.0401944768906606,0.365769739705011,"Medium (1.5~2.5%)","Sandy (<18%)"
"QY295",10.71393333,2.152468296,6.680104,0.0407908268317739,0.371196524169143,"Medium (1.5~2.5%)","Sandy (<18%)"
"QY295",10.71393333,2.138892347,6.680104,0.0413847870866549,0.37660156248856,"Medium (1.5~2.5%)","Sandy (<18%)"
"QY295",10.71393333,2.125569563,6.680016,0.0419863403744311,0.382075697407323,"Medium (1.5~2.5%)","Sandy (<18%)"
"QY295",10.71393333,2.112531588,6.679928,0.0425889395038054,0.387559349484629,"Medium (1.5~2.5%)","Sandy (<18%)"
"QY295",10.71393333,2.099683487,6.67984,0.0431949102834831,0.393073683579696,"Medium (1.5~2.5%)","Sandy (<18%)"
"QY295",10.71393333,2.087120196,6.679752,0.0438014379943653,0.398593085748724,"Medium (1.5~2.5%)","Sandy (<18%)"
"QY295",10.71393333,2.074746779,6.679752,0.0444049997868814,0.404085498060621,"Medium (1.5~2.5%)","Sandy (<18%)"
"QY295",10.71393333,2.062626526,6.679664,0.0450153886621896,0.409640036825926,"Medium (1.5~2.5%)","Sandy (<18%)"
"QY295",10.71393333,2.050727792,6.679576,0.0456274150798276,0.415209477226431,"Medium (1.5~2.5%)","Sandy (<18%)"
"QY296",34.57082743,1.764275368,6.41144,0.0696416779304172,1.02373266557713,"Medium (1.5~2.5%)","Loamy (18-35%)"
"QY296",34.07647604,1.748985513,6.313848,0.0823106330151655,1.21819736862445,"Medium (1.5~2.5%)","Loamy (18-35%)"
"QY296",33.58212464,1.740108702,6.246616,0.092371662370694,1.41328643427162,"Medium (1.5~2.5%)","Loamy (18-35%)"
"QY296",33.08777325,1.737934789,6.219688,0.096999782911688,1.16399739494026,"Medium (1.5~2.5%)","Loamy (18-35%)"
"QY296",32.59342185,1.73007247,6.18924,0.102889302192839,1.23467162631407,"Medium (1.5~2.5%)","Loamy (18-35%)"
"QY296",32.09907046,1.725253629,6.155184,0.109467704711649,1.60917525926124,"Medium (1.5~2.5%)","Loamy (18-35%)"
"QY296",31.60471906,1.721449281,6.120688,0.116394485973225,1.72263839240372,"Medium (1.5~2.5%)","Loamy (18-35%)"
"QY296",31.11036767,1.719166673,6.088744,0.123160404668109,1.88435419142207,"Medium (1.5~2.5%)","Loamy (18-35%)"
"QY296",30.61601627,1.717101455,6.08584,0.124653601162612,1.49584321395134,"Medium (1.5~2.5%)","Loamy (18-35%)"
"QY296",30.12166488,1.713695658,6.082232,0.126564545599486,2.46800863918997,"Medium (1.5~2.5%)","Loamy (18-35%)"
"QY296",29.62731348,1.710036238,6.034008,0.137394484688995,1.22281091373206,"Medium (1.5~2.5%)","Loamy (18-35%)"
"QY296",29.13296209,1.717463774,6.045448,0.135366320778408,1.9898849154426,"Medium (1.5~2.5%)","Loamy (18-35%)"
"QY296",28.63861069,1.7293116,6.043952,0.135460411764311,2.68211615293336,"Medium (1.5~2.5%)","Loamy (18-35%)"
"QY296",28.1442593,1.738115948,6.01236,0.142127678627536,1.89029812574623,"Medium (1.5~2.5%)","Loamy (18-35%)"
"QY296",27.6499079,1.747681165,6.013328,0.142054739710902,1.42054739710902,"Medium (1.5~2.5%)","Loamy (18-35%)"
"QY296",27.15555651,1.772862325,5.993264,0.145037661462479,2.04503102662095,"Medium (1.5~2.5%)","Loamy (18-35%)"
"QY296",26.66120511,1.800760876,5.993968,0.143160195440164,1.63202622801787,"Medium (1.5~2.5%)","Loamy (18-35%)"
"QY296",26.16685372,1.805507253,6.003648,0.141990534175683,2.96760216427177,"Medium (1.5~2.5%)","Loamy (18-35%)"
"QY296",25.67250232,1.809202905,5.907816,0.165189664364217,1.40411214709584,"Medium (1.5~2.5%)","Loamy (18-35%)"
"QY296",25.17815093,1.816449282,5.945568,0.156846630774975,2.05469086315218,"Medium (1.5~2.5%)","Loamy (18-35%)"
"QY296",24.68379953,1.826159427,5.925768,0.162146164489762,2.12411475481588,"Medium (1.5~2.5%)","Loamy (18-35%)"
"QY296",24.18944814,1.836775369,5.938,0.159660469715216,2.47473728058586,"Medium (1.5~2.5%)","Loamy (18-35%)"
"QY296",23.69509674,1.848115948,5.916,0.165569364588575,1.95371850214519,"Medium (1.5~2.5%)","Loamy (18-35%)"
"QY296",23.20074535,1.854963775,5.919168,0.165976059344421,1.84233425872307,"Medium (1.5~2.5%)","Loamy (18-35%)"
"QY296",22.70639395,1.859311601,5.90104,0.172259764691296,1.63646776456731,"Medium (1.5~2.5%)","Loamy (18-35%)"
"QY296",22.21204256,1.871376818,5.920048,0.168164290103002,1.53029503993732,"Medium (1.5~2.5%)","Loamy (18-35%)"
"QY296",21.71769116,1.883405804,5.87728,0.180400677367342,1.08240406420405,"Medium (1.5~2.5%)","Loamy (18-35%)"
"QY296",21.22333977,1.896956528,5.924184,0.168611528310589,1.65239297744377,"Medium (1.5~2.5%)","Loamy (18-35%)"
"QY296",20.72898837,1.909855079,5.8544,0.187956047663246,0.808211004951959,"Medium (1.5~2.5%)","Loamy (18-35%)"
"QY296",20.23463698,1.910507253,5.95912,0.162108588274381,1.88045962398282,"Medium (1.5~2.5%)","Loamy (18-35%)"
"QY296",19.74028558,1.921630441,5.90368,0.176685969027224,1.64317951195319,"Medium (1.5~2.5%)","Loamy (18-35%)"
"QY296",19.24593419,1.934166673,5.926824,0.170667808084031,2.11628082024199,"Medium (1.5~2.5%)","Loamy (18-35%)"
"QY296",18.75158279,1.942862326,5.916616,0.173637604202628,1.64955723992496,"Medium (1.5~2.5%)","Loamy (18-35%)"
"QY296",18.2572314,1.948949282,5.897168,0.179371184517769,1.66815201601525,"Medium (1.5~2.5%)","Loamy (18-35%)"
"QY296",17.76288,1.978152181,5.905352,0.174762771811227,1.59034122348217,"Medium (1.5~2.5%)","Sandy (<18%)"
"QY296",17.76288,1.9785145,5.905616,0.17528594919374,1.59510213766303,"Medium (1.5~2.5%)","Sandy (<18%)"
"QY296",17.76288,1.985362326,5.907288,0.174662905154338,1.58943243690447,"Medium (1.5~2.5%)","Sandy (<18%)"
"QY296",17.76288,1.991811601,5.908784,0.174138074198662,1.58465647520782,"Medium (1.5~2.5%)","Sandy (<18%)"
"QY296",17.76288,1.997971021,5.910016,0.173720310408666,1.58085482471886,"Medium (1.5~2.5%)","Sandy (<18%)"
"QY296",17.76288,2.003876819,5.910984,0.173403939950603,1.57797585355048,"Medium (1.5~2.5%)","Sandy (<18%)"
"QY296",17.76288,2.009565224,5.911688,0.173183601872766,1.57597077704217,"Medium (1.5~2.5%)","Sandy (<18%)"
"QY296",17.76288,2.015072471,5.912128,0.173054209615919,1.57479330750486,"Medium (1.5~2.5%)","Sandy (<18%)"
"QY296",17.76288,2.020398558,5.912304,0.173015076372293,1.57443719498787,"Medium (1.5~2.5%)","Sandy (<18%)"
"QY296",17.76288,2.025615949,5.912392,0.173011094193004,1.57440095715634,"Medium (1.5~2.5%)","Sandy (<18%)"
"QY296",17.76288,2.030688413,5.912216,0.173092475435966,1.57514152646729,"Medium (1.5~2.5%)","Sandy (<18%)"
"QY296",17.76288,2.035688413,5.911864,0.1732275062303,1.57637030669573,"Medium (1.5~2.5%)","Sandy (<18%)"
"QY296",17.76288,2.040543485,5.911424,0.173401146283686,1.57795043118154,"Medium (1.5~2.5%)","Sandy (<18%)"
"QY296",17.76288,2.045289862,5.910896,0.173609149864662,1.57984326376843,"Medium (1.5~2.5%)","Sandy (<18%)"
"QY296",17.76288,2.049963775,5.91028,0.17384733338156,1.58201073377219,"Medium (1.5~2.5%)","Sandy (<18%)"
"QY296",17.76288,2.054528993,5.909576,0.174119793468669,1.58449012056488,"Medium (1.5~2.5%)","Sandy (<18%)"
"QY296",17.76288,2.059021746,5.908784,0.174422395353272,1.58724379771478,"Medium (1.5~2.5%)","Sandy (<18%)"
"QY296",17.76288,2.063442036,5.907992,0.174731789585354,1.59005928522672,"Medium (1.5~2.5%)","Sandy (<18%)"
"QY296",17.76288,2.06775363,5.9072,0.175052060698425,1.59297375235567,"Medium (1.5~2.5%)","Sandy (<18%)"
"QY296",17.76288,2.071992761,5.906408,0.175379056672456,1.59594941571935,"Medium (1.5~2.5%)","Sandy (<18%)"
"QY296",17.76288,2.076159427,5.905528,0.175736257166151,1.59919994021197,"Medium (1.5~2.5%)","Sandy (<18%)"
"QY296",17.76288,2.08025363,5.904736,0.176076614156873,1.60229718882755,"Medium (1.5~2.5%)","Sandy (<18%)"
"QY296",17.76288,2.08427537,5.903944,0.176423639783641,1.60545512203113,"Medium (1.5~2.5%)","Sandy (<18%)"
"QY296",17.76288,2.088188413,5.90324,0.176757788581157,1.60849587608852,"Medium (1.5~2.5%)","Sandy (<18%)"
"QY296",17.76288,2.092065225,5.902536,0.177094431149338,1.61155932345898,"Medium (1.5~2.5%)","Sandy (<18%)"
"QY296",17.76288,2.095869572,5.901832,0.177437678344285,1.614682872933,"Medium (1.5~2.5%)","Sandy (<18%)"
"QY296",17.76288,2.099601457,5.901216,0.177763741536041,1.61765004797797,"Medium (1.5~2.5%)","Sandy (<18%)"
"QY296",17.76288,2.103260877,5.900688,0.178072549268535,1.62046019834367,"Medium (1.5~2.5%)","Sandy (<18%)"
"QY296",17.76288,2.106847833,5.900248,0.178364035258821,1.62311272085527,"Medium (1.5~2.5%)","Sandy (<18%)"
"QY296",17.76288,2.110362326,5.899808,0.178662030476337,1.62582447733467,"Medium (1.5~2.5%)","Sandy (<18%)"
"QY296",17.76288,2.113840587,5.899456,0.178938476828223,1.62834013913683,"Medium (1.5~2.5%)","Sandy (<18%)"
"QY296",17.76288,2.117246384,5.899104,0.179221412008519,1.63091484927752,"Medium (1.5~2.5%)","Sandy (<18%)"
"QY297",34.90526607,3.101325634,6.708616,0.0113113989505908,0.166277564573685,"High (>2.5%)","Loamy (18-35%)"
"QY297",34.40613231,3.060795333,6.707384,0.0117637755436082,0.174103878045402,"High (>2.5%)","Loamy (18-35%)"
"QY297",33.90699856,3.023977153,6.707648,0.0121843548952179,0.186420629896833,"High (>2.5%)","Loamy (18-35%)"
"QY297",33.4078648,2.991401396,6.70404,0.0126701127665647,0.152041353198776,"High (>2.5%)","Loamy (18-35%)"
"QY297",32.90873104,2.955871095,6.70316,0.0131376071745896,0.157651286095075,"High (>2.5%)","Loamy (18-35%)"
"QY297",32.40959729,2.922575641,6.705888,0.0135329155294263,0.198933858282566,"High (>2.5%)","Loamy (18-35%)"
"QY297",31.91046353,2.890416552,6.703512,0.0140389346336664,0.207776232578262,"High (>2.5%)","Loamy (18-35%)"
"QY297",31.41132977,2.859696856,6.703776,0.014503529525895,0.221904001746194,"High (>2.5%)","Loamy (18-35%)"
"QY297",30.91219601,2.8296211,6.700256,0.0150717684038825,0.18086122084659,"High (>2.5%)","Loamy (18-35%)"
"QY297",30.41306226,2.799242313,6.708176,0.0154038230428906,0.300374549336367,"High (>2.5%)","Loamy (18-35%)"
"QY297",29.9139285,2.769242314,6.7014,0.0160982354348701,0.143274295370344,"High (>2.5%)","Loamy (18-35%)"
"QY297",29.41479474,2.746363527,6.702896,0.0165713921721676,0.243599464930864,"High (>2.5%)","Loamy (18-35%)"
"QY297",28.91566099,2.726666558,6.706592,0.0169767470680461,0.336139591947313,"High (>2.5%)","Loamy (18-35%)"
"QY297",28.41652723,2.705681711,6.709056,0.0174366212360613,0.231907062439616,"High (>2.5%)","Loamy (18-35%)"
"QY297",27.91739347,2.685643833,6.703864,0.0181203695437366,0.181203695437366,"High (>2.5%)","Loamy (18-35%)"
"QY297",27.41825972,2.67541656,6.702192,0.0186462277016126,0.262911810592738,"High (>2.5%)","Loamy (18-35%)"
"QY297",26.91912596,2.6673105,6.702896,0.0190986766011663,0.217724913253295,"High (>2.5%)","Loamy (18-35%)"
"QY297",26.4199922,2.645908986,6.710464,0.0194956118454343,0.407458287569576,"High (>2.5%)","Loamy (18-35%)"
"QY297",25.92085844,2.624280199,6.694976,0.0206091325254302,0.175177626466157,"High (>2.5%)","Loamy (18-35%)"
"QY297",25.42172469,2.60518929,6.706856,0.020888582226318,0.273640427164766,"High (>2.5%)","Loamy (18-35%)"
"QY297",24.92259093,2.587992321,6.700256,0.021753245621239,0.284967517638231,"High (>2.5%)","Loamy (18-35%)"
"QY297",24.42345717,2.571780201,6.708616,0.0221391126031713,0.343156245349155,"High (>2.5%)","Loamy (18-35%)"
"QY297",23.92432342,2.556439292,6.707736,0.0228429222429069,0.269546482466301,"High (>2.5%)","Loamy (18-35%)"
"QY297",23.42518966,2.538825657,6.703952,0.0237092096094124,0.263172226664478,"High (>2.5%)","Loamy (18-35%)"
"QY297",22.9260559,2.520113536,6.70228,0.0245481128137377,0.233207071730508,"High (>2.5%)","Loamy (18-35%)"
"QY297",22.42692215,2.506363537,6.699376,0.0254033899162359,0.231170848237747,"High (>2.5%)","Loamy (18-35%)"
"QY297",21.92778839,2.492992325,6.683976,0.0267791180827756,0.160674708496653,"Medium (1.5~2.5%)","Loamy (18-35%)"
"QY297",21.42865463,2.480946871,6.691016,0.0272220389152596,0.266775981369544,"Medium (1.5~2.5%)","Loamy (18-35%)"
"QY297",20.92952088,2.468901417,6.682216,0.0282967002983168,0.121675811282762,"Medium (1.5~2.5%)","Loamy (18-35%)"
"QY297",20.43038712,2.449924145,6.702896,0.0281973511355794,0.327089273172721,"Medium (1.5~2.5%)","Loamy (18-35%)"
"QY297",19.93125336,2.437462024,6.69832,0.0290440204318051,0.270109390015787,"Medium (1.5~2.5%)","Loamy (18-35%)"
"QY297",19.4321196,2.426249904,6.700872,0.0295392517255027,0.366286721396234,"Medium (1.5~2.5%)","Loamy (18-35%)"
"QY297",18.93298585,2.413105965,6.699376,0.0302159896371777,0.287051901553188,"Medium (1.5~2.5%)","Loamy (18-35%)"
"QY297",18.43385209,2.398712026,6.699112,0.0308347108230269,0.28676281065415,"Medium (1.5~2.5%)","Loamy (18-35%)"
"QY297",17.93471833,2.398484753,6.697792,0.0312311079084767,0.284203081967138,"Medium (1.5~2.5%)","Sandy (<18%)"
"QY297",17.93471833,2.381363542,6.697792,0.0317680984291098,0.289089695704899,"Medium (1.5~2.5%)","Sandy (<18%)"
"QY297",17.93471833,2.368446876,6.697704,0.0322417247651188,0.293399695362581,"Medium (1.5~2.5%)","Sandy (<18%)"
"QY297",17.93471833,2.355568088,6.697616,0.0327207880711644,0.297759171447596,"Medium (1.5~2.5%)","Sandy (<18%)"
"QY297",17.93471833,2.342840816,6.697528,0.0332031958430999,0.302149082172209,"Medium (1.5~2.5%)","Sandy (<18%)"
"QY297",17.93471833,2.33022718,6.69744,0.0336896198865328,0.306575540967448,"Medium (1.5~2.5%)","Sandy (<18%)"
"QY297",17.93471833,2.317765059,6.69744,0.0341747192240761,0.310989944939092,"Medium (1.5~2.5%)","Sandy (<18%)"
"QY297",17.93471833,2.305492333,6.697352,0.0346667423278113,0.315467355183083,"Medium (1.5~2.5%)","Sandy (<18%)"
"QY297",17.93471833,2.293409,6.697352,0.0351563635685396,0.31992290847371,"Medium (1.5~2.5%)","Sandy (<18%)"
"QY297",17.93471833,2.28155294,6.697264,0.0356520125792386,0.324433314471071,"Medium (1.5~2.5%)","Sandy (<18%)"
"QY297",17.93471833,2.269848395,6.697176,0.0361504988374702,0.328969539420978,"Medium (1.5~2.5%)","Sandy (<18%)"
"QY297",17.93471833,2.258371122,6.697176,0.0366451920123212,0.333471247312123,"Medium (1.5~2.5%)","Sandy (<18%)"
"QY297",17.93471833,2.247045365,6.697088,0.0371473336902393,0.338040736581178,"Medium (1.5~2.5%)","Sandy (<18%)"
"QY297",17.93471833,2.235946881,6.697088,0.0376452522535179,0.342571795507013,"Medium (1.5~2.5%)","Sandy (<18%)"
"QY297",17.93471833,2.22503779,6.697,0.0381496402844189,0.347161726588212,"Medium (1.5~2.5%)","Sandy (<18%)"
"QY297",17.93471833,2.214355973,6.696912,0.0386544972296661,0.351755924789962,"Medium (1.5~2.5%)","Sandy (<18%)"
"QY297",17.93471833,2.20382567,6.696912,0.0391561972417458,0.356321394899886,"Medium (1.5~2.5%)","Sandy (<18%)"
"QY297",17.93471833,2.193484761,6.696824,0.0396641296718585,0.360943580013913,"Medium (1.5~2.5%)","Sandy (<18%)"
"QY297",17.93471833,2.183333247,6.696824,0.0401675949302568,0.365525113865337,"Medium (1.5~2.5%)","Sandy (<18%)"
"QY297",17.93471833,2.173371126,6.696736,0.0406771169308492,0.370161764070728,"Medium (1.5~2.5%)","Sandy (<18%)"
"QY297",17.93471833,2.16356052,6.696736,0.0411826842684303,0.374762426842716,"Medium (1.5~2.5%)","Sandy (<18%)"
"QY297",17.93471833,2.153939308,6.696648,0.0416941505568274,0.37941677006713,"Medium (1.5~2.5%)","Sandy (<18%)"
"QY297",17.93471833,2.144507491,6.696648,0.0422002597065909,0.384022363329977,"Medium (1.5~2.5%)","Sandy (<18%)"
"QY297",17.93471833,2.135227188,6.69656,0.0427130812488049,0.388689039364125,"Medium (1.5~2.5%)","Sandy (<18%)"
"QY297",17.93471833,2.126136279,6.69656,0.0432200965695575,0.393302878782973,"Medium (1.5~2.5%)","Sandy (<18%)"
"QY297",17.93471833,2.117196886,6.696472,0.0437336749023889,0.397976441611739,"Medium (1.5~2.5%)","Sandy (<18%)"
"QY297",17.93471833,2.108409007,6.696472,0.0442420508460672,0.402602662699211,"Medium (1.5~2.5%)","Sandy (<18%)"
"QY297",17.93471833,2.099772644,6.696472,0.0447508764464819,0.407232975662985,"Medium (1.5~2.5%)","Sandy (<18%)"
"QY297",17.93471833,2.091325674,6.696384,0.0452649699782356,0.411911226801944,"Medium (1.5~2.5%)","Sandy (<18%)"
"QY297",17.93471833,2.082992341,6.696384,0.0457743301124516,0.41654640402331,"Medium (1.5~2.5%)","Sandy (<18%)"
"QY297",17.93471833,2.074848402,6.696296,0.0462887810472212,0.421227907529713,"Medium (1.5~2.5%)","Sandy (<18%)"
"QY297",17.93471833,2.0668181,6.696296,0.0467981101750811,0.425862802593238,"Medium (1.5~2.5%)","Sandy (<18%)"
"QY299",48,1.74336,6.353888,0.0318742497920512,0.468551471943153,"Medium (1.5~2.5%)","Clay (>35%)"
"QY299",47.31361588,1.72424,6.261928,0.0380490821085677,0.563126415206802,"Medium (1.5~2.5%)","Clay (>35%)"
"QY299",46.62723176,1.70864,6.193112,0.043690763714653,0.668468684834191,"Medium (1.5~2.5%)","Clay (>35%)"
"QY299",45.94084764,1.6968,6.157824,0.047512101175729,0.570145214108748,"Medium (1.5~2.5%)","Clay (>35%)"
"QY299",45.25446352,1.68204,6.124296,0.0516492831786884,0.61979139814426,"Medium (1.5~2.5%)","Clay (>35%)"
"QY299",44.5680794,1.66908,6.085752,0.0564717466217266,0.830134675339381,"Medium (1.5~2.5%)","Clay (>35%)"
"QY299",43.88169528,1.65688,6.04844,0.0615320201341098,0.910673897984825,"Medium (1.5~2.5%)","Clay (>35%)"
"QY299",43.19531116,1.64568,6.013944,0.0666971690043473,1.02046668576651,"Medium (1.5~2.5%)","Clay (>35%)"
"QY299",42.50892704,1.63488,6.000656,0.0699533227917386,0.839439873500863,"Medium (1.5~2.5%)","Clay (>35%)"
"QY299",41.82254292,1.62348,5.997488,0.072344264479179,1.41071315734399,"Medium (1.5~2.5%)","Clay (>35%)"
"QY299",41.1361588,1.61212,5.936152,0.0815782392703931,0.726046329506498,"Medium (1.5~2.5%)","Clay (>35%)"
"QY299",40.44977468,1.60708,5.947416,0.0821641899285798,1.20781359195012,"Medium (1.5~2.5%)","Clay (>35%)"
"QY299",39.76339056,1.60472,5.941872,0.0845769613501836,1.67462383473364,"Medium (1.5~2.5%)","Clay (>35%)"
"QY299",39.07700644,1.60092,5.887664,0.093710656963904,1.24635173761992,"Medium (1.5~2.5%)","Clay (>35%)"
"QY299",38.39062232,1.5978,5.883,0.0963833179156153,0.963833179156153,"Medium (1.5~2.5%)","Clay (>35%)"
"QY299",37.7042382,1.60352,5.876136,0.0988315670970346,1.39352509606819,"Medium (1.5~2.5%)","Clay (>35%)"
"QY299",37.01785408,1.61104,5.849472,0.104157988458566,1.18740106842765,"Medium (1.5~2.5%)","Clay (>35%)"
"QY299",36.33146996,1.60608,5.87508,0.102521973145098,2.14270923873254,"Medium (1.5~2.5%)","Clay (>35%)"
"QY299",35.64508584,1.6006,5.758832,0.124896528520911,1.06162049242774,"Medium (1.5~2.5%)","Clay (>35%)"
"QY299",34.95870172,1.59716,5.799576,0.120054802523733,1.57271791306091,"Medium (1.5~2.5%)","Loamy (18-35%)"
"QY299",34.2723176,1.59528,5.775376,0.127028127670867,1.66406847248836,"Medium (1.5~2.5%)","Loamy (18-35%)"
"QY299",33.58593348,1.59404,5.784968,0.127625156857165,1.97818993128606,"Medium (1.5~2.5%)","Loamy (18-35%)"
"QY299",32.89954936,1.5934,5.747304,0.137627522293475,1.62400476306301,"Medium (1.5~2.5%)","Loamy (18-35%)"
"QY299",32.21316524,1.59044,5.737008,0.142799150777751,1.58507057363303,"Medium (1.5~2.5%)","Loamy (18-35%)"
"QY299",31.52678112,1.58624,5.706824,0.152903016983792,1.45257866134603,"Medium (1.5~2.5%)","Loamy (18-35%)"
"QY299",30.840397,1.58636,5.711664,0.154751807422254,1.40824144754251,"Medium (1.5~2.5%)","Loamy (18-35%)"
"QY299",30.15401288,1.58668,5.645488,0.174443927303682,1.04666356382209,"Medium (1.5~2.5%)","Loamy (18-35%)"
"QY299",29.46762876,1.588,5.686672,0.166782697304831,1.63447043358734,"Medium (1.5~2.5%)","Loamy (18-35%)"
"QY299",28.78124464,1.58912,5.579136,0.19934254109603,0.857172926712928,"Medium (1.5~2.5%)","Loamy (18-35%)"
"QY299",28.09486052,1.5836,5.703128,0.168602121335576,1.95578460749269,"Medium (1.5~2.5%)","Loamy (18-35%)"
"QY299",27.4084764,1.58392,5.654904,0.1836456147991,1.70790421763163,"Medium (1.5~2.5%)","Loamy (18-35%)"
"QY299",26.72209228,1.58516,5.67576,0.179885039628967,2.23057449139919,"Medium (1.5~2.5%)","Loamy (18-35%)"
"QY299",26.03570816,1.58444,5.651472,0.188552861384345,1.79125218315128,"Medium (1.5~2.5%)","Loamy (18-35%)"
"QY299",25.34932404,1.5824,5.635896,0.195168552257087,1.81506753599091,"Medium (1.5~2.5%)","Loamy (18-35%)"
"QY299",24.66293992,1.5932,5.627888,0.197328515979298,1.79568949541161,"Medium (1.5~2.5%)","Loamy (18-35%)"
"QY299",24.66293992,1.58836,5.6212,0.201130744501594,1.83028977496451,"Medium (1.5~2.5%)","Loamy (18-35%)"
"QY299",24.66293992,1.58712,5.615216,0.204140542157833,1.85767893363628,"Medium (1.5~2.5%)","Loamy (18-35%)"
"QY299",24.66293992,1.58572,5.609232,0.207201552922291,1.88553413159285,"Medium (1.5~2.5%)","Loamy (18-35%)"
"QY299",24.66293992,1.5842,5.603248,0.210307683038489,1.91379991565025,"Medium (1.5~2.5%)","Loamy (18-35%)"
"QY299",24.66293992,1.58268,5.597176,0.213466537229367,1.94254548878724,"Medium (1.5~2.5%)","Loamy (18-35%)"
"QY299",24.66293992,1.58112,5.591016,0.216686434646295,1.97184655528128,"Medium (1.5~2.5%)","Loamy (18-35%)"
"QY299",24.66293992,1.57956,5.584856,0.219931787642144,2.00137926754351,"Medium (1.5~2.5%)","Loamy (18-35%)"
"QY299",24.66293992,1.57796,5.578608,0.223239874859106,2.03148286121787,"Medium (1.5~2.5%)","Loamy (18-35%)"
"QY299",24.66293992,1.57636,5.572272,0.226604299926769,2.06209912933359,"Medium (1.5~2.5%)","Loamy (18-35%)"
"QY299",24.66293992,1.5748,5.565848,0.230018239076135,2.09316597559283,"Medium (1.5~2.5%)","Loamy (18-35%)"
"QY299",24.66293992,1.57328,5.559424,0.233451158305351,2.1244055405787,"Medium (1.5~2.5%)","Loamy (18-35%)"
"QY299",24.66293992,1.57172,5.552912,0.236950383108242,2.156248486285,"Medium (1.5~2.5%)","Loamy (18-35%)"
"QY299",24.66293992,1.5702,5.5464,0.240468673654824,2.1882649302589,"Medium (1.5~2.5%)","Loamy (18-35%)"
"QY299",24.66293992,1.56872,5.5398,0.244038113948204,2.22074683692866,"Medium (1.5~2.5%)","Loamy (18-35%)"
"QY299",24.66293992,1.56728,5.533112,0.24765937547259,2.25370031680057,"Medium (1.5~2.5%)","Loamy (18-35%)"
"QY299",24.66293992,1.5658,5.526424,0.251316723436831,2.28698218327516,"Medium (1.5~2.5%)","Loamy (18-35%)"
"QY299",24.66293992,1.5644,5.519648,0.255018130091462,2.32066498383231,"Medium (1.5~2.5%)","Loamy (18-35%)"
"QY299",24.66293992,1.563,5.512872,0.258747051057422,2.35459816462254,"Medium (1.5~2.5%)","Loamy (18-35%)"
"QY299",24.66293992,1.56164,5.506096,0.262494187098992,2.38869710260083,"Medium (1.5~2.5%)","Loamy (18-35%)"
"QY299",24.66293992,1.56028,5.499232,0.266303646542772,2.42336318353923,"Medium (1.5~2.5%)","Loamy (18-35%)"
"QY299",24.66293992,1.55896,5.49228,0.270167122822733,2.45852081768687,"Medium (1.5~2.5%)","Loamy (18-35%)"
"QY299",24.66293992,1.55764,5.485328,0.274058019905963,2.49392798114426,"Medium (1.5~2.5%)","Loamy (18-35%)"
"QY299",24.66293992,1.5564,5.478376,0.277956838085831,2.52940722658106,"Medium (1.5~2.5%)","Loamy (18-35%)"
"QY299",24.66293992,1.55512,5.471336,0.281929343299123,2.56555702402202,"Medium (1.5~2.5%)","Loamy (18-35%)"
"QY299",24.66293992,1.55388,5.464208,0.285957124854615,2.602209836177,"Medium (1.5~2.5%)","Loamy (18-35%)"
"QY299",24.66293992,1.55268,5.45708,0.29000198144005,2.63901803110446,"Medium (1.5~2.5%)","Loamy (18-35%)"
"QY299",24.66293992,1.55148,5.449952,0.294073279566585,2.67606684405593,"Medium (1.5~2.5%)","Loamy (18-35%)"
"QY299",24.66293992,1.55032,5.442736,0.298200143126913,2.71362130245491,"Medium (1.5~2.5%)","Loamy (18-35%)"
"QY299",24.66293992,1.54916,5.43552,0.302353138959355,2.75141356453013,"Medium (1.5~2.5%)","Loamy (18-35%)"
"QY299",24.66293992,1.54804,5.428216,0.306562163611104,2.78971568886105,"Medium (1.5~2.5%)","Loamy (18-35%)"
"QY299",24.66293992,1.54692,5.420912,0.310796933754486,2.82825209716582,"Medium (1.5~2.5%)","Loamy (18-35%)"
"QY308",12,1.969935114,6.70536,0.0354747451255275,0.521478753345254,"Medium (1.5~2.5%)","Sandy (<18%)"
"QY308",11.82840397,1.944805243,6.703424,0.0365369782545916,0.540747278167955,"Medium (1.5~2.5%)","Sandy (<18%)"
"QY308",11.65680794,1.923376671,6.702808,0.0374578129183286,0.573104537650427,"Medium (1.5~2.5%)","Sandy (<18%)"
"QY308",11.48521191,1.905941606,6.698584,0.0385185275208269,0.462222330249923,"Medium (1.5~2.5%)","Sandy (<18%)"
"QY308",11.31361588,1.885422125,6.696824,0.0395557764849981,0.474669317819978,"Medium (1.5~2.5%)","Sandy (<18%)"
"QY308",11.14201985,1.866883163,6.699728,0.0402818339606838,0.592142959222052,"Medium (1.5~2.5%)","Sandy (<18%)"
"QY308",10.97042382,1.849188357,6.697264,0.041331754830992,0.611709971498682,"Medium (1.5~2.5%)","Sandy (<18%)"
"QY308",10.79882779,1.832629916,6.697088,0.0422482910673346,0.646398853330219,"Medium (1.5~2.5%)","Sandy (<18%)"
"QY308",10.62723176,1.816461084,6.69304,0.0434404747409035,0.521285696890842,"Medium (1.5~2.5%)","Sandy (<18%)"
"QY308",10.45563573,1.799740304,6.703248,0.0437568416885422,0.853258412926573,"Medium (1.5~2.5%)","Sandy (<18%)"
"QY308",10.2840397,1.783149395,6.690224,0.0456532115496653,0.406313582792021,"Medium (1.5~2.5%)","Sandy (<18%)"
"QY308",10.11244367,1.77321433,6.695416,0.0461571380113567,0.678509928766943,"Medium (1.5~2.5%)","Sandy (<18%)"
"QY308",9.94084764,1.766006537,6.70096,0.0465442428023954,0.921576007487429,"Medium (1.5~2.5%)","Sandy (<18%)"
"QY308",9.76925161,1.757207836,6.699992,0.0474540299576755,0.631138598437084,"Medium (1.5~2.5%)","Sandy (<18%)"
"QY308",9.59765558,1.749058485,6.693832,0.0487782040756683,0.487782040756683,"Medium (1.5~2.5%)","Sandy (<18%)"
"QY308",9.42605955,1.750129913,6.693832,0.0493497718746282,0.695831783432258,"Medium (1.5~2.5%)","Sandy (<18%)"
"QY308",9.25446352,1.752889654,6.692248,0.0499870543656118,0.569852419767974,"Medium (1.5~2.5%)","Sandy (<18%)"
"QY308",9.08286749,1.742402641,6.70448,0.050111696974105,1.04733446675879,"Medium (1.5~2.5%)","Sandy (<18%)"
"QY308",8.91127146,1.731655887,6.6794,0.053159473752574,0.451855526896879,"Medium (1.5~2.5%)","Sandy (<18%)"
"QY308",8.73967543,1.723181861,6.69568,0.0529278397572018,0.693354700819343,"Medium (1.5~2.5%)","Sandy (<18%)"
"QY308",8.5680794,1.716363679,6.687584,0.0546101374389941,0.715392800450823,"Medium (1.5~2.5%)","Sandy (<18%)"
"QY308",8.39648337,1.710259783,6.697968,0.0547822304644355,0.849124572198751,"Medium (1.5~2.5%)","Sandy (<18%)"
"QY308",8.22488734,1.704740302,6.694008,0.0561579988793794,0.662664386776677,"Medium (1.5~2.5%)","Sandy (<18%)"
"QY308",8.05329131,1.696818224,6.689432,0.0577624692892674,0.641163409110868,"Medium (1.5~2.5%)","Sandy (<18%)"
"QY308",7.88169528,1.687694847,6.68512,0.0594637672690155,0.564905789055647,"Medium (1.5~2.5%)","Sandy (<18%)"
"QY308",7.71009925,1.683246795,6.681688,0.0609351035884836,0.5545094426552,"Medium (1.5~2.5%)","Sandy (<18%)"
"QY308",7.53850322,1.678896145,6.657664,0.0644226058239374,0.386535634943624,"Medium (1.5~2.5%)","Sandy (<18%)"
"QY308",7.36690719,1.675649392,6.67192,0.0641435103473604,0.628606401404132,"Medium (1.5~2.5%)","Sandy (<18%)"
"QY308",7.19531116,1.672175366,6.646928,0.0677097114629368,0.291151759290628,"Medium (1.5~2.5%)","Sandy (<18%)"
"QY308",7.02371513,1.661785755,6.686264,0.0651379090522524,0.755599745006128,"Medium (1.5~2.5%)","Sandy (<18%)"
"QY308",6.8521191,1.657727314,6.6772,0.0670062131069865,0.623157781894974,"Medium (1.5~2.5%)","Sandy (<18%)"
"QY308",6.68052307,1.654577963,6.683624,0.0672345280343421,0.833708147625842,"Medium (1.5~2.5%)","Sandy (<18%)"
"QY308",6.50892704,1.649415625,6.67852,0.0686843501158631,0.6525013261007,"Medium (1.5~2.5%)","Sandy (<18%)"
"QY308",6.33733101,1.642922119,6.677288,0.0697648531313533,0.648813134121586,"Medium (1.5~2.5%)","Sandy (<18%)"
"QY308",6.16573498,1.649935106,6.675264,0.0701150901883043,0.638047320713569,"Medium (1.5~2.5%)","Sandy (<18%)"
"QY308",6.16573498,1.640324716,6.675088,0.0710235357011352,0.64631417488033,"Medium (1.5~2.5%)","Sandy (<18%)"
"QY308",6.16573498,1.634772768,6.674912,0.0717041425944482,0.652507697609479,"Medium (1.5~2.5%)","Sandy (<18%)"
"QY308",6.16573498,1.629155885,6.674648,0.0724028012043692,0.65886549095976,"Medium (1.5~2.5%)","Sandy (<18%)"
"QY308",6.16573498,1.623539001,6.674384,0.0731062642269204,0.665267004464976,"Medium (1.5~2.5%)","Sandy (<18%)"
"QY308",6.16573498,1.617922118,6.674208,0.0738047030503362,0.67162279775806,"Medium (1.5~2.5%)","Sandy (<18%)"
"QY308",6.16573498,1.61237017,6.673944,0.0745138026602228,0.678075604208028,"Medium (1.5~2.5%)","Sandy (<18%)"
"QY308",6.16573498,1.606883157,6.673768,0.0752136060027148,0.684443814624705,"Medium (1.5~2.5%)","Sandy (<18%)"
"QY308",6.16573498,1.601428611,6.673592,0.0759159572893796,0.690835211333354,"Medium (1.5~2.5%)","Sandy (<18%)"
"QY308",6.16573498,1.596071468,6.673328,0.0766268921702762,0.697304718749513,"Medium (1.5~2.5%)","Sandy (<18%)"
"QY308",6.16573498,1.590811728,6.673152,0.0773258098850663,0.703664869954103,"Medium (1.5~2.5%)","Sandy (<18%)"
"QY308",6.16573498,1.585616922,6.672976,0.0780248385820879,0.710026031097,"Medium (1.5~2.5%)","Sandy (<18%)"
"QY308",6.16573498,1.580487052,6.6728,0.0787238661708798,0.716387182155006,"Medium (1.5~2.5%)","Sandy (<18%)"
"QY308",6.16573498,1.575487052,6.672624,0.0794183929921496,0.722707376228562,"Medium (1.5~2.5%)","Sandy (<18%)"
"QY308",6.16573498,1.570551987,6.672448,0.0801125965948505,0.72902462901314,"Medium (1.5~2.5%)","Sandy (<18%)"
"QY308",6.16573498,1.565681857,6.672272,0.0808063610954562,0.735337885968651,"Medium (1.5~2.5%)","Sandy (<18%)"
"QY308",6.16573498,1.560941597,6.672096,0.0814950263628703,0.74160473990212,"Medium (1.5~2.5%)","Sandy (<18%)"
"QY308",6.16573498,1.556266272,6.67192,0.0821829237429307,0.747864606060669,"Medium (1.5~2.5%)","Sandy (<18%)"
"QY308",6.16573498,1.551655883,6.671744,0.0828699339988289,0.754116399389343,"Medium (1.5~2.5%)","Sandy (<18%)"
"QY308",6.16573498,1.547175363,6.671568,0.0835512379671917,0.760316265501444,"Medium (1.5~2.5%)","Sandy (<18%)"
"QY308",6.16573498,1.542727311,6.67148,0.0842224323801151,0.766424134659048,"Medium (1.5~2.5%)","Sandy (<18%)"
"QY308",6.16573498,1.538409129,6.671304,0.0848987219489903,0.772578369735812,"Medium (1.5~2.5%)","Sandy (<18%)"
"QY308",6.16573498,1.534123415,6.671216,0.0855644842349662,0.778636806538192,"Medium (1.5~2.5%)","Sandy (<18%)"
"QY308",6.16573498,1.529935103,6.671128,0.0862260486412403,0.784657042635287,"Medium (1.5~2.5%)","Sandy (<18%)"
"QY308",6.16573498,1.525844194,6.670952,0.0868948422157271,0.790743064163116,"Medium (1.5~2.5%)","Sandy (<18%)"
"QY308",6.16573498,1.52181822,6.670864,0.0875500007394212,0.796705006728733,"Medium (1.5~2.5%)","Sandy (<18%)"
"QY308",6.16573498,1.51785718,6.670776,0.0882029544718581,0.802646885693908,"Medium (1.5~2.5%)","Sandy (<18%)"
"QY308",6.16573498,1.513961076,6.670688,0.0888535795056789,0.808567573501678,"Medium (1.5~2.5%)","Sandy (<18%)"
"QY308",6.16573498,1.510129908,6.6706,0.0895017517239826,0.814465940688242,"Medium (1.5~2.5%)","Sandy (<18%)"
"QY308",6.16573498,1.506396141,6.670512,0.0901447433567661,0.820317164546571,"Medium (1.5~2.5%)","Sandy (<18%)"
"QY308",6.16573498,1.50272731,6.670424,0.0907849898399641,0.826143407543673,"Medium (1.5~2.5%)","Sandy (<18%)"
"QY308",6.16573498,1.499123414,6.670336,0.0914223668022486,0.831943537900462,"Low (0.5~1.5%)","Sandy (<18%)"
"QY310",23,1.56934306,6.70668,0.0458747196561467,0.674358378945357,"Medium (1.5~2.5%)","Loamy (18-35%)"
"QY310",22.67110761,1.552080287,6.705184,0.0471665780497071,0.698065355135666,"Medium (1.5~2.5%)","Loamy (18-35%)"
"QY310",22.34221522,1.538503644,6.704832,0.0482499698250559,0.738224538323356,"Medium (1.5~2.5%)","Loamy (18-35%)"
"QY310",22.01332283,1.528832111,6.700344,0.0495110453849663,0.594132544619596,"Medium (1.5~2.5%)","Loamy (18-35%)"
"QY310",21.68443044,1.516058389,6.699024,0.0507109620696409,0.608531544835691,"Medium (1.5~2.5%)","Loamy (18-35%)"
"QY310",21.35553805,1.505109484,6.702192,0.0515049873142342,0.757123313519243,"Medium (1.5~2.5%)","Loamy (18-35%)"
"QY310",21.02664566,1.494890506,6.699728,0.0527176187675965,0.780220757760428,"Low (0.5~1.5%)","Loamy (18-35%)"
"QY310",20.69775326,1.485693425,6.699992,0.0537144889539288,0.82183168099511,"Low (0.5~1.5%)","Loamy (18-35%)"
"QY310",20.36886087,1.476788316,6.696472,0.0550491404329396,0.660589685195276,"Low (0.5~1.5%)","Loamy (18-35%)"
"QY310",20.03996848,1.467226272,6.705712,0.0554104231421623,1.08050325127217,"Low (0.5~1.5%)","Loamy (18-35%)"
"QY310",19.71107609,1.457700725,6.695328,0.0574473387231113,0.51128131463569,"Low (0.5~1.5%)","Loamy (18-35%)"
"QY310",19.3821837,1.454635031,6.699112,0.0580337929980017,0.853096757070625,"Low (0.5~1.5%)","Loamy (18-35%)"
"QY310",19.05329131,1.454306564,6.703512,0.0584151918541907,1.15662079871298,"Low (0.5~1.5%)","Loamy (18-35%)"
"QY310",18.72439892,1.452372258,6.703688,0.059254523574117,0.788085163535756,"Low (0.5~1.5%)","Loamy (18-35%)"
"QY310",18.39550653,1.451021893,6.69788,0.0606822933633234,0.606822933633234,"Low (0.5~1.5%)","Loamy (18-35%)"
"QY310",18.06661414,1.458832112,6.697352,0.0611710200187015,0.862511382263691,"Low (0.5~1.5%)","Loamy (18-35%)"
"QY310",17.73772175,1.468321163,6.69656,0.0615953161871101,0.702186604533055,"Low (0.5~1.5%)","Sandy (<18%)"
"QY310",17.40882936,1.464671528,6.707384,0.0617132377470621,1.2898066689136,"Low (0.5~1.5%)","Sandy (<18%)"
"QY310",17.07993697,1.460510944,6.685648,0.0649595472933693,0.552156151993639,"Low (0.5~1.5%)","Sandy (<18%)"
"QY310",16.75104457,1.458503645,6.700696,0.0646290578705216,0.846640658103833,"Low (0.5~1.5%)","Sandy (<18%)"
"QY310",16.42215218,1.458029192,6.693304,0.0664231388824353,0.870143119359902,"Low (0.5~1.5%)","Sandy (<18%)"
"QY310",16.09325979,1.458175177,6.702896,0.0665202168855866,1.03106336172659,"Low (0.5~1.5%)","Sandy (<18%)"
"QY310",15.7643674,1.458868608,6.699992,0.067876214170611,0.80093932721321,"Low (0.5~1.5%)","Sandy (<18%)"
"QY310",15.43547501,1.457116783,6.695944,0.0695802534444721,0.77234081323364,"Low (0.5~1.5%)","Sandy (<18%)"
"QY310",15.10658262,1.454014593,6.692424,0.0713804304242143,0.678114089030035,"Low (0.5~1.5%)","Sandy (<18%)"
"QY310",14.77769023,1.455437951,6.68996,0.072839751565024,0.662841739241718,"Low (0.5~1.5%)","Sandy (<18%)"
"QY310",14.44879784,1.456970798,6.66884,0.0764524021946284,0.458714413167771,"Low (0.5~1.5%)","Sandy (<18%)"
"QY310",14.11990545,1.459489046,6.680192,0.0762294399918146,0.747048511919783,"Low (0.5~1.5%)","Sandy (<18%)"
"QY310",13.79101306,1.46175182,6.661448,0.0794507678024349,0.34163830155047,"Low (0.5~1.5%)","Sandy (<18%)"
"QY310",13.46212067,1.457080287,6.694184,0.0770127977993414,0.893348454472361,"Low (0.5~1.5%)","Sandy (<18%)"
"QY310",13.13322828,1.458467148,6.686968,0.078738092661589,0.732264261752777,"Low (0.5~1.5%)","Sandy (<18%)"
"QY310",12.80433588,1.460802915,6.691808,0.0789097253949721,0.978480594897654,"Low (0.5~1.5%)","Sandy (<18%)"
"QY310",12.47544349,1.461021893,6.688112,0.080154637652804,0.761469057701638,"Low (0.5~1.5%)","Sandy (<18%)"
"QY310",12.1465511,1.459817513,6.687496,0.0810667863532974,0.753921113085666,"Low (0.5~1.5%)","Sandy (<18%)"
"QY310",11.81765871,1.472007294,6.685736,0.0810535554966861,0.737587355019844,"Low (0.5~1.5%)","Sandy (<18%)"
"QY310",11.81765871,1.467737221,6.685648,0.0818147529413658,0.744514251766429,"Low (0.5~1.5%)","Sandy (<18%)"
"QY310",11.81765871,1.467262769,6.685472,0.0823050077059344,0.748975570124003,"Low (0.5~1.5%)","Sandy (<18%)"
"QY310",11.81765871,1.466605834,6.685296,0.0828087402059866,0.753559535874478,"Low (0.5~1.5%)","Sandy (<18%)"
"QY310",11.81765871,1.465875907,6.68512,0.083317850520322,0.758192439734931,"Low (0.5~1.5%)","Sandy (<18%)"
"QY310",11.81765871,1.465072988,6.685032,0.0838212253215547,0.762773150426148,"Low (0.5~1.5%)","Sandy (<18%)"
"QY310",11.81765871,1.464233572,6.684856,0.0843385170947077,0.76748050556184,"Low (0.5~1.5%)","Sandy (<18%)"
"QY310",11.81765871,1.463357659,6.684768,0.0848472671157816,0.772110130753613,"Low (0.5~1.5%)","Sandy (<18%)"
"QY310",11.81765871,1.462481747,6.684592,0.0853673150243555,0.776842566721636,"Low (0.5~1.5%)","Sandy (<18%)"
"QY310",11.81765871,1.461569338,6.684504,0.0858787507217814,0.781496631568211,"Low (0.5~1.5%)","Sandy (<18%)"
"QY310",11.81765871,1.460656929,6.684328,0.0864016520511763,0.786255033665704,"Low (0.5~1.5%)","Sandy (<18%)"
"QY310",11.81765871,1.45974452,6.68424,0.0869129587583102,0.790907924700623,"Low (0.5~1.5%)","Sandy (<18%)"
"QY310",11.81765871,1.458868608,6.684064,0.0874329361516309,0.795639718979841,"Low (0.5~1.5%)","Sandy (<18%)"
"QY310",11.81765871,1.457992696,6.683976,0.0879411467832655,0.800264435727716,"Low (0.5~1.5%)","Sandy (<18%)"
"QY310",11.81765871,1.457116783,6.683888,0.0884492334035813,0.80488802397259,"Low (0.5~1.5%)","Sandy (<18%)"
"QY310",11.81765871,1.456240871,6.683712,0.0889690922985629,0.809618739916923,"Low (0.5~1.5%)","Sandy (<18%)"
"QY310",11.81765871,1.455401455,6.683624,0.089473968952407,0.814213117466903,"Low (0.5~1.5%)","Sandy (<18%)"
"QY310",11.81765871,1.454562039,6.683536,0.0899786874657336,0.818806055938176,"Low (0.5~1.5%)","Sandy (<18%)"
"QY310",11.81765871,1.453759119,6.683448,0.0904802030664371,0.823369847904578,"Low (0.5~1.5%)","Sandy (<18%)"
"QY310",11.81765871,1.452956199,6.68336,0.0909815280292882,0.827931905066522,"Low (0.5~1.5%)","Sandy (<18%)"
"QY310",11.81765871,1.45215328,6.683272,0.0914826613979396,0.83249221872125,"Low (0.5~1.5%)","Sandy (<18%)"
"QY310",11.81765871,1.451386856,6.683096,0.0919928048451559,0.837134524090919,"Low (0.5~1.5%)","Sandy (<18%)"
"QY310",11.81765871,1.450620433,6.683008,0.0924904686014597,0.841663264273284,"Low (0.5~1.5%)","Sandy (<18%)"
"QY310",11.81765871,1.44985401,6.68292,0.0929879079146115,0.846189962022965,"Low (0.5~1.5%)","Sandy (<18%)"
"QY310",11.81765871,1.449124083,6.682832,0.0934819670752799,0.850685900385048,"Low (0.5~1.5%)","Sandy (<18%)"
"QY310",11.81765871,1.448394156,6.682744,0.0939757703510825,0.855179510194851,"Low (0.5~1.5%)","Sandy (<18%)"
"QY310",11.81765871,1.447664229,6.682656,0.0944693169852468,0.859670784565746,"Low (0.5~1.5%)","Sandy (<18%)"
"QY310",11.81765871,1.446970798,6.682568,0.0949593966979742,0.864130509951566,"Low (0.5~1.5%)","Sandy (<18%)"
"QY310",11.81765871,1.446277367,6.682568,0.0954364249382965,0.868471466938498,"Low (0.5~1.5%)","Sandy (<18%)"
"QY310",11.81765871,1.445620433,6.68248,0.095922640070851,0.872896024644745,"Low (0.5~1.5%)","Sandy (<18%)"
"QY310",11.81765871,1.444963499,6.682392,0.0964085375243894,0.877317691471944,"Low (0.5~1.5%)","Sandy (<18%)"
"QY310",11.81765871,1.444306564,6.682304,0.0968941167632258,0.881736462545355,"Low (0.5~1.5%)","Sandy (<18%)"
"QY313",34.08331702,2.928695662,6.7036,0.00854626943709667,0.125630160725321,"High (>2.5%)","Loamy (18-35%)"
"QY313",33.59593686,2.91750001,6.70052,0.0110114805149414,0.162969911621133,"High (>2.5%)","Loamy (18-35%)"
"QY313",33.10855671,2.896702909,6.69876,0.0136444186060141,0.208759604672015,"High (>2.5%)","Loamy (18-35%)"
"QY313",32.62117655,2.880615952,6.696384,0.0165423936154799,0.198508723385758,"High (>2.5%)","Loamy (18-35%)"
"QY313",32.13379639,2.859673923,6.695152,0.0196961220756646,0.236353464907976,"High (>2.5%)","Loamy (18-35%)"
"QY313",31.64641623,2.83884059,6.697352,0.0228235917551042,0.335506798800032,"High (>2.5%)","Loamy (18-35%)"
"QY313",31.15903608,2.818007256,6.694536,0.0262095464075352,0.38790128683152,"High (>2.5%)","Loamy (18-35%)"
"QY313",30.67165592,2.796195662,6.693656,0.0295005736980154,0.451358777579635,"High (>2.5%)","Loamy (18-35%)"
"QY313",30.18427576,2.773695662,6.692424,0.0327775336836179,0.393330404203415,"High (>2.5%)","Loamy (18-35%)"
"QY313",29.6968956,2.754420299,6.704304,0.035694714825268,0.696046939092725,"High (>2.5%)","Loamy (18-35%)"
"QY313",29.20951545,2.734130444,6.6882,0.0403427843460977,0.35905078068027,"High (>2.5%)","Loamy (18-35%)"
"QY313",28.72213529,2.722355082,6.695416,0.0436558617285892,0.641741167410261,"High (>2.5%)","Loamy (18-35%)"
"QY313",28.23475513,2.715362328,6.700784,0.0471833856096281,0.934231035070637,"High (>2.5%)","Loamy (18-35%)"
"QY313",27.74737497,2.708550734,6.695592,0.0518541905054961,0.689660733723098,"High (>2.5%)","Loamy (18-35%)"
"QY313",27.25999482,2.703043488,6.691896,0.0567819201364663,0.567819201364663,"High (>2.5%)","Loamy (18-35%)"
"QY313",26.77261466,2.710036241,6.691544,0.0614597957567911,0.866583120170755,"High (>2.5%)","Loamy (18-35%)"
"QY313",26.2852345,2.717971024,6.688024,0.0665403950658296,0.758560503750457,"High (>2.5%)","Loamy (18-35%)"
"QY313",25.79785434,2.709601459,6.703688,0.0703181748312924,1.46964985397401,"High (>2.5%)","Loamy (18-35%)"
"QY313",25.31047419,2.699347835,6.66972,0.0797994815502804,0.678295593177383,"High (>2.5%)","Loamy (18-35%)"
"QY313",24.82309403,2.691775372,6.694624,0.0824382349977857,1.07994087847099,"High (>2.5%)","Loamy (18-35%)"
"QY313",24.33571387,2.687608705,6.684944,0.0894613358815318,1.17194350004807,"High (>2.5%)","Loamy (18-35%)"
"QY313",23.84833371,2.685000009,6.697176,0.093719342666302,1.45264981132768,"High (>2.5%)","Loamy (18-35%)"
"QY313",23.36095356,2.683550734,6.691896,0.100629363452051,1.1874264887342,"High (>2.5%)","Loamy (18-35%)"
"QY313",22.8735734,2.678913053,6.687496,0.107884584080245,1.19751888329072,"High (>2.5%)","Loamy (18-35%)"
"QY313",22.38619324,2.661630444,6.683448,0.114956477675942,1.09208653792145,"High (>2.5%)","Loamy (18-35%)"
"QY313",21.89881308,2.656376821,6.683448,0.120910651263823,1.10028692650079,"High (>2.5%)","Loamy (18-35%)"
"QY313",21.41143293,2.65231885,6.657136,0.13216215401024,0.792972924061439,"High (>2.5%)","Loamy (18-35%)"
"QY313",20.92405277,2.648369574,6.67104,0.135521015604723,1.32810595292628,"High (>2.5%)","Loamy (18-35%)"
"QY313",20.43667261,2.645434792,6.646576,0.147004978496878,0.632121407536576,"High (>2.5%)","Loamy (18-35%)"
"QY313",19.94929245,2.633079719,6.689608,0.144316490801782,1.67407129330067,"High (>2.5%)","Loamy (18-35%)"
"QY313",19.4619123,2.628659429,6.675704,0.153551742043483,1.4280312010044,"High (>2.5%)","Loamy (18-35%)"
"QY313",18.97453214,2.621340589,6.682392,0.157890086421533,1.95783707162702,"High (>2.5%)","Loamy (18-35%)"
"QY313",18.48715198,2.614275371,6.678168,0.164854817075469,1.56612076221695,"High (>2.5%)","Loamy (18-35%)"
"QY313",17.99977182,2.605615951,6.677112,0.17123950619253,1.59252740759053,"High (>2.5%)","Sandy (<18%)"
"QY313",17.51239167,2.610905806,6.67544,0.176235577991145,1.60374375971942,"High (>2.5%)","Sandy (<18%)"
"QY313",17.51239167,2.595579719,6.67544,0.182075570899975,1.65688769518977,"High (>2.5%)","Sandy (<18%)"
"QY313",17.51239167,2.586811603,6.675264,0.184134777773001,1.67562647773431,"High (>2.5%)","Sandy (<18%)"
"QY313",17.51239167,2.578442038,6.675,0.186196932538019,1.69439208609597,"High (>2.5%)","Sandy (<18%)"
"QY313",17.51239167,2.570362328,6.674824,0.18822170806864,1.71281754342463,"High (>2.5%)","Sandy (<18%)"
"QY313",17.51239167,2.562572473,6.674648,0.190232739354257,1.73111792812374,"High (>2.5%)","Sandy (<18%)"
"QY313",17.51239167,2.555000009,6.674472,0.192236318826732,1.74935050132326,"High (>2.5%)","Sandy (<18%)"
"QY313",17.51239167,2.547644936,6.674296,0.194231715012927,1.76750860661764,"High (>2.5%)","Sandy (<18%)"
"QY313",17.51239167,2.540471023,6.67412,0.196221942329669,1.78561967519999,"High (>2.5%)","Sandy (<18%)"
"QY313",17.51239167,2.533442038,6.674032,0.198183695722034,1.80347163107051,"High (>2.5%)","Sandy (<18%)"
"QY313",17.51239167,2.52655798,6.673856,0.200169282087234,1.82154046699383,"High (>2.5%)","Sandy (<18%)"
"QY313",17.51239167,2.519855081,6.673768,0.202121048517291,1.83930154150735,"High (>2.5%)","Sandy (<18%)"
"QY313",17.51239167,2.513260878,6.67368,0.204072800297433,1.85706248270664,"High (>2.5%)","Sandy (<18%)"
"QY313",17.51239167,2.506775371,6.673504,0.206051761365286,1.8750710284241,"High (>2.5%)","Sandy (<18%)"
"QY313",17.51239167,2.500471023,6.673416,0.207994650251376,1.89275131728752,"High (>2.5%)","Sandy (<18%)"
"QY313",17.51239167,2.494239139,6.673328,0.209940425878461,1.91045787549399,"Medium (1.5~2.5%)","Sandy (<18%)"
"QY313",17.51239167,2.488115951,6.67324,0.211884753149611,1.92815125366146,"Medium (1.5~2.5%)","Sandy (<18%)"
"QY313",17.51239167,2.48213769,6.673152,0.213823106528167,1.94579026940632,"Medium (1.5~2.5%)","Sandy (<18%)"
"QY313",17.51239167,2.476268124,6.673152,0.215730378580328,1.96314644508098,"Medium (1.5~2.5%)","Sandy (<18%)"
"QY313",17.51239167,2.470507255,6.673064,0.217663690963845,1.98073958777099,"Medium (1.5~2.5%)","Sandy (<18%)"
"QY313",17.51239167,2.464818849,6.672976,0.219598401129137,1.99834545027515,"Medium (1.5~2.5%)","Sandy (<18%)"
"QY313",17.51239167,2.459275371,6.672888,0.221525547863751,2.01588248556013,"Medium (1.5~2.5%)","Sandy (<18%)"
"QY313",17.51239167,2.453804356,6.672888,0.223423597779939,2.03315473979745,"Medium (1.5~2.5%)","Sandy (<18%)"
"QY313",17.51239167,2.448442037,6.6728,0.225347393483421,2.05066128069913,"Medium (1.5~2.5%)","Sandy (<18%)"
"QY313",17.51239167,2.443188414,6.6728,0.22723653549298,2.06785247298612,"Medium (1.5~2.5%)","Sandy (<18%)"
"QY313",17.51239167,2.438007255,6.672712,0.229155778062556,2.08531758036926,"Medium (1.5~2.5%)","Sandy (<18%)"
"QY313",17.51239167,2.432934791,6.672624,0.231070125169989,2.1027381390469,"Medium (1.5~2.5%)","Sandy (<18%)"
"QY313",17.51239167,2.427971023,6.672624,0.232948056581917,2.11982731489545,"Medium (1.5~2.5%)","Sandy (<18%)"
"QY313",17.51239167,2.423079719,6.672536,0.234855994281055,2.1371895479576,"Medium (1.5~2.5%)","Sandy (<18%)"
"QY313",17.51239167,2.418260878,6.672536,0.236731121078483,2.15425320181419,"Medium (1.5~2.5%)","Sandy (<18%)"
"QY313",17.51239167,2.413550733,6.672448,0.238631499683969,2.17154664712412,"Medium (1.5~2.5%)","Sandy (<18%)"
"QY313",17.51239167,2.408913052,6.672448,0.240498009586374,2.188531887236,"Medium (1.5~2.5%)","Sandy (<18%)"
