"Year","scenario","soil_type","mean_pH","lower_pH","upper_pH","mean_soilCd","lower_soilCd","upper_soilCd","mean_riceCd","lower_riceCd","upper_riceCd"
2020,"BAU","Calcareous",6.67692377777778,6.6156,6.70404,0.364010813951621,0.191303279966838,0.658124296686815,0.0977093735654947,0.022366120951085,0.271949042154406
2020,"BAU","Non-calcareous",5.42562258823529,4.330416,6.074136,0.305557117255669,0.1710761614588,0.448475553929045,0.322214280643306,0.0848563787459336,0.819799644373486
2020,"BNP","Calcareous",6.69536466666667,6.676144,6.70536,0.364010813951621,0.191303279966838,0.658124296686815,0.0888786670633554,0.0204001699483126,0.247742221110364
2020,"BNP","Non-calcareous",5.44151435294118,4.438128,6.017376,0.305557117255669,0.1710761614588,0.448475553929045,0.313939122701398,0.0888281248420365,0.751637649185472
2020,"BNPL","Calcareous",6.69536466666667,6.676144,6.70536,0.364010813951621,0.191303279966838,0.658124296686815,0.0888786670633554,0.0204001699483126,0.247742221110364
2020,"BNPL","Non-calcareous",5.91840756229412,5.5,6.444665276,0.305557117255669,0.1710761614588,0.448475553929045,0.184527432477783,0.0888281248420365,0.219303873281402
2020,"BNPR","Calcareous",6.70150755555556,6.6794,6.711432,0.364010813951621,0.191303279966838,0.658124296686815,0.0884314725843506,0.0202818789069733,0.246847780632577
2020,"BNPR","Non-calcareous",5.49644705882353,4.491808,6.15272,0.305557117255669,0.1710761614588,0.448475553929045,0.300737280590894,0.0796489572132106,0.719814391798847
2020,"BNPRLopt","Calcareous",6.70150755555556,6.6794,6.711432,0.364010813951621,0.191303279966838,0.658124296686815,0.0884314725843506,0.0202818789069733,0.246847780632577
2020,"BNPRLopt","Non-calcareous",5.93837979758823,5.566552,6.444665276,0.305557117255669,0.1710761614588,0.448475553929045,0.182689435414258,0.0796489572132106,0.219303873281402
2021,"BAU","Calcareous",6.67664755555556,6.61472,6.703952,0.366398952732164,0.19251790932902,0.662385935782487,0.098592370116782,0.0227263435799116,0.275587550511497
2021,"BAU","Non-calcareous",5.40682682352941,4.220064,6.07748,0.3047880484416,0.171860766712853,0.445755333354258,0.329808189559068,0.0853386044451586,0.874085643120593
2021,"BNP","Calcareous",6.697704,6.682656,6.70624,0.36604386143659,0.192351419545732,0.660068415352751,0.0892957740788707,0.0206860322813966,0.250441735436189
2021,"BNP","Non-calcareous",5.43193270588235,4.3782,5.990184,0.304793567872621,0.171669051803352,0.446786470796568,0.316608350389363,0.0900853273379987,0.77200826640201
2021,"BNPL","Calcareous",6.697704,6.682656,6.70624,0.36604386143659,0.192351419545732,0.660068415352751,0.0892957740788707,0.0206860322813966,0.250441735436189
2021,"BNPL","Non-calcareous",5.91735156229412,5.5,6.444665276,0.306622576908272,0.171669051803352,0.449736327811192,0.185155883541182,0.0900853273379987,0.220514368464108
2021,"BNPR","Calcareous",6.70054933333333,6.684064,6.70888,0.366727473342599,0.193603758483146,0.660245538593368,0.0882535356388309,0.0205230749288397,0.247470815211435
2021,"BNPR","Non-calcareous",5.56223482352941,4.462856,6.292112,0.305914841382128,0.172154634978803,0.447349532446213,0.286156031483938,0.0711139937165054,0.717929655828863
2021,"BNPRLopt","Calcareous",6.70054933333333,6.684064,6.70888,0.365353265463129,0.193540548150308,0.659506562772842,0.0878301118169652,0.0205103563634691,0.245052111221257
2021,"BNPRLopt","Non-calcareous",5.96300944464706,5.616184,6.444665276,0.305963797034295,0.172154634978803,0.448479908780956,0.178262630735177,0.0709027467752215,0.218602944643617
2022,"BAU","Calcareous",6.67642022222222,6.614016,6.703864,0.368781195037265,0.193730961818584,0.666640281455224,0.0994814154659608,0.0230916692104344,0.279220518001384
2022,"BAU","Non-calcareous",5.38453694117647,4.08912,6.07968,0.303830760776808,0.172631166089935,0.442643998783491,0.339595670659368,0.0859044821879063,0.943550454407264
2022,"BNP","Calcareous",6.69854,6.685296,6.706416,0.368074713293192,0.193399359393807,0.662012385316083,0.0898303248030914,0.0209759872281115,0.253307012918894
2022,"BNP","Non-calcareous",5.41780611764706,4.300672,5.969856,0.303955710643528,0.172266970222914,0.445142441480501,0.321089849205129,0.0906350784717918,0.802896827091533
2022,"BNPL","Calcareous",6.69854,6.685296,6.706416,0.368074713293192,0.193399359393807,0.662012385316083,0.0898303248030914,0.0209759872281115,0.253307012918894
2022,"BNPL","Non-calcareous",5.91532756229412,5.5,6.444665276,0.307682996393668,0.172266970222914,0.45099003714904,0.185916504524539,0.0906350784717918,0.222204390118556
2022,"BNPR","Calcareous",6.70148555555556,6.687496,6.709232,0.369445270497479,0.195905695069806,0.662365779120012,0.0885088187513827,0.0208148778821365,0.249359477882955
2022,"BNPR","Non-calcareous",5.581072,4.428008,6.353888,0.306425708653377,0.173269854980297,0.446123017573764,0.282584432463296,0.0680954110260078,0.723133830666773
2022,"BNPRLopt","Calcareous",6.70148555555556,6.687496,6.709232,0.366698972779691,0.195779347335761,0.660888507157413,0.0876676525049431,0.0207894005441144,0.244536657440713
2022,"BNPRLopt","Non-calcareous",5.97456609235294,5.6366,6.444665276,0.306415936928124,0.173269854980297,0.448494912694147,0.176224548986904,0.0676943668515733,0.218855415817327
2023,"BAU","Calcareous",6.67619288888889,6.6134,6.703864,0.371157502425257,0.194942441687,0.67088737000601,0.100377656807462,0.0234605011617898,0.282889272488649
2023,"BAU","Non-calcareous",5.35965882352941,3.951224,6.080912,0.302615116645138,0.173387132408522,0.439028297889136,0.350889914625569,0.0865402321183279,1.01802287239713
2023,"BNP","Calcareous",6.69894333333333,6.686792,6.706504,0.370102331217486,0.194446707624786,0.663954837286289,0.0904036569441046,0.0212701152992076,0.256208400183506
2023,"BNP","Non-calcareous",5.40095670588235,4.210648,5.965632,0.302999988999726,0.172857450115784,0.443478812242519,0.326846873760847,0.0914119511327886,0.841293934267633
2023,"BNPL","Calcareous",6.69894333333333,6.686792,6.706504,0.370102331217486,0.194446707624786,0.663954837286289,0.0904036569441046,0.0212701152992076,0.256208400183506
2023,"BNPL","Non-calcareous",5.91314309170588,5.5,6.444665276,0.308736329330112,0.172857450115784,0.452236543095235,0.186719316922335,0.0914119511327886,0.224458672740657
2023,"BNPR","Calcareous",6.70196466666667,6.68952,6.709408,0.372162034217128,0.198207496159499,0.66448558498105,0.0888768675122739,0.0211194940506399,0.251492555323532
2023,"BNPR","Non-calcareous",5.59176658823529,4.389728,6.386448,0.306961493506099,0.174391477186278,0.444846946130892,0.280757716206753,0.0668293600154994,0.730536367631433
2023,"BNPRLopt","Calcareous",6.70196466666667,6.68952,6.709408,0.368045734052216,0.198018082242357,0.662270692520583,0.08762179444116,0.0210811959586786,0.244272722475656
2023,"BNPRLopt","Non-calcareous",5.98357815752941,5.651824,6.444665276,0.306888868153484,0.174391477186278,0.448512732628598,0.174584386337933,0.0662440848942807,0.219245614027386
2024,"BAU","Calcareous",6.67599244444444,6.61296,6.703776,0.373527820997045,0.196152292641923,0.675127089221407,0.10127626050796,0.0238299749341041,0.286574059467412
2024,"BAU","Non-calcareous",5.33744141176471,3.848352,6.08144,0.301078561156843,0.170318933379437,0.43472326286489,0.359403756558654,0.0872256325281182,1.05947397825788
2024,"BNP","Calcareous",6.69919511111111,6.68776,6.706592,0.372126380030294,0.195493299242833,0.665895292668755,0.0909949245088181,0.0215651143548645,0.259136229631944
2024,"BNP","Non-calcareous",5.38312894117647,4.091848,5.964576,0.301887480742765,0.173436527562439,0.441795933288204,0.332995167561297,0.0922675066021823,0.885720077298489
2024,"BNPL","Calcareous",6.69919511111111,6.68776,6.706592,0.372126380030294,0.195493299242833,0.665895292668755,0.0909949245088181,0.0215651143548645,0.259136229631944
2024,"BNPL","Non-calcareous",5.91102073876471,5.5,6.444665276,0.309781972609484,0.173436527562439,0.453475748975852,0.187535395576251,0.0922675066021823,0.22671861885123
2024,"BNPR","Calcareous",6.702214,6.691016,6.709408,0.37487707047534,0.200508722264393,0.666604446657337,0.0893205615682182,0.021437393093962,0.253816357226052
2024,"BNPR","Non-calcareous",5.60024564705882,4.347664,6.402552,0.307500440291196,0.175513904807172,0.443525876191785,0.279623281189697,0.0665098017596668,0.740113398000844
2024,"BNPRLopt","Calcareous",6.702214,6.691016,6.709408,0.3693928352131,0.200256312141816,0.663652607001899,0.0876543329341878,0.0213861904250901,0.24420147202469
2024,"BNPRLopt","Non-calcareous",5.99411745164706,5.656443488,6.444665276,0.307378295950628,0.175513904807172,0.448532162992657,0.172768543828211,0.0657398423164086,0.219730495174926
2025,"BAU","Calcareous",6.67580422222222,6.612608,6.703776,0.375892135871344,0.197360488628567,0.679359519580268,0.102177377786459,0.0242037517018862,0.290244747161635
2025,"BAU","Non-calcareous",5.31919435294118,3.795992,6.081528,0.299279314749724,0.160002901489094,0.429392162599578,0.363762181225572,0.0879414229263028,1.05156680851099
2025,"BNP","Calcareous",6.699354,6.688552,6.706592,0.374146709295547,0.196539078676753,0.667833561301136,0.0915982470905603,0.0218621437840342,0.262094112895497
2025,"BNP","Non-calcareous",5.36742352941176,4.002,5.963256,0.300592646795074,0.164904212941741,0.440096384744386,0.337394505829917,0.0931596996033364,0.928778106386721
2025,"BNPL","Calcareous",6.699354,6.688552,6.706592,0.374146709295547,0.196539078676753,0.667833561301136,0.0915982470905603,0.0218621437840342,0.262094112895497
2025,"BNPL","Non-calcareous",5.90902779758824,5.5,6.444665276,0.310819761807555,0.17400276005727,0.45470764605411,0.188351131278108,0.0931596996033364,0.228976114921189
2025,"BNPR","Calcareous",6.70236066666667,6.692072,6.709408,0.377589924350329,0.202809091465541,0.668722029532272,0.0898173496213484,0.0217653782135932,0.256269661946989
2025,"BNPR","Non-calcareous",5.60795341176471,4.301376,6.410824,0.308031736588941,0.176634839672421,0.44215647291396,0.278934560677993,0.0666422946260756,0.751942013444602
2025,"BNPRLopt","Calcareous",6.70236066666667,6.692072,6.709408,0.370739807308947,0.202493754130488,0.665033914558623,0.0877420305892842,0.0217011760540176,0.244259114088716
2025,"BNPRLopt","Non-calcareous",6.004703334,5.656443488,6.444665276,0.307885424201705,0.176634839672421,0.448552405514394,0.171081042686528,0.0656861590009883,0.220281471430646
2026,"BAU","Calcareous",6.675616,6.612344,6.703688,0.378250428963933,0.198567011260364,0.683584645457547,0.103081294736215,0.0245783539472578,0.29395122984153
2026,"BAU","Non-calcareous",5.30077647058823,3.773904,6.081088,0.297338846977794,0.149580357788963,0.425529241361367,0.367985686499052,0.0886959819961713,1.01519084200568
2026,"BNP","Calcareous",6.69947866666667,6.689168,6.706592,0.376163218893901,0.197584011200261,0.669769402933722,0.0922074210291247,0.0221611856566908,0.265055973058714
2026,"BNP","Non-calcareous",5.35556941176471,3.927464,5.961936,0.299141550769282,0.15535861515011,0.438381776252744,0.338727187970208,0.0940529953796695,0.954336578009747
2026,"BNPL","Calcareous",6.69947866666667,6.689168,6.706592,0.376163218893901,0.197584011200261,0.669769402933722,0.0922074210291247,0.0221611856566908,0.265055973058714
2026,"BNPL","Non-calcareous",5.90719015052941,5.5,6.444665276,0.311849715648942,0.174555444094085,0.455932225580444,0.189162745516648,0.0940529953796695,0.231230916733928
2026,"BNPR","Calcareous",6.70245355555556,6.692864,6.709408,0.380300284734654,0.205108398776337,0.670838145692654,0.0903509251835067,0.0220981239557841,0.258803205454081
2026,"BNPR","Non-calcareous",5.61519011764706,4.250688,6.415312,0.308546633814441,0.177753186905844,0.440733091045502,0.27862241376584,0.066999855989603,0.765979057637548
2026,"BNPRLopt","Calcareous",6.70245355555556,6.692864,6.709408,0.372086328888471,0.204730202411659,0.66641442615258,0.0878682298603006,0.0220208317231723,0.244395523169004
2026,"BNPRLopt","Non-calcareous",6.01551180458824,5.656443488,6.444665276,0.308408792396201,0.177753186905844,0.44857284662667,0.169496639615617,0.0658561082027595,0.220877058120011
2027,"BAU","Calcareous",6.67544977777778,6.61208,6.703688,0.380602675704461,0.199771841844066,0.687802466203364,0.103984481123694,0.0249549862248897,0.297663244920217
2027,"BAU","Non-calcareous",5.28572847058824,3.764664,6.080472,0.295270110267439,0.139709465249377,0.427160839777739,0.370626941736981,0.0894631669233304,0.995048882055505
2027,"BNP","Calcareous",6.699574,6.689696,6.706592,0.378175860288921,0.198628075433918,0.671702795283329,0.0928206893937995,0.0224631261601467,0.268029662992044
2027,"BNP","Non-calcareous",5.34704894117647,3.87572,5.96044,0.29760632720558,0.145844692811541,0.436652876163591,0.337399010916167,0.0949433889989408,0.952410288477196
2027,"BNPL","Calcareous",6.699574,6.689696,6.706592,0.378175860288921,0.198628075433918,0.671702795283329,0.0928206893937995,0.0224631261601467,0.268029662992044
2027,"BNPL","Non-calcareous",5.90546638582353,5.5,6.444665276,0.312871918455918,0.175094481880566,0.457149524143023,0.189971316783372,0.0949433889989408,0.233482777471073
2027,"BNPR","Calcareous",6.702522,6.69348,6.709408,0.383007935415308,0.207406486327772,0.672952653671382,0.0909126367171446,0.0224379842139927,0.261411835412294
2027,"BNPR","Non-calcareous",5.62161411764706,4.195776,6.418392,0.309036538860123,0.178096562924891,0.439251179834539,0.278710404724492,0.0674475366519183,0.781942883182287
2027,"BNPRLopt","Calcareous",6.702522,6.69348,6.709408,0.37343217526541,0.206965498434275,0.667793999507975,0.0880239323164553,0.0223474967559969,0.244603692866207
2027,"BNPRLopt","Non-calcareous",6.02615980458823,5.656443488,6.444665276,0.308947141865835,0.178868273247071,0.4485930906056,0.168061823082542,0.0661155377107322,0.221499197208116
2028,"BAU","Calcareous",6.67528111111111,6.611904,6.7036,0.382948883518954,0.200975001043401,0.692012996676792,0.104887427137061,0.0253353417707345,0.301348915569318
2028,"BAU","Non-calcareous",5.27776188235294,3.760528,6.07968,0.293094554115699,0.130586999446157,0.428774554475295,0.367930795876341,0.0902431480810452,1.02464234029385
2028,"BNP","Calcareous",6.69965711111111,6.690136,6.706592,0.380184598871238,0.199671256635841,0.673633728109005,0.0934377116213877,0.0227654413724347,0.271015282326586
2028,"BNP","Non-calcareous",5.34069741176471,3.848264,5.95912,0.296062676990827,0.136817934177505,0.434909192369944,0.334516275353177,0.0958346359407937,0.929348575128409
2028,"BNPL","Calcareous",6.69965711111111,6.690136,6.706592,0.380184598871238,0.199671256635841,0.673633728109005,0.0934377116213877,0.0227654413724347,0.271015282326586
2028,"BNPL","Non-calcareous",5.90386167994118,5.5,6.444665276,0.313886424115498,0.175619862148325,0.458359487779743,0.190774192044325,0.0958346359407937,0.235731449174491
2028,"BNPR","Calcareous",6.70257088888889,6.693832,6.70932,0.385712713788108,0.209703274414084,0.675065480808546,0.0914951723635356,0.022780972867393,0.264085655489825
2028,"BNPR","Non-calcareous",5.62624188235294,4.137608,6.420768,0.309492266835269,0.174853354119006,0.437705458012692,0.279271415532814,0.0679451209134263,0.799051980452972
2028,"BNPRLopt","Calcareous",6.70257088888889,6.693832,6.70932,0.374777177220448,0.209199561811031,0.669172561100415,0.0882016870536231,0.0226771946547036,0.244872478119315
2028,"BNPRLopt","Non-calcareous",6.03562756929412,5.656443488,6.444665276,0.309498835321716,0.179979821580496,0.44861285033199,0.166883605754095,0.0664243917826102,0.22214073329467
2029,"BAU","Calcareous",6.67513688888889,6.611816,6.7036,0.385289048466947,0.202176454515226,0.696216136417372,0.105790151746791,0.0257157443646253,0.30506972347012
2029,"BAU","Non-calcareous",5.27277176470588,3.758416,6.0788,0.290946630925969,0.122227216744543,0.430370265875224,0.362925126909949,0.0910264686069105,1.00958142419007
2029,"BNP","Calcareous",6.69972311111111,6.6904,6.706504,0.382189402812898,0.20071353321547,0.675562117324848,0.0940570343064654,0.0230689688320003,0.274015767048245
2029,"BNP","Non-calcareous",5.33546917647059,3.8348,5.957712,0.294560841818211,0.128433227491247,0.433151147014223,0.331020468565138,0.09671000487093,0.895580582260587
2029,"BNPL","Calcareous",6.69972311111111,6.6904,6.706504,0.382189402812898,0.20071353321547,0.675562117324848,0.0940570343064654,0.0230689688320003,0.274015767048245
2029,"BNPL","Non-calcareous",5.90236567994118,5.5,6.444665276,0.314893323639801,0.176131490341043,0.459562199631912,0.191568958528559,0.09671000487093,0.237968101965782
2029,"BNPR","Calcareous",6.70259777777778,6.694184,6.70932,0.388414497746584,0.211998661662396,0.678009294744131,0.0920938173805228,0.0231290496468782,0.266781018051009
2029,"BNPR","Non-calcareous",5.62839529411765,4.078736,6.42288,0.309904131937138,0.171375723163438,0.436090235502704,0.280260545749165,0.0684636667417875,0.815398433141357
2029,"BNPRLopt","Calcareous",6.70259777777778,6.694184,6.70932,0.376121206812202,0.21143229063279,0.670549996228517,0.0883966383502296,0.0230118731838609,0.245160122660586
2029,"BNPRLopt","Non-calcareous",6.04306098105882,5.656443488,6.444665276,0.310061412615164,0.181087579192086,0.448631910830195,0.166030586327233,0.0667540476606721,0.222790644771821
2030,"BAU","Calcareous",6.67498777777778,6.611728,6.703512,0.387623175948224,0.203376199216416,0.70041198610234,0.106691651276882,0.0260997045550279,0.308762023690637
2030,"BAU","Non-calcareous",5.26851152941176,3.757096,6.077832,0.288893096900165,0.114588419879078,0.43194792479332,0.357597159280483,0.0918162566264959,0.981889012701751
2030,"BNP","Calcareous",6.69978666666667,6.690576,6.706504,0.38419024997957,0.201754896988502,0.677487952098458,0.0946765251693818,0.0233736464396116,0.276991860848961
2030,"BNP","Non-calcareous",5.33079482352941,3.828376,5.956392,0.293124019930553,0.120710664567283,0.431619328821959,0.32743407727663,0.0975759829178234,0.858039618864927
2030,"BNPL","Calcareous",6.69978666666667,6.690576,6.706504,0.38419024997957,0.201754896988502,0.677487952098458,0.0946765251693818,0.0233736464396116,0.276991860848961
2030,"BNPL","Non-calcareous",5.90096144464706,5.5,6.444665276,0.315892728669559,0.176629555203895,0.460757651836403,0.19235737197549,0.0975759829178234,0.240192202429548
2030,"BNPR","Calcareous",6.70262466666667,6.694272,6.70932,0.391113192832708,0.214292614661975,0.68436716555925,0.0927034221809319,0.023478676986198,0.269509862909591
2030,"BNPR","Non-calcareous",5.62830729411765,4.02356,6.424728,0.310264549979087,0.167614560215736,0.43600782592234,0.281444660268463,0.0690025108654285,0.82777278327664
2030,"BNPRLopt","Calcareous",6.70262466666667,6.694272,6.70932,0.377464164465337,0.213663650879975,0.671926328561136,0.0886036152986757,0.0233480095829425,0.24547698415787
2030,"BNPRLopt","Non-calcareous",6.04843415752941,5.656443488,6.444665276,0.310632009223472,0.182191569262011,0.448650093072694,0.165468035954052,0.0671036911892219,0.223445254837499
2031,"BAU","Calcareous",6.67486555555556,6.61164,6.703512,0.389951268949761,0.204574255776143,0.70460056227328,0.107590972509963,0.0264838804686894,0.312468279263167
2031,"BAU","Non-calcareous",5.26432376470588,3.756128,6.076776,0.286946772084975,0.107614832027255,0.433507456845747,0.35253459973678,0.0926109095192372,0.951253306230881
2031,"BNP","Calcareous",6.69984044444444,6.69084,6.706504,0.386187136882118,0.202795339688289,0.68211302081775,0.0952970077443322,0.0236814597568571,0.279979333267686
2031,"BNP","Non-calcareous",5.32636376470588,3.825472,5.955072,0.291759070747368,0.113621505583694,0.433146951309075,0.323996906393474,0.098431199681037,0.820104445112099
2031,"BNPL","Calcareous",6.69984044444444,6.69084,6.706504,0.386187136882118,0.202795339688289,0.68211302081775,0.0952970077443322,0.0236814597568571,0.279979333267686
2031,"BNPL","Non-calcareous",5.90002967994118,5.5,6.444665276,0.316884722050558,0.177114130697899,0.461945929665165,0.193083118126204,0.098431199681037,0.242412011200464
2031,"BNPR","Calcareous",6.70262955555556,6.69436,6.709232,0.393808735052785,0.216585067281955,0.690712743311054,0.093323927429689,0.0238328561481082,0.272276502296565
2031,"BNPR","Non-calcareous",5.62698729411765,3.977096,6.42992,0.310571703974788,0.163521455606162,0.438032186388882,0.282455423883475,0.0695475664429975,0.832619346624429
2031,"BNPRLopt","Calcareous",6.70262955555556,6.69436,6.709232,0.37880598114371,0.215893575957211,0.673301461752618,0.0888223168767215,0.0236885874621017,0.24582617266501
2031,"BNPRLopt","Non-calcareous",6.05236827517647,5.656443488,6.444665276,0.311208168369531,0.183291715470723,0.448667326086238,0.165100368737147,0.0674594997369192,0.224100820335035
2032,"BAU","Calcareous",6.67474333333333,6.611552,6.703512,0.392273344478451,0.205770597209985,0.708781969614731,0.108489640182096,0.0268690835255488,0.316186654473402
2032,"BAU","Non-calcareous",5.25994964705882,3.755248,6.07572,0.285103709102852,0.101250547428409,0.435048794456232,0.34791347302485,0.0934054144448878,0.92043412743329
2032,"BNP","Calcareous",6.699882,6.691016,6.706504,0.388180053096885,0.203834817796174,0.687638309868131,0.0959189988773491,0.0239886469625957,0.282960996246185
2032,"BNP","Non-calcareous",5.32203105882353,3.824064,5.953752,0.290465081450829,0.107121487070698,0.434656132304522,0.320812511716523,0.0992764488765312,0.783465916485888
2032,"BNPL","Calcareous",6.699882,6.691016,6.706504,0.388180053096885,0.203834817796174,0.687638309868131,0.0959189988773491,0.0239886469625957,0.282960996246185
2032,"BNPL","Non-calcareous",5.89916520935294,5.5,6.444665276,0.317870399652543,0.177585350985101,0.463127073030986,0.193804380705758,0.0992764488765312,0.244618375260137
2032,"BNPR","Calcareous",6.70264422222222,6.694448,6.709232,0.396501058328357,0.218875987228353,0.697045812796285,0.0939492817624959,0.0241878982969595,0.275043025965761
2032,"BNPR","Non-calcareous",5.62547576470588,3.94216,6.438632,0.310832348672379,0.159063557499282,0.440046897548884,0.282960033415192,0.070090232218686,0.828176493921828
2032,"BNPRLopt","Calcareous",6.70264422222222,6.694448,6.709232,0.380146587301135,0.218122033071243,0.67467543837614,0.0890469512475108,0.024029938269944,0.246172902306126
2032,"BNPRLopt","Non-calcareous",6.055479334,5.656443488,6.444665276,0.311788261093808,0.184387994637862,0.448683538786634,0.164845790207486,0.0678131020430427,0.224753530907032
2033,"BAU","Calcareous",6.67461622222222,6.611464,6.703424,0.39458940345024,0.206965252481461,0.712956123405309,0.109386993117819,0.0272580342669924,0.319872887590846
2033,"BAU","Non-calcareous",5.25527011764706,3.754544,6.074664,0.283354904792071,0.0954426085925251,0.436571912332775,0.343780488145324,0.094196313674809,0.890311798580284
2033,"BNP","Calcareous",6.69992844444444,6.691192,6.706504,0.390168982861183,0.20487335799255,0.693147595413892,0.0965397051925359,0.0242971832877837,0.285945041491571
2033,"BNP","Non-calcareous",5.31772941176471,3.823536,5.95252,0.289237515260025,0.101163988816239,0.436146828767303,0.317901889983212,0.100111441695679,0.748590938051897
2033,"BNPL","Calcareous",6.69992844444444,6.691192,6.706504,0.390168982861183,0.20487335799255,0.693147595413892,0.0965397051925359,0.0242971832877837,0.285945041491571
2033,"BNPL","Non-calcareous",5.89836285641176,5.5,6.444665276,0.31884981755245,0.178043303340679,0.46430107542585,0.194520195439922,0.100111441695679,0.246819767018374
2033,"BNPR","Calcareous",6.70263688888889,6.694448,6.709144,0.399190133864464,0.221165371404945,0.703366399339071,0.0945810445634437,0.0245464732454085,0.277832418046134
2033,"BNPR","Non-calcareous",5.62444047058823,3.9184,6.44356,0.311060905597423,0.154253958230577,0.442051958556372,0.282779703837502,0.070643103628117,0.815275748646514
2033,"BNPRLopt","Calcareous",6.70263688888889,6.694448,6.709144,0.381485948919543,0.220349018570637,0.676048190138277,0.0892788452082726,0.024374714663674,0.246537618738534
2033,"BNPRLopt","Non-calcareous",6.05815039282353,5.656443488,6.444665276,0.312371338726473,0.185480483096189,0.448698696155206,0.164655035997236,0.0681766685275446,0.22539950879506
2034,"BAU","Calcareous",6.67450866666667,6.611464,6.703424,0.396899450113661,0.20815818581588,0.717123026131072,0.110281193988035,0.0276463109159674,0.323570985955264
2034,"BAU","Non-calcareous",5.25013505882353,3.753752,6.073608,0.281689887434874,0.0901422103073656,0.438076758642464,0.34018048429896,0.0949850509364759,0.86112965196078
2034,"BNP","Calcareous",6.69997244444444,6.69128,6.706504,0.392153932386037,0.205910958565559,0.698640854037413,0.0971610080480551,0.0246066285727592,0.288931228980818
2034,"BNP","Non-calcareous",5.31338117647059,3.823272,5.951376,0.288070895407366,0.095704472952375,0.437619122900891,0.315288213095275,0.100935895443518,0.715805546524736
2034,"BNPL","Calcareous",6.69997244444444,6.69128,6.706504,0.392153932386037,0.205910958565559,0.698640854037413,0.0971610080480551,0.0246066285727592,0.288931228980818
2034,"BNPL","Non-calcareous",5.89761744464706,5.5,6.444665276,0.319823036022545,0.178488081156278,0.465468025279556,0.195231969916298,0.100935895443518,0.24900681944287
2034,"BNPR","Calcareous",6.70264177777778,6.694536,6.709144,0.401875921209378,0.223453172683072,0.709674354486353,0.0952151869227055,0.0249068659672965,0.280613768627972
2034,"BNPR","Non-calcareous",5.62416611764706,3.903264,6.446816,0.311275717153053,0.149173721419578,0.444047424095762,0.281914130970442,0.0711900488307196,0.796439620266246
2034,"BNPRLopt","Calcareous",6.70264177777778,6.694536,6.709144,0.382824021804807,0.222574484952821,0.677419689735314,0.0895140884343024,0.0247212122020289,0.246892655703346
2034,"BNPRLopt","Non-calcareous",6.06059368694118,5.656443488,6.446816,0.312956852116067,0.186569184084491,0.44871276309942,0.164502925192197,0.0685345931170884,0.22603866187836
2035,"BAU","Calcareous",6.67440355555556,6.611376,6.703336,0.399203507506572,0.209349434662022,0.721282712899068,0.111173781072106,0.0280381658118201,0.327256055877251
2035,"BAU","Non-calcareous",5.24446682352941,3.753136,6.072552,0.280096959253496,0.0853046169655689,0.439563409093114,0.337121977419427,0.0957731424568267,0.832976310746788
2035,"BNP","Calcareous",6.70000422222222,6.691456,6.706504,0.394134896026932,0.206947604097125,0.704118063685619,0.0977818992356802,0.024916911200524,0.291910332248277
2035,"BNP","Non-calcareous",5.30895529411765,3.823272,5.950144,0.286958964175262,0.0907017708778092,0.439073074343349,0.312956208086151,0.101755668157361,0.684979650753564
2035,"BNPL","Calcareous",6.70000422222222,6.691456,6.706504,0.394134896026932,0.206947604097125,0.704118063685619,0.0977818992356802,0.024916911200524,0.291910332248277
2035,"BNPL","Non-calcareous",5.89690826817647,5.5,6.444665276,0.320790102687989,0.178919783903515,0.466627964739463,0.195939916703303,0.101755668157361,0.251179000209112
2035,"BNPR","Calcareous",6.70264422222222,6.694536,6.709056,0.40455840583486,0.225739378465451,0.715969740436405,0.0958522424026012,0.0252672601001469,0.283418618495081
2035,"BNPR","Non-calcareous",5.62462682352941,3.893936,6.44928,0.311494743007977,0.143962736461441,0.446033180841579,0.280496231731827,0.0717411119318218,0.774254860376528
2035,"BNPRLopt","Calcareous",6.70264422222222,6.694536,6.709056,0.38416078699815,0.224798419163666,0.678789938401952,0.0897531375975607,0.0250676290672109,0.247265763121931
2035,"BNPRLopt","Non-calcareous",6.06290267647059,5.656443488,6.44928,0.313544456866968,0.187654173988123,0.448725740766767,0.16437196844555,0.0688965618242272,0.226670898821644
2036,"BAU","Calcareous",6.67430333333333,6.611376,6.703336,0.401501583210225,0.210538962735734,0.725435277429356,0.112064871578455,0.0284290391840682,0.330951744913153
2036,"BAU","Non-calcareous",5.23805317647059,3.752432,6.0766,0.278564042835232,0.0808899376611519,0.441031708328945,0.334681400527862,0.0965518846453252,0.805931521272778
2036,"BNP","Calcareous",6.70003355555556,6.691544,6.706504,0.396111872128942,0.207983299560192,0.709579252257477,0.0984018706786589,0.0252301513052691,0.294881777905726
2036,"BNP","Non-calcareous",5.30441035294118,3.823272,5.949088,0.285895698068975,0.0861172433696685,0.440508516614951,0.31091259954802,0.102561329177489,0.656144735139075
2036,"BNPL","Calcareous",6.70003355555556,6.691544,6.706504,0.396111872128942,0.207983299560192,0.709579252257477,0.0984018706786589,0.0252301513052691,0.294881777905726
2036,"BNPL","Non-calcareous",5.89625603288235,5.5,6.444665276,0.321751051499551,0.17933844056565,0.467780984745612,0.196642514685377,0.102561329177489,0.253335780201823
2036,"BNPR","Calcareous",6.70262711111111,6.694536,6.709056,0.407237569166505,0.228024006068865,0.722252404966155,0.0964922109049956,0.0256311900945977,0.286206950467367
2036,"BNPR","Non-calcareous",5.62560517647059,3.888304,6.45148,0.311732427225439,0.138773745392432,0.448009290264705,0.278761105370263,0.0722912513779779,0.750583420871077
2036,"BNPRLopt","Calcareous",6.70262711111111,6.694536,6.709056,0.385496221830084,0.227020837964623,0.680158927792319,0.0899959879308326,0.0254174728083992,0.247621856031744
2036,"BNPRLopt","Non-calcareous",6.06580667647059,5.656443488,6.45148,0.314133953233884,0.18873548301994,0.448737630303368,0.164138288156236,0.0692577138526391,0.227292236663331
2037,"BAU","Calcareous",6.67422022222222,6.611376,6.703336,0.403793685972592,0.211726799250908,0.729580634250811,0.112952166133869,0.0288217711483707,0.334621421764163
2037,"BAU","Non-calcareous",5.23071294117647,3.751816,6.100624,0.277076954905211,0.0768600792455586,0.442481750724946,0.332915299967999,0.0973278475478468,0.779909120655655
2037,"BNP","Calcareous",6.70006288888889,6.69172,6.706416,0.39808486251083,0.209018036199002,0.715024450917688,0.0990221569366481,0.0255427359236596,0.297875328346497
2037,"BNP","Non-calcareous",5.29971011764706,3.823272,5.947944,0.284874861516054,0.0819155734177889,0.441925685388507,0.309147752340991,0.103358794602906,0.629180081524635
2037,"BNPL","Calcareous",6.70006288888889,6.69172,6.706416,0.39808486251083,0.209018036199002,0.715024450917688,0.0990221569366481,0.0255427359236596,0.297875328346497
2037,"BNPL","Non-calcareous",5.89564003288235,5.5,6.444665276,0.322705944266579,0.179744200009664,0.46892708099144,0.197340988562655,0.103358794602906,0.255486058748789
2037,"BNPR","Calcareous",6.70262711111111,6.694624,6.709056,0.409913388503502,0.230307017251764,0.728522449819415,0.0971318121501576,0.0259942049613725,0.288998742032735
2037,"BNPR","Non-calcareous",5.62681129411765,3.884872,6.453416,0.311997712745268,0.133725596181123,0.449975763743873,0.276920612229352,0.0728495277454584,0.726653090543653
2037,"BNPRLopt","Calcareous",6.70262711111111,6.694624,6.709056,0.386830299746389,0.229241702803551,0.681526649510789,0.0902395181411446,0.0257663293752572,0.247978486233144
2037,"BNPRLopt","Non-calcareous",6.06862267647059,5.656443488,6.453416,0.31472651290613,0.189813141145427,0.448748396425228,0.163922035369419,0.0696267135410969,0.227906454419575
2038,"BAU","Calcareous",6.67411022222222,6.611288,6.703248,0.406079842137142,0.212912949055202,0.733718912172812,0.113840979334504,0.0292173076659633,0.338311617619438
2038,"BAU","Non-calcareous",5.22219764705882,3.751288,6.122008,0.275619653302752,0.0731820045089593,0.443913355579313,0.331940283238483,0.098102602807148,0.754898082691291
2038,"BNP","Calcareous",6.70008488888889,6.691808,6.706416,0.400053865340797,0.210051783092015,0.720453491680825,0.0996418058350624,0.0258559590685247,0.300848634215903
2038,"BNP","Non-calcareous",5.29482870588235,3.82336,5.946888,0.283890308202315,0.0780636976803837,0.443324393043636,0.307654910861149,0.104144717472221,0.60390432832601
2038,"BNPL","Calcareous",6.70008488888889,6.691808,6.706416,0.400053865340797,0.210051783092015,0.720453491680825,0.0996418058350624,0.0258559590685247,0.300848634215903
2038,"BNPL","Non-calcareous",5.89505509170588,5.5,6.444665276,0.323654820821317,0.180137139827419,0.470066346454246,0.198036383299172,0.104144717472221,0.25762958014372
2038,"BNPR","Calcareous",6.70261488888889,6.694624,6.708968,0.412585866028925,0.232588409013658,0.734779850192586,0.0977737161319557,0.0263607247027285,0.291814717314869
2038,"BNPR","Non-calcareous",5.62801223529412,3.882672,6.455264,0.312294505086395,0.128892632071087,0.451932549022077,0.275147010588069,0.0733952796949929,0.703173365310435
2038,"BNPRLopt","Calcareous",6.70261488888889,6.694624,6.708968,0.388163017891716,0.231461010248975,0.682893095111884,0.0904860673360802,0.0261185817751805,0.248353267381772
2038,"BNPRLopt","Non-calcareous",6.07139726470588,5.656443488,6.455264,0.315321954519283,0.19088712245293,0.448758076750363,0.163717446640489,0.0699838033960347,0.228509531929077
2039,"BAU","Calcareous",6.67403444444444,6.611288,6.703248,0.408360032957057,0.214097375072671,0.737850008932861,0.114724321831998,0.0296119099455573,0.341962129898225
2039,"BAU","Non-calcareous",5.21231576470588,3.750672,6.1404,0.274172270443761,0.0698249608825574,0.445326675205048,0.331852369409468,0.098867222669501,0.739228947420458
2039,"BNP","Calcareous",6.70011666666667,6.691896,6.706416,0.402018879417692,0.211084560205204,0.725866511790054,0.100259194934952,0.026169741719479,0.303812966983855
2039,"BNP","Non-calcareous",5.28966776470588,3.82336,5.945744,0.282936112013799,0.0745331691417317,0.44470477829548,0.30645461103769,0.104922019351621,0.580293675771406
2039,"BNPL","Calcareous",6.70011666666667,6.691896,6.706416,0.402018879417692,0.211084560205204,0.725866511790054,0.100259194934952,0.026169741719479,0.303812966983855
2039,"BNPL","Non-calcareous",5.89450120935294,5.5,6.444665276,0.324597712780495,0.180517382041249,0.47119882660997,0.198727764846195,0.104922019351621,0.259746814924001
2039,"BNPR","Calcareous",6.70260022222222,6.694624,6.708968,0.415254985573678,0.234868198052501,0.741024449460595,0.0984154398020338,0.0267265846494827,0.294596076120193
2039,"BNPR","Non-calcareous",5.62903717647059,3.881264,6.457112,0.312622658938413,0.124310309322082,0.453879663058592,0.273543838255871,0.073949209728198,0.680448479097676
2039,"BNPRLopt","Calcareous",6.70260022222222,6.694624,6.708968,0.389494357113227,0.233678776488523,0.684258275373645,0.090733447818388,0.0264701033156081,0.248696110277723
2039,"BNPRLopt","Non-calcareous",6.07410973529412,5.656443488,6.457112,0.315920151842577,0.191957689754446,0.448766672428895,0.163525962248643,0.0703487600458268,0.229101339956937
2040,"BAU","Calcareous",6.67394155555556,6.611288,6.70316,0.410634299427522,0.215280115302653,0.741974056127427,0.115606993440697,0.0300075005058907,0.345631867506065
2040,"BAU","Non-calcareous",5.20142447058824,3.750144,6.155624,0.27271026311302,0.0667609013640908,0.44672166876799,0.332417536762926,0.0996284427354514,0.792016219072202
2040,"BNP","Calcareous",6.70013622222222,6.691984,6.706416,0.403979920113886,0.212116372306432,0.73126354991578,0.100876591450678,0.0264844357133815,0.306767742324202
2040,"BNP","Non-calcareous",5.28419623529412,3.823448,5.944776,0.282005770851011,0.0712971298692516,0.446066626497585,0.305547401038825,0.105694806950549,0.558152582712978
2040,"BNPL","Calcareous",6.70013622222222,6.691984,6.706416,0.403979920113886,0.212116372306432,0.73126354991578,0.100876591450678,0.0264844357133815,0.306767742324202
2040,"BNPL","Non-calcareous",5.89397838582353,5.5,6.444665276,0.325534653031686,0.180885014417769,0.47232451843135,0.199415400260804,0.105694806950549,0.261866194118886
2040,"BNPR","Calcareous",6.70258311111111,6.694624,6.70888,0.417920743879143,0.237146360857343,0.747256433570194,0.0990582892916901,0.0270954997230456,0.297410607747268
2040,"BNPR","Non-calcareous",5.62971529411765,3.880208,6.45896,0.312979581530997,0.119991476691089,0.455817154902798,0.272208946417027,0.0744969100451536,0.658736102720888
2040,"BNPRLopt","Calcareous",6.70258311111111,6.694624,6.70888,0.390824309640647,0.235894977705384,0.685622181809053,0.0909826764918862,0.0268245748921552,0.249064541641889
2040,"BNPRLopt","Non-calcareous",6.07677561764706,5.656443488,6.45896,0.316520961356111,0.193024741675708,0.448774221217163,0.163346356265183,0.0707078530494861,0.229685722506229
2041,"BAU","Calcareous",6.67386822222222,6.611288,6.70316,0.412902638541062,0.216461165858894,0.746091061100261,0.116486168395646,0.0304061079548875,0.349283199494584
2041,"BAU","Non-calcareous",5.19117505882353,3.749616,6.167856,0.271211540469593,0.0639638872003068,0.448098343493973,0.332455474519773,0.100380771515834,0.830406121305434
2041,"BNP","Calcareous",6.70014844444444,6.692072,6.706416,0.405936981630636,0.213147210329798,0.736644648069593,0.101493586337443,0.0268023201925531,0.309731723382441
2041,"BNP","Non-calcareous",5.27832611764706,3.823448,5.94372,0.281092677159375,0.0683306274423535,0.447410262973789,0.304959366886829,0.106451052882811,0.537465747133085
2041,"BNPL","Calcareous",6.70014844444444,6.692072,6.706416,0.405936981630636,0.213147210329798,0.736644648069593,0.101493586337443,0.0268023201925531,0.309731723382441
2041,"BNPL","Non-calcareous",5.89348662111765,5.5,6.444665276,0.326465682563593,0.181240029267198,0.473576198032263,0.200097450896815,0.106451052882811,0.263958196895726
2041,"BNPR","Calcareous",6.70257577777778,6.694712,6.70888,0.420583133766972,0.239318754469465,0.753475604048164,0.0997000741223966,0.0274631619259235,0.300189616580395
2041,"BNPR","Non-calcareous",5.62990682352941,3.879504,6.46072,0.313360378644065,0.115934313627576,0.457744981164749,0.271211148294119,0.0750516244659097,0.637975970055008
2041,"BNPRLopt","Calcareous",6.70257577777778,6.694712,6.70888,0.392152865114226,0.238109609587966,0.6869848155563,0.0912318212640817,0.0271777318794934,0.249400869765869
2041,"BNPRLopt","Non-calcareous",6.07937938235294,5.656443488,6.46072,0.317124248082092,0.194088307390597,0.448780724284578,0.163176704767157,0.0710736630613329,0.23025461659566
2042,"BAU","Calcareous",6.67379977777778,6.6112,6.70316,0.415165076348982,0.217640531391982,0.750200937620842,0.117362398630388,0.0308038742619895,0.352940890621038
2042,"BAU","Non-calcareous",5.18291858823529,3.749176,6.177184,0.269682444550303,0.0614106459334232,0.449456673773906,0.330890805685838,0.101131106818096,0.835957486917255
2042,"BNP","Calcareous",6.70017044444444,6.69216,6.706416,0.407890064493751,0.214177072034437,0.742009746612553,0.102108104559382,0.0271182307451142,0.312675601448275
2042,"BNP","Non-calcareous",5.27191764705882,3.823448,5.942752,0.280189359235457,0.0656112058883562,0.448735487507326,0.304744152505868,0.107199195704957,0.537377986068631
2042,"BNPL","Calcareous",6.70017044444444,6.69216,6.706416,0.407890064493751,0.214177072034437,0.742009746612553,0.102108104559382,0.0271182307451142,0.312675601448275
2042,"BNPL","Non-calcareous",5.89302073876471,5.5,6.444665276,0.32739084930889,0.181582664504298,0.47583966927777,0.20077698108367,0.107199195704957,0.266051882069379
2042,"BNPR","Calcareous",6.70255133333333,6.694712,6.70888,0.423242158347979,0.24064019806336,0.759682152168346,0.100342527534124,0.0278342533639492,0.302971691685852
2042,"BNPR","Non-calcareous",5.62941505882353,3.8788,6.462392,0.31375850290765,0.112130499468833,0.459663168731057,0.270663858140165,0.0755986999086809,0.630040762609082
2042,"BNPRLopt","Calcareous",6.70255133333333,6.694712,6.70888,0.393480022332912,0.240262402711111,0.68834617775224,0.0914825534762786,0.0275342095613112,0.24973765019984
2042,"BNPRLopt","Non-calcareous",6.08192102941176,5.656443488,6.462392,0.317729898626669,0.195148519841448,0.448786182800013,0.163021137141801,0.0714322983673436,0.23081587738382
2043,"BAU","Calcareous",6.67372644444444,6.6112,6.703072,0.417421629368403,0.218818182509803,0.754303804351757,0.1182366421087,0.0312028259344121,0.356566121023793
2043,"BAU","Non-calcareous",5.17612705882353,3.748736,6.184312,0.268162342201206,0.0590805556221456,0.450796641204602,0.328134213062435,0.101870231186937,0.815732681509731
2043,"BNP","Calcareous",6.70017533333333,6.692248,6.706416,0.40983918456334,0.2152059326378,0.747358945042587,0.102723736725699,0.02743530359531,0.315628177246523
2043,"BNP","Non-calcareous",5.26482070588235,3.823448,5.941784,0.279287030207331,0.0631182972311373,0.450042442091846,0.304967137037588,0.107941209069625,0.54362879563676
2043,"BNPL","Calcareous",6.70017533333333,6.692248,6.706416,0.40983918456334,0.2152059326378,0.747358945042587,0.102723736725699,0.02743530359531,0.315628177246523
2043,"BNPL","Non-calcareous",5.89257556229412,5.5,6.444665276,0.328310180797642,0.181912961716381,0.47809826492569,0.201453296130349,0.107941209069625,0.268127158798009
2043,"BNPR","Calcareous",6.70251955555556,6.694712,6.708792,0.425897810683474,0.241959122277889,0.765876055287915,0.100985601773094,0.0282039146137628,0.305769363398758
2043,"BNPR","Non-calcareous",5.62806917647059,3.878272,6.46424,0.314164640589278,0.108567062410025,0.461571649558422,0.270688821355634,0.0761392888905905,0.663485522516561
2043,"BNPRLopt","Calcareous",6.70251955555556,6.694712,6.708792,0.394805769990536,0.241564336545341,0.689706269532393,0.0917346487536838,0.0278892009210711,0.250085111080208
2043,"BNPRLopt","Non-calcareous",6.08443161764706,5.656443488,6.46424,0.318337762452408,0.196205379695258,0.448790634707649,0.162874250204291,0.0717848921235715,0.231369424786117
2044,"BAU","Calcareous",6.67364822222222,6.6112,6.703072,0.419672308613721,0.219994149012828,0.758399687276355,0.119109803401412,0.0316039344440369,0.36020850088032
2044,"BAU","Non-calcareous",5.16982729411765,3.748296,6.189592,0.266684607893791,0.0569532388703884,0.45211841064715,0.325000108649397,0.102599695515231,0.78353354633119
2044,"BNP","Calcareous",6.70019977777778,6.692248,6.706416,0.411784328986999,0.216233812211709,0.752692186646329,0.103336377606846,0.027753032155345,0.318569465979066
2044,"BNP","Non-calcareous",5.25681788235294,3.823448,5.940904,0.278374809708079,0.0608327422665888,0.451331109212167,0.305735292880591,0.108670372982246,0.575240491927422
2044,"BNPL","Calcareous",6.70019977777778,6.692248,6.706416,0.411784328986999,0.216233812211709,0.752692186646329,0.103336377606846,0.027753032155345,0.318569465979066
2044,"BNPL","Non-calcareous",5.89215626817647,5.5,6.444665276,0.329223703255248,0.18223098514974,0.480351987666051,0.202123807117703,0.108670372982246,0.270183513176151
2044,"BNPR","Calcareous",6.70250977777778,6.694712,6.708792,0.428550081977426,0.243275521768971,0.772057194139946,0.101626177044721,0.0285765013697841,0.308539159895962
2044,"BNPR","Non-calcareous",5.62558447058823,3.877744,6.465824,0.314566225582178,0.105230758853496,0.46347048677845,0.271450274349326,0.0766923534007169,0.707195704688884
2044,"BNPRLopt","Calcareous",6.70250977777778,6.694712,6.708792,0.396130096423719,0.242863762819768,0.69106502066336,0.0919852642199921,0.0282470151019068,0.250407714710341
2044,"BNPRLopt","Non-calcareous",6.08684385294118,5.656443488,6.465824,0.318947739770662,0.197259048871627,0.448794081190854,0.1627412253753,0.0721493211920298,0.231907090163401
2045,"BAU","Calcareous",6.67358222222222,6.6112,6.702984,0.421917116730889,0.221168426671654,0.762488595618478,0.119979711511861,0.0320043454427913,0.36382895776436
2045,"BAU","Non-calcareous",5.16341882352941,3.747856,6.193376,0.265262345589407,0.055011793837874,0.453421848767232,0.321987693325644,0.103326559462364,0.747533594361186
2045,"BNP","Calcareous",6.70020955555556,6.692248,6.706416,0.41372551852191,0.217260708336669,0.758009523348145,0.103949335461871,0.0280713486054333,0.321531811351703
2045,"BNP","Non-calcareous",5.24765035294118,3.823448,5.939936,0.277438397411526,0.0587374851655481,0.452601697195153,0.30719957207102,0.109394229275426,0.61626691721372
2045,"BNPL","Calcareous",6.70020955555556,6.692248,6.706416,0.41372551852191,0.217260708336669,0.758009523348145,0.103949335461871,0.0280713486054333,0.321531811351703
2045,"BNPL","Non-calcareous",5.891747327,5.5,6.444665276,0.330131468821726,0.182536887240117,0.482600747149407,0.202792044392882,0.109394229275426,0.272230690386735
2045,"BNPR","Calcareous",6.70248533333333,6.694712,6.708704,0.431198987884683,0.244589391829217,0.778225726786308,0.102268171239719,0.028948393504412,0.311333822452069
2045,"BNPR","Non-calcareous",5.62213176470588,3.877216,6.467496,0.314945747385087,0.102107637711797,0.465359717036668,0.272931380631314,0.0772320774687014,0.760990213456449
2045,"BNPRLopt","Calcareous",6.70248533333333,6.694712,6.708704,0.397453012294024,0.244160676979686,0.692422503569854,0.0922378773038873,0.0286040738017454,0.250748499251425
2045,"BNPRLopt","Non-calcareous",6.08920432352941,5.656443488,6.467496,0.319559675105526,0.198309422479703,0.448796560315123,0.162619302520502,0.0725012731413552,0.232436847986204
2046,"BAU","Calcareous",6.67352844444444,6.6112,6.702984,0.424156076383329,0.222341028750205,0.766570538949792,0.120845146176839,0.0324049872148645,0.367426926295504
2046,"BAU","Non-calcareous",5.15656517647059,3.747416,6.196104,0.263895322997216,0.0532391872697723,0.454707096268558,0.31933731700458,0.104048775938874,0.711241861984784
2046,"BNP","Calcareous",6.70021933333333,6.692248,6.706416,0.415662746864813,0.218286618533724,0.763310789683581,0.104560231732576,0.0283901835810406,0.324459227050897
2046,"BNP","Non-calcareous",5.23746305882353,3.823448,5.939056,0.276458256700107,0.0568164372313108,0.45385398742482,0.309346923004944,0.11010818019473,0.666568480390228
2046,"BNPL","Calcareous",6.70021933333333,6.692248,6.706416,0.415662746864813,0.218286618533724,0.763310789683581,0.104560231732576,0.0283901835810406,0.324459227050897
2046,"BNPL","Non-calcareous",5.89136426817647,5.5,6.444665276,0.331033492301792,0.182830677831219,0.484844545596324,0.203456298895989,0.11010818019473,0.27425808512888
2046,"BNPR","Calcareous",6.702456,6.694712,6.708704,0.433844516335992,0.245900728403476,0.784381490739642,0.102908974533806,0.0293226872250773,0.314099891607511
2046,"BNPR","Non-calcareous",5.61894823529412,3.876776,6.469256,0.315283418906606,0.0991844141730326,0.467239280149804,0.274371847909487,0.0777802527324135,0.812190186857797
2046,"BNPRLopt","Calcareous",6.702456,6.694712,6.708704,0.398774503543723,0.24545507511991,0.693778719383599,0.0924902945486154,0.0289634379895622,0.251064312006741
2046,"BNPRLopt","Non-calcareous",6.09148197058824,5.656443488,6.469256,0.32017344642417,0.199356634262436,0.448798073273657,0.162510404997884,0.0728612399413512,0.232954543063477
2047,"BAU","Calcareous",6.67346733333333,6.611112,6.702984,0.42638921685847,0.223511950910661,0.770645544937841,0.121709943072115,0.0328069375644075,0.371053385699575
2047,"BAU","Non-calcareous",5.14907482352941,3.747064,6.19804,0.262576885587919,0.0516213004325929,0.45597403283285,0.317174538507047,0.104760656266194,0.676177892033926
2047,"BNP","Calcareous",6.70021933333333,6.692248,6.706416,0.417596025360113,0.219311540264785,0.768596207617204,0.105171064702239,0.0287115023678959,0.327384141711954
2047,"BNP","Non-calcareous",5.22766917647059,3.823448,5.938264,0.275412428529195,0.0550546387746533,0.455088209511333,0.311402058253947,0.110808695252129,0.713092490156432
2047,"BNPL","Calcareous",6.70021933333333,6.692248,6.706416,0.417596025360113,0.219311540264785,0.768596207617204,0.105171064702239,0.0287115023678959,0.327384141711954
2047,"BNPL","Non-calcareous",5.89100191523529,5.5,6.444665276,0.331929807650978,0.183112475218265,0.487083292106138,0.204116180470922,0.110808695252129,0.27628610635368
2047,"BNPR","Calcareous",6.70244133333333,6.694712,6.708704,0.436486670330361,0.247209501604049,0.790524648483028,0.103548251783853,0.0296956468381282,0.316859051339126
2047,"BNPR","Non-calcareous",5.61756094117647,3.876248,6.47084,0.315574295836176,0.0964489993349526,0.469109218669295,0.274643545536322,0.078327289704022,0.841492486572389
2047,"BNPRLopt","Calcareous",6.70244133333333,6.694712,6.708704,0.400094568594468,0.246746927547069,0.695133669234998,0.0927421682523346,0.0293214183854035,0.251372908374878
2047,"BNPRLopt","Non-calcareous",6.09370267647059,5.656443488,6.47084,0.320788909846807,0.200243883928847,0.448798621259804,0.162412778878764,0.0732202054417558,0.2334641646217
2048,"BAU","Calcareous",6.67340866666667,6.611112,6.702896,0.428616537378915,0.224681188699928,0.774713624091935,0.122571362410113,0.0332112158918234,0.374629272351684
2048,"BAU","Non-calcareous",5.14066823529412,3.746712,6.19936,0.261296762744073,0.0501446832973125,0.457222817874058,0.315620729396668,0.105461937350418,0.64289329545199
2048,"BNP","Calcareous",6.70022422222222,6.692248,6.706416,0.419525351319087,0.220335441039232,0.773865781705627,0.105780260162944,0.0290316724246284,0.330306279479017
2048,"BNP","Non-calcareous",5.22001317647059,3.82336,5.937384,0.274297116578953,0.0534394600322519,0.456304516985644,0.312199203183121,0.111506881666299,0.736000593374953
2048,"BNPL","Calcareous",6.70022422222222,6.692248,6.706416,0.419525351319087,0.220335441039232,0.773865781705627,0.105780260162944,0.0290316724246284,0.330306279479017
2048,"BNPL","Non-calcareous",5.89064991523529,5.5,6.444665276,0.332820461068913,0.183382445760424,0.489316988416413,0.204771734813957,0.111506881666299,0.278283090321111
2048,"BNPR","Calcareous",6.70239977777778,6.694712,6.708616,0.439125458162988,0.248515727150948,0.796655223552433,0.104189139450611,0.0300713980954351,0.319633719198772
2048,"BNPR","Non-calcareous",5.61796470588235,3.875808,6.472512,0.315841795408556,0.0938889646333836,0.470969611259494,0.273635848554505,0.0788592221295914,0.847270876485943
2048,"BNPRLopt","Calcareous",6.70239977777778,6.694712,6.708616,0.401413210986256,0.248036250094292,0.69648728231444,0.0929961829057276,0.0296820905451216,0.251692092770081
2048,"BNPRLopt","Non-calcareous",6.09585091176471,5.656443488,6.472512,0.321405947172962,0.200384240343227,0.448798242505563,0.162327728652318,0.0735651461316651,0.2339615265629
2049,"BAU","Calcareous",6.67335244444444,6.611112,6.702896,0.430838058987631,0.225848746467752,0.778774805280174,0.123430450685283,0.0336136172948552,0.378232869097621
2049,"BAU","Non-calcareous",5.13105035294118,3.74636,6.200328,0.260041460138202,0.0487969279319943,0.458453483671923,0.314826664372358,0.106154323680039,0.611545797281152
2049,"BNP","Calcareous",6.70023888888889,6.692248,6.706416,0.421450733383737,0.221358355056936,0.779119518099557,0.106387380184406,0.0293521586188797,0.333214763665058
2049,"BNP","Non-calcareous",5.21434494117647,3.82336,5.936592,0.273142735089691,0.051958640193942,0.45750275540129,0.311744679933733,0.112191277878085,0.735416192814948
2049,"BNPL","Calcareous",6.70023888888889,6.692248,6.706416,0.421450733383737,0.221358355056936,0.779119518099557,0.106387380184406,0.0293521586188797,0.333214763665058
2049,"BNPL","Non-calcareous",5.89031862111765,5.5,6.444665276,0.333705478764876,0.183640564628323,0.491545589454125,0.205424890490756,0.112191277878085,0.280280258102593
2049,"BNPR","Calcareous",6.70238022222222,6.694712,6.708616,0.441760864430655,0.249819406754552,0.80277309529679,0.104827300292906,0.0304461352207532,0.322378451121566
2049,"BNPR","Non-calcareous",5.61932611764706,3.87528,6.474008,0.316116050163416,0.0914934179978253,0.474189515396862,0.271910590563358,0.0794066801547215,0.838968359123041
2049,"BNPRLopt","Calcareous",6.70238022222222,6.694712,6.708616,0.40273041385569,0.249323044606863,0.697839631613644,0.0932485206087688,0.0300416981648209,0.251986101339684
2049,"BNPRLopt","Non-calcareous",6.09789561764706,5.656443488,6.474008,0.322024419941909,0.200526101854784,0.448796975294283,0.162257824127177,0.073924662371357,0.234450657090879
2050,"BAU","Calcareous",6.67329622222222,6.611112,6.702896,0.433053794780822,0.227014628547708,0.782829099947302,0.12428697988411,0.034016991093373,0.381796881971938
2050,"BAU","Non-calcareous",5.11977082352941,3.746096,6.200944,0.258793355304889,0.0475668500171732,0.459665833870741,0.315022671205053,0.106848798314499,0.582161304940865
2050,"BNP","Calcareous",6.70023888888889,6.692248,6.706416,0.423372185097345,0.222380272590326,0.784357482342754,0.106994448351431,0.0296728857877557,0.336130422796368
2050,"BNP","Non-calcareous",5.209624,3.823272,5.935712,0.271984034025908,0.0506010817361239,0.458683095868669,0.310686255022448,0.112873145110848,0.722284273479246
2050,"BNPL","Calcareous",6.70023888888889,6.692248,6.706416,0.423372185097345,0.222380272590326,0.784357482342754,0.106994448351431,0.0296728857877557,0.336130422796368
2050,"BNPL","Non-calcareous",5.889987327,5.5,6.444665276,0.334584888848143,0.183887006453061,0.493769049873493,0.206075511524191,0.112873145110848,0.282256104053233
2050,"BNPR","Calcareous",6.70235088888889,6.694624,6.708616,0.44439290563713,0.251120534986722,0.808878434138324,0.105465664329151,0.0308209141075833,0.325125375778506
2050,"BNPR","Non-calcareous",5.62111717647059,3.87484,6.475592,0.316415450459356,0.0892509657484121,0.478084124040273,0.269896383619197,0.0799444760480805,0.824116137097203
2050,"BNPRLopt","Calcareous",6.70235088888889,6.694624,6.708616,0.404046188523582,0.250607305802784,0.699190718259531,0.0935017215884658,0.0304012855031853,0.25228040700423
2050,"BNPRLopt","Non-calcareous",6.09986785294118,5.656443488,6.475592,0.322644168529482,0.200669421560901,0.448794783691163,0.162199830397694,0.0742752624747104,0.234927340317867
1985,"BAU","Calcareous",6.705756,6.693568,6.714336,0.194032237944444,0.093027777,0.406252464,0.0307382330803684,0.005329270378931,0.0601139983046314
1985,"BAU","Non-calcareous",6.15283388235294,5.633784,6.488088,0.224964089823529,0.099587644,0.374277115,0.0861734674588894,0.0197228099480616,0.159428890634826
1986,"BAU","Calcareous",6.70403266666667,6.689432,6.713544,0.197044151518108,0.0953347651249217,0.4079714444071,0.0319250653544251,0.00558770138338233,0.0627541583089771
1986,"BAU","Non-calcareous",6.07048141176471,5.600168,6.39164,0.226574458168053,0.101692282125005,0.376228677720701,0.0941175790741418,0.0221106990063617,0.173851273226039
1987,"BAU","Calcareous",6.70336044444444,6.68688,6.714512,0.200045664683203,0.0976361566856214,0.409650397548424,0.0330481591386685,0.00584781612042809,0.0653214782790488
1987,"BAU","Non-calcareous",6.00419670588235,5.555376,6.3098,0.227959097663822,0.103734309532006,0.377942558366943,0.101303548241013,0.0242538092442258,0.185488233114873
1988,"BAU","Calcareous",6.69857177777778,6.68028,6.710112,0.203144089133648,0.0999453816046448,0.41137475459157,0.034241258607799,0.0061247135760049,0.0680183542914364
1988,"BAU","Non-calcareous",5.99260658823529,5.722928,6.270464,0.229327808670996,0.105754325947852,0.37960542124258,0.104045776417147,0.0258191692546809,0.194665662938494
1989,"BAU","Calcareous",6.69699511111111,6.677376,6.708968,0.206313945824852,0.102261533622126,0.413136368681799,0.0354731601073633,0.00640649910607646,0.0708077903495128
1989,"BAU","Non-calcareous",5.96129411764706,5.673648,6.2306,0.23087337364893,0.107804651729426,0.381404269717805,0.109148429917061,0.027505672170616,0.204182690873384
1990,"BAU","Calcareous",6.70007266666667,6.6816,6.711256,0.209491147271654,0.104580621867625,0.414901755557699,0.0365649030531152,0.00667844703192778,0.0733903695055488
1990,"BAU","Non-calcareous",5.91335482352941,5.619264,6.180968,0.232355042345824,0.10983883608434,0.383108024458616,0.115784489825692,0.0293762294812559,0.21206603745471
1991,"BAU","Calcareous",6.69746688888889,6.678784,6.70844,0.212654876704067,0.106896492295653,0.416643269625018,0.037838443862328,0.00698548791670824,0.0763326975275691
1991,"BAU","Non-calcareous",5.87256941176471,5.567696,6.146384,0.233591684038249,0.111796593044975,0.384524568264576,0.121986604179039,0.0313026401812258,0.221306999977686
1992,"BAU","Calcareous",6.69742288888889,6.677728,6.708616,0.215960539893502,0.109300101603368,0.418476491114639,0.039082462311735,0.00729587035414669,0.0793850393260752
1992,"BAU","Non-calcareous",5.830728,5.5134,6.120248,0.234882191315732,0.113766245130566,0.385972858652488,0.128616791640932,0.0332563249535802,0.229525762116068
1993,"BAU","Calcareous",6.69351177777778,6.671832,6.704832,0.21937800328301,0.111785740029231,0.420360969676277,0.0405125159907207,0.0076347597439235,0.0828959687151252
1993,"BAU","Non-calcareous",5.84091011764706,5.493248,6.12368,0.236095065442294,0.115718789627295,0.387301547974528,0.12993648223359,0.0347155902349056,0.232380635750687
1994,"BAU","Calcareous",6.70392511111111,6.690224,6.710552,0.223093368350896,0.114369321548615,0.422387060040203,0.0415880783523279,0.0079130048308239,0.0859547701776567
1994,"BAU","Non-calcareous",5.83574917647059,5.523872,6.089712,0.237799803738927,0.117790564823494,0.389131633269507,0.132816625130176,0.0359913164331046,0.233276726712828
1995,"BAU","Calcareous",6.69081311111111,6.658896,6.70668,0.226905428312095,0.117013858443013,0.42438435039635,0.0435267013722789,0.00834690434096021,0.0906373809947636
1995,"BAU","Non-calcareous",5.78487482352941,5.396184,6.094552,0.239115598159079,0.119674796702947,0.39054866295995,0.142030270002409,0.0390442725824965,0.25139883324223
1996,"BAU","Calcareous",6.69615422222222,6.675616,6.706152,0.231078818744695,0.119787851933622,0.426655526625264,0.0447409536153118,0.00867367101313697,0.0944068187387615
1996,"BAU","Non-calcareous",5.79172329411765,5.433672,6.066568,0.241313652968909,0.12189119651491,0.392869558330677,0.143256473810672,0.0398630797581461,0.249489339161319
1997,"BAU","Calcareous",6.70147088888889,6.685912,6.708968,0.235405388990347,0.122628361077313,0.428926723437256,0.0459238271558519,0.00900720074926589,0.0982502395777841
1997,"BAU","Non-calcareous",5.78610164705882,5.450744,6.045976,0.243287647970212,0.123961783949691,0.39495042075486,0.145614126965342,0.0411227911571495,0.247927152165412
1998,"BAU","Calcareous",6.69999688888889,6.674296,6.713192,0.239904847845452,0.125531459439219,0.431180323312545,0.0474763250605854,0.00940640041769506,0.10283397733932
1998,"BAU","Non-calcareous",5.73180047058824,5.337576,6.03744,0.24501462621914,0.125874816813971,0.396737047463004,0.155088178733993,0.0441111593442695,0.256956449657066
1999,"BAU","Calcareous",6.693986,6.66444,6.70844,0.244737311625213,0.128546034905869,0.4336256142422,0.0492995330251442,0.00984882297304298,0.108158013504246
1999,"BAU","Non-calcareous",5.74272282352941,5.313112,6.054512,0.247311118460416,0.127991817303455,0.399041611579217,0.157009601195952,0.0455069096176694,0.263804397137524
2000,"BAU","Calcareous",6.69434044444444,6.67016,6.706416,0.249874995948316,0.131659547160849,0.436219104991285,0.0506394296756557,0.0102394723145575,0.112884440468423
2000,"BAU","Non-calcareous",5.72305223529412,5.31848,6.018344,0.250153292663116,0.130270780100182,0.402012750224787,0.160632066596388,0.0467745145998111,0.266444213266113
2001,"BAU","Calcareous",6.692402,6.662944,6.707296,0.255166596339715,0.134842613482524,0.438833165995172,0.0520690316275883,0.0106584629696063,0.117857658585566
2001,"BAU","Non-calcareous",5.70522964705882,5.259168,6.026792,0.252793212627533,0.132432781079705,0.404746705844289,0.16506266519826,0.0487426364449516,0.271791421083475
2002,"BAU","Calcareous",6.70523288888889,6.688992,6.712312,0.26071469567861,0.138124659089088,0.441591190468085,0.0534665449918042,0.0110207443013622,0.122894666692141
2002,"BAU","Non-calcareous",5.72571294117647,5.335024,6.003648,0.25585395469437,0.134720765186286,0.407829731962811,0.164894757342854,0.0491859290483801,0.262917794288422
2003,"BAU","Calcareous",6.67892088888889,6.635488,6.70228,0.266286989141873,0.141447422278797,0.444260677660475,0.0566676159263663,0.0117490903078858,0.131740466915424
2003,"BAU","Non-calcareous",5.60691294117647,5.114144,6.011656,0.258245119819143,0.136674595993804,0.410170627733124,0.187436154443405,0.0555377192030865,0.322214066379568
2004,"BAU","Calcareous",6.69653555555556,6.6662,6.710552,0.272252959899577,0.144920333003649,0.447244169378468,0.0579602767803626,0.012084378616188,0.13684560844678
2004,"BAU","Non-calcareous",5.646808,5.155944,5.9952,0.261628395432805,0.139102647548011,0.413503907398495,0.185156551288323,0.0553490804742867,0.31992505309848
2005,"BAU","Calcareous",6.68828066666667,6.65432,6.704568,0.278363604009987,0.148460979308994,0.450218529563248,0.0604692960269219,0.0126944636771008,0.144841513716071
2005,"BAU","Non-calcareous",5.61749882352941,5.115728,5.984552,0.264707570265431,0.141378722129922,0.416544800240517,0.193670214860799,0.0579969628147138,0.338133681523295
2006,"BAU","Calcareous",6.69887,6.669808,6.712048,0.284751092533429,0.152098771485536,0.453328649417948,0.0621520934205,0.013137552191082,0.151218789427803
2006,"BAU","Non-calcareous",5.62715811764706,5.125232,5.975752,0.267998123262449,0.143704711326731,0.419710186235614,0.195933933634737,0.0591287733235924,0.343499672254599
2007,"BAU","Calcareous",6.69466555555556,6.657664,6.712224,0.291368045048483,0.155817277531709,0.456536609956631,0.0646465795621655,0.0137445269104399,0.159457979140419
2007,"BAU","Non-calcareous",5.59337647058824,5.049024,5.979096,0.271380788645156,0.145987283102411,0.4229961961754,0.206618671234731,0.0625771345860253,0.373905050480845
2008,"BAU","Calcareous",6.69029,6.651328,6.70844,0.298265140886357,0.159642164479154,0.466182996736047,0.0674223001721581,0.0143990485604888,0.168643711485681
2008,"BAU","Non-calcareous",5.59088141176471,5.012064,5.979976,0.27527610381543,0.148456240181374,0.426799506164393,0.213025509329655,0.0649694228258412,0.396135840129512
2009,"BAU","Calcareous",6.68579711111111,6.64068,6.707384,0.305113071474093,0.163557349133229,0.480453686547295,0.070390847463162,0.015096084121487,0.178521487271275
2009,"BAU","Non-calcareous",5.56457458823529,4.949936,5.978392,0.279267137271617,0.15099174190411,0.430606685252568,0.224704554335781,0.0686340210560464,0.428094664886262
2010,"BAU","Calcareous",6.68337711111111,6.637336,6.70448,0.312221586107855,0.167573284975255,0.498654323709088,0.0731553999804325,0.0157665311289966,0.188233280099267
2010,"BAU","Non-calcareous",5.57959152941176,4.931016,5.985608,0.283620427168034,0.153643876273201,0.434783560945884,0.228389106677893,0.0703107274522543,0.445026422437672
2011,"BAU","Calcareous",6.65914533333333,6.593952,6.693128,0.319389514519519,0.171594856204942,0.517229883905743,0.0773429714362268,0.0167443641616996,0.201236050233457
2011,"BAU","Non-calcareous",5.52602541176471,4.81732,6.069824,0.288150719676122,0.156338465154924,0.439176504154774,0.247696791394777,0.0733819233423013,0.499704311953375
2012,"BAU","Calcareous",6.67319111111111,6.624048,6.697088,0.3261632101397,0.175373272097623,0.535267190867864,0.079127442079929,0.0172787267344867,0.209205870840445
2012,"BAU","Non-calcareous",5.54772517647059,4.842048,6.039552,0.292494927971498,0.15896776626693,0.443295304612939,0.248409092930051,0.0724725347745063,0.501223687377474
2013,"BAU","Calcareous",6.64880044444444,6.566936,6.694008,0.332449654415705,0.17886689283028,0.553065915994964,0.0833209778724607,0.0182285983072135,0.221240439841033
2013,"BAU","Non-calcareous",5.47648141176471,4.66508,6.154832,0.295888412256854,0.16117528109262,0.446071461623489,0.275019437212739,0.0703267905181183,0.588945273205925
2014,"BAU","Calcareous",6.68818288888889,6.643584,6.707296,0.338410160338322,0.181534657709939,0.570455755707481,0.0837443979896444,0.0184671771099194,0.225933745044527
2014,"BAU","Non-calcareous",5.56060941176471,4.77464,6.136968,0.299488866175046,0.163475537400752,0.449265714935112,0.260132119317494,0.0709653730842231,0.554259591994892
2015,"BAU","Calcareous",6.67871066666667,6.6222,6.704392,0.343812766968651,0.183549617293256,0.58732014893215,0.0869444808669118,0.0192805166091574,0.236110571153344
2015,"BAU","Non-calcareous",5.49312894117647,4.688928,6.091032,0.301743297367299,0.165185725363319,0.450713051611195,0.280228108050891,0.0755599167946287,0.602375614947097
2016,"BAU","Calcareous",6.68501977777778,6.636544,6.705712,0.348787111091862,0.18546127255517,0.602703052065235,0.0889879546965927,0.0198844769206882,0.243713492781114
2016,"BAU","Non-calcareous",5.50343011764706,4.674672,6.065336,0.303667345870398,0.166842369208273,0.451735265635015,0.282301783174892,0.0790702928601246,0.616974753013031
2017,"BAU","Calcareous",6.679972,6.623696,6.705008,0.353268320425057,0.187164389063341,0.617722533103209,0.0919150339699072,0.0206378211330535,0.252863560680885
2017,"BAU","Non-calcareous",5.48108847058824,4.584032,6.072816,0.304626001144844,0.168097493249761,0.451486867780347,0.294388275698924,0.0805821572476041,0.669728554282693
2018,"BAU","Calcareous",6.67918,6.62044,6.705184,0.357325034205022,0.188701856964075,0.632328496922847,0.0946171427455422,0.0213531602511859,0.261445797185101
2018,"BAU","Non-calcareous",5.45291294117647,4.508264,6.053632,0.305444744910943,0.169279559139245,0.451139014740821,0.307566710887417,0.0839468479980501,0.719475293676507
2019,"BAU","Calcareous",6.67711444444444,6.616568,6.703952,0.360906219872133,0.190086012659685,0.645718630821364,0.0964251284439718,0.0219716821363715,0.267679226004807
2019,"BAU","Non-calcareous",5.44284470588235,4.42352,6.070616,0.305742474431831,0.170273421154727,0.450162025855278,0.314294751691103,0.0841762417915758,0.766637395174609
1985,"BNP","Calcareous",6.705756,6.693568,6.714336,0.194032237944444,0.093027777,0.406252464,0.0307382330803684,0.005329270378931,0.0601139983046314
1985,"BNP","Non-calcareous",6.15283388235294,5.633784,6.488088,0.224964089823529,0.099587644,0.374277115,0.0861734674588894,0.0197228099480616,0.159428890634826
1986,"BNP","Calcareous",6.70403266666667,6.689432,6.713544,0.197044151518108,0.0953347651249217,0.4079714444071,0.0319250653544251,0.00558770138338233,0.0627541583089771
1986,"BNP","Non-calcareous",6.07048141176471,5.600168,6.39164,0.226574458168053,0.101692282125005,0.376228677720701,0.0941175790741418,0.0221106990063617,0.173851273226039
1987,"BNP","Calcareous",6.70336044444444,6.68688,6.714512,0.200045664683203,0.0976361566856214,0.409650397548424,0.0330481591386685,0.00584781612042809,0.0653214782790488
1987,"BNP","Non-calcareous",6.00419670588235,5.555376,6.3098,0.227959097663822,0.103734309532006,0.377942558366943,0.101303548241013,0.0242538092442258,0.185488233114873
1988,"BNP","Calcareous",6.69857177777778,6.68028,6.710112,0.203144089133648,0.0999453816046448,0.41137475459157,0.034241258607799,0.0061247135760049,0.0680183542914364
1988,"BNP","Non-calcareous",5.99260658823529,5.722928,6.270464,0.229327808670996,0.105754325947852,0.37960542124258,0.104045776417147,0.0258191692546809,0.194665662938494
1989,"BNP","Calcareous",6.69699511111111,6.677376,6.708968,0.206313945824852,0.102261533622126,0.413136368681799,0.0354731601073633,0.00640649910607646,0.0708077903495128
1989,"BNP","Non-calcareous",5.96129411764706,5.673648,6.2306,0.23087337364893,0.107804651729426,0.381404269717805,0.109148429917061,0.027505672170616,0.204182690873384
1990,"BNP","Calcareous",6.70007266666667,6.6816,6.711256,0.209491147271654,0.104580621867625,0.414901755557699,0.0365649030531152,0.00667844703192778,0.0733903695055488
1990,"BNP","Non-calcareous",5.91335482352941,5.619264,6.180968,0.232355042345824,0.10983883608434,0.383108024458616,0.115784489825692,0.0293762294812559,0.21206603745471
1991,"BNP","Calcareous",6.69746688888889,6.678784,6.70844,0.212654876704067,0.106896492295653,0.416643269625018,0.037838443862328,0.00698548791670824,0.0763326975275691
1991,"BNP","Non-calcareous",5.87256941176471,5.567696,6.146384,0.233591684038249,0.111796593044975,0.384524568264576,0.121986604179039,0.0313026401812258,0.221306999977686
1992,"BNP","Calcareous",6.69742288888889,6.677728,6.708616,0.215960539893502,0.109300101603368,0.418476491114639,0.039082462311735,0.00729587035414669,0.0793850393260752
1992,"BNP","Non-calcareous",5.830728,5.5134,6.120248,0.234882191315732,0.113766245130566,0.385972858652488,0.128616791640932,0.0332563249535802,0.229525762116068
1993,"BNP","Calcareous",6.69351177777778,6.671832,6.704832,0.21937800328301,0.111785740029231,0.420360969676277,0.0405125159907207,0.0076347597439235,0.0828959687151252
1993,"BNP","Non-calcareous",5.84091011764706,5.493248,6.12368,0.236095065442294,0.115718789627295,0.387301547974528,0.12993648223359,0.0347155902349056,0.232380635750687
1994,"BNP","Calcareous",6.70392511111111,6.690224,6.710552,0.223093368350896,0.114369321548615,0.422387060040203,0.0415880783523279,0.0079130048308239,0.0859547701776567
1994,"BNP","Non-calcareous",5.83574917647059,5.523872,6.089712,0.237799803738927,0.117790564823494,0.389131633269507,0.132816625130176,0.0359913164331046,0.233276726712828
1995,"BNP","Calcareous",6.69081311111111,6.658896,6.70668,0.226905428312095,0.117013858443013,0.42438435039635,0.0435267013722789,0.00834690434096021,0.0906373809947636
1995,"BNP","Non-calcareous",5.78487482352941,5.396184,6.094552,0.239115598159079,0.119674796702947,0.39054866295995,0.142030270002409,0.0390442725824965,0.25139883324223
1996,"BNP","Calcareous",6.69615422222222,6.675616,6.706152,0.231078818744695,0.119787851933622,0.426655526625264,0.0447409536153118,0.00867367101313697,0.0944068187387615
1996,"BNP","Non-calcareous",5.79172329411765,5.433672,6.066568,0.241313652968909,0.12189119651491,0.392869558330677,0.143256473810672,0.0398630797581461,0.249489339161319
1997,"BNP","Calcareous",6.70147088888889,6.685912,6.708968,0.235405388990347,0.122628361077313,0.428926723437256,0.0459238271558519,0.00900720074926589,0.0982502395777841
1997,"BNP","Non-calcareous",5.78610164705882,5.450744,6.045976,0.243287647970212,0.123961783949691,0.39495042075486,0.145614126965342,0.0411227911571495,0.247927152165412
1998,"BNP","Calcareous",6.69999688888889,6.674296,6.713192,0.239904847845452,0.125531459439219,0.431180323312545,0.0474763250605854,0.00940640041769506,0.10283397733932
1998,"BNP","Non-calcareous",5.73180047058824,5.337576,6.03744,0.24501462621914,0.125874816813971,0.396737047463004,0.155088178733993,0.0441111593442695,0.256956449657066
1999,"BNP","Calcareous",6.693986,6.66444,6.70844,0.244737311625213,0.128546034905869,0.4336256142422,0.0492995330251442,0.00984882297304298,0.108158013504246
1999,"BNP","Non-calcareous",5.74272282352941,5.313112,6.054512,0.247311118460416,0.127991817303455,0.399041611579217,0.157009601195952,0.0455069096176694,0.263804397137524
2000,"BNP","Calcareous",6.69434044444444,6.67016,6.706416,0.249874995948316,0.131659547160849,0.436219104991285,0.0506394296756557,0.0102394723145575,0.112884440468423
2000,"BNP","Non-calcareous",5.72305223529412,5.31848,6.018344,0.250153292663116,0.130270780100182,0.402012750224787,0.160632066596388,0.0467745145998111,0.266444213266113
2001,"BNP","Calcareous",6.692402,6.662944,6.707296,0.255166596339715,0.134842613482524,0.438833165995172,0.0520690316275883,0.0106584629696063,0.117857658585566
2001,"BNP","Non-calcareous",5.70522964705882,5.259168,6.026792,0.252793212627533,0.132432781079705,0.404746705844289,0.16506266519826,0.0487426364449516,0.271791421083475
2002,"BNP","Calcareous",6.70523288888889,6.688992,6.712312,0.26071469567861,0.138124659089088,0.441591190468085,0.0534665449918042,0.0110207443013622,0.122894666692141
2002,"BNP","Non-calcareous",5.72571294117647,5.335024,6.003648,0.25585395469437,0.134720765186286,0.407829731962811,0.164894757342854,0.0491859290483801,0.262917794288422
2003,"BNP","Calcareous",6.67892088888889,6.635488,6.70228,0.266286989141873,0.141447422278797,0.444260677660475,0.0566676159263663,0.0117490903078858,0.131740466915424
2003,"BNP","Non-calcareous",5.60691294117647,5.114144,6.011656,0.258245119819143,0.136674595993804,0.410170627733124,0.187436154443405,0.0555377192030865,0.322214066379568
2004,"BNP","Calcareous",6.69653555555556,6.6662,6.710552,0.272252959899577,0.144920333003649,0.447244169378468,0.0579602767803626,0.012084378616188,0.13684560844678
2004,"BNP","Non-calcareous",5.646808,5.155944,5.9952,0.261628395432805,0.139102647548011,0.413503907398495,0.185156551288323,0.0553490804742867,0.31992505309848
2005,"BNP","Calcareous",6.68828066666667,6.65432,6.704568,0.278363604009987,0.148460979308994,0.450218529563248,0.0604692960269219,0.0126944636771008,0.144841513716071
2005,"BNP","Non-calcareous",5.61749882352941,5.115728,5.984552,0.264707570265431,0.141378722129922,0.416544800240517,0.193670214860799,0.0579969628147138,0.338133681523295
2006,"BNP","Calcareous",6.69887,6.669808,6.712048,0.284751092533429,0.152098771485536,0.453328649417948,0.0621520934205,0.013137552191082,0.151218789427803
2006,"BNP","Non-calcareous",5.62715811764706,5.125232,5.975752,0.267998123262449,0.143704711326731,0.419710186235614,0.195933933634737,0.0591287733235924,0.343499672254599
2007,"BNP","Calcareous",6.69466555555556,6.657664,6.712224,0.291368045048483,0.155817277531709,0.456536609956631,0.0646465795621655,0.0137445269104399,0.159457979140419
2007,"BNP","Non-calcareous",5.59337647058824,5.049024,5.979096,0.271380788645156,0.145987283102411,0.4229961961754,0.206618671234731,0.0625771345860253,0.373905050480845
2008,"BNP","Calcareous",6.69029,6.651328,6.70844,0.298265140886357,0.159642164479154,0.466182996736047,0.0674223001721581,0.0143990485604888,0.168643711485681
2008,"BNP","Non-calcareous",5.59088141176471,5.012064,5.979976,0.27527610381543,0.148456240181374,0.426799506164393,0.213025509329655,0.0649694228258412,0.396135840129512
2009,"BNP","Calcareous",6.68579711111111,6.64068,6.707384,0.305113071474093,0.163557349133229,0.480453686547295,0.070390847463162,0.015096084121487,0.178521487271275
2009,"BNP","Non-calcareous",5.56457458823529,4.949936,5.978392,0.279267137271617,0.15099174190411,0.430606685252568,0.224704554335781,0.0686340210560464,0.428094664886262
2010,"BNP","Calcareous",6.68337711111111,6.637336,6.70448,0.312221586107855,0.167573284975255,0.498654323709088,0.0731553999804325,0.0157665311289966,0.188233280099267
2010,"BNP","Non-calcareous",5.57959152941176,4.931016,5.985608,0.283620427168034,0.153643876273201,0.434783560945884,0.228389106677893,0.0703107274522543,0.445026422437672
2011,"BNP","Calcareous",6.65914533333333,6.593952,6.693128,0.319389514519519,0.171594856204942,0.517229883905743,0.0773429714362268,0.0167443641616996,0.201236050233457
2011,"BNP","Non-calcareous",5.52602541176471,4.81732,6.069824,0.288150719676122,0.156338465154924,0.439176504154774,0.247696791394777,0.0733819233423013,0.499704311953375
2012,"BNP","Calcareous",6.67319111111111,6.624048,6.697088,0.3261632101397,0.175373272097623,0.535267190867864,0.079127442079929,0.0172787267344867,0.209205870840445
2012,"BNP","Non-calcareous",5.54772517647059,4.842048,6.039552,0.292494927971498,0.15896776626693,0.443295304612939,0.248409092930051,0.0724725347745063,0.501223687377474
2013,"BNP","Calcareous",6.64880044444444,6.566936,6.694008,0.332449654415705,0.17886689283028,0.553065915994964,0.0833209778724607,0.0182285983072135,0.221240439841033
2013,"BNP","Non-calcareous",5.47648141176471,4.66508,6.154832,0.295888412256854,0.16117528109262,0.446071461623489,0.275019437212739,0.0703267905181183,0.588945273205925
2014,"BNP","Calcareous",6.68818288888889,6.643584,6.707296,0.338410160338322,0.181534657709939,0.570455755707481,0.0837443979896444,0.0184671771099194,0.225933745044527
2014,"BNP","Non-calcareous",5.56060941176471,4.77464,6.136968,0.299488866175046,0.163475537400752,0.449265714935112,0.260132119317494,0.0709653730842231,0.554259591994892
2015,"BNP","Calcareous",6.67871066666667,6.6222,6.704392,0.343812766968651,0.183549617293256,0.58732014893215,0.0869444808669118,0.0192805166091574,0.236110571153344
2015,"BNP","Non-calcareous",5.49312894117647,4.688928,6.091032,0.301743297367299,0.165185725363319,0.450713051611195,0.280228108050891,0.0755599167946287,0.602375614947097
2016,"BNP","Calcareous",6.68501977777778,6.636544,6.705712,0.348787111091862,0.18546127255517,0.602703052065235,0.0889879546965927,0.0198844769206882,0.243713492781114
2016,"BNP","Non-calcareous",5.50343011764706,4.674672,6.065336,0.303667345870398,0.166842369208273,0.451735265635015,0.282301783174892,0.0790702928601246,0.616974753013031
2017,"BNP","Calcareous",6.679972,6.623696,6.705008,0.353268320425057,0.187164389063341,0.617722533103209,0.0919150339699072,0.0206378211330535,0.252863560680885
2017,"BNP","Non-calcareous",5.48108847058824,4.584032,6.072816,0.304626001144844,0.168097493249761,0.451486867780347,0.294388275698924,0.0805821572476041,0.669728554282693
2018,"BNP","Calcareous",6.67918,6.62044,6.705184,0.357325034205022,0.188701856964075,0.632328496922847,0.0946171427455422,0.0213531602511859,0.261445797185101
2018,"BNP","Non-calcareous",5.45291294117647,4.508264,6.053632,0.305444744910943,0.169279559139245,0.451139014740821,0.307566710887417,0.0839468479980501,0.719475293676507
2019,"BNP","Calcareous",6.67711444444444,6.616568,6.703952,0.360906219872133,0.190086012659685,0.645718630821364,0.0964251284439718,0.0219716821363715,0.267679226004807
2019,"BNP","Non-calcareous",5.44284470588235,4.42352,6.070616,0.305742474431831,0.170273421154727,0.450162025855278,0.314294751691103,0.0841762417915758,0.766637395174609
1985,"BNPR","Calcareous",6.705756,6.693568,6.714336,0.194032237944444,0.093027777,0.406252464,0.0307382330803684,0.005329270378931,0.0601139983046314
1985,"BNPR","Non-calcareous",6.15283388235294,5.633784,6.488088,0.224964089823529,0.099587644,0.374277115,0.0861734674588894,0.0197228099480616,0.159428890634826
1986,"BNPR","Calcareous",6.70403266666667,6.689432,6.713544,0.197044151518108,0.0953347651249217,0.4079714444071,0.0319250653544251,0.00558770138338233,0.0627541583089771
1986,"BNPR","Non-calcareous",6.07048141176471,5.600168,6.39164,0.226574458168053,0.101692282125005,0.376228677720701,0.0941175790741418,0.0221106990063617,0.173851273226039
1987,"BNPR","Calcareous",6.70336044444444,6.68688,6.714512,0.200045664683203,0.0976361566856214,0.409650397548424,0.0330481591386685,0.00584781612042809,0.0653214782790488
1987,"BNPR","Non-calcareous",6.00419670588235,5.555376,6.3098,0.227959097663822,0.103734309532006,0.377942558366943,0.101303548241013,0.0242538092442258,0.185488233114873
1988,"BNPR","Calcareous",6.69857177777778,6.68028,6.710112,0.203144089133648,0.0999453816046448,0.41137475459157,0.034241258607799,0.0061247135760049,0.0680183542914364
1988,"BNPR","Non-calcareous",5.99260658823529,5.722928,6.270464,0.229327808670996,0.105754325947852,0.37960542124258,0.104045776417147,0.0258191692546809,0.194665662938494
1989,"BNPR","Calcareous",6.69699511111111,6.677376,6.708968,0.206313945824852,0.102261533622126,0.413136368681799,0.0354731601073633,0.00640649910607646,0.0708077903495128
1989,"BNPR","Non-calcareous",5.96129411764706,5.673648,6.2306,0.23087337364893,0.107804651729426,0.381404269717805,0.109148429917061,0.027505672170616,0.204182690873384
1990,"BNPR","Calcareous",6.70007266666667,6.6816,6.711256,0.209491147271654,0.104580621867625,0.414901755557699,0.0365649030531152,0.00667844703192778,0.0733903695055488
1990,"BNPR","Non-calcareous",5.91335482352941,5.619264,6.180968,0.232355042345824,0.10983883608434,0.383108024458616,0.115784489825692,0.0293762294812559,0.21206603745471
1991,"BNPR","Calcareous",6.69746688888889,6.678784,6.70844,0.212654876704067,0.106896492295653,0.416643269625018,0.037838443862328,0.00698548791670824,0.0763326975275691
1991,"BNPR","Non-calcareous",5.87256941176471,5.567696,6.146384,0.233591684038249,0.111796593044975,0.384524568264576,0.121986604179039,0.0313026401812258,0.221306999977686
1992,"BNPR","Calcareous",6.69742288888889,6.677728,6.708616,0.215960539893502,0.109300101603368,0.418476491114639,0.039082462311735,0.00729587035414669,0.0793850393260752
1992,"BNPR","Non-calcareous",5.830728,5.5134,6.120248,0.234882191315732,0.113766245130566,0.385972858652488,0.128616791640932,0.0332563249535802,0.229525762116068
1993,"BNPR","Calcareous",6.69351177777778,6.671832,6.704832,0.21937800328301,0.111785740029231,0.420360969676277,0.0405125159907207,0.0076347597439235,0.0828959687151252
1993,"BNPR","Non-calcareous",5.84091011764706,5.493248,6.12368,0.236095065442294,0.115718789627295,0.387301547974528,0.12993648223359,0.0347155902349056,0.232380635750687
1994,"BNPR","Calcareous",6.70392511111111,6.690224,6.710552,0.223093368350896,0.114369321548615,0.422387060040203,0.0415880783523279,0.0079130048308239,0.0859547701776567
1994,"BNPR","Non-calcareous",5.83574917647059,5.523872,6.089712,0.237799803738927,0.117790564823494,0.389131633269507,0.132816625130176,0.0359913164331046,0.233276726712828
1995,"BNPR","Calcareous",6.69081311111111,6.658896,6.70668,0.226905428312095,0.117013858443013,0.42438435039635,0.0435267013722789,0.00834690434096021,0.0906373809947636
1995,"BNPR","Non-calcareous",5.78487482352941,5.396184,6.094552,0.239115598159079,0.119674796702947,0.39054866295995,0.142030270002409,0.0390442725824965,0.25139883324223
1996,"BNPR","Calcareous",6.69615422222222,6.675616,6.706152,0.231078818744695,0.119787851933622,0.426655526625264,0.0447409536153118,0.00867367101313697,0.0944068187387615
1996,"BNPR","Non-calcareous",5.79172329411765,5.433672,6.066568,0.241313652968909,0.12189119651491,0.392869558330677,0.143256473810672,0.0398630797581461,0.249489339161319
1997,"BNPR","Calcareous",6.70147088888889,6.685912,6.708968,0.235405388990347,0.122628361077313,0.428926723437256,0.0459238271558519,0.00900720074926589,0.0982502395777841
1997,"BNPR","Non-calcareous",5.78610164705882,5.450744,6.045976,0.243287647970212,0.123961783949691,0.39495042075486,0.145614126965342,0.0411227911571495,0.247927152165412
1998,"BNPR","Calcareous",6.69999688888889,6.674296,6.713192,0.239904847845452,0.125531459439219,0.431180323312545,0.0474763250605854,0.00940640041769506,0.10283397733932
1998,"BNPR","Non-calcareous",5.73180047058824,5.337576,6.03744,0.24501462621914,0.125874816813971,0.396737047463004,0.155088178733993,0.0441111593442695,0.256956449657066
1999,"BNPR","Calcareous",6.693986,6.66444,6.70844,0.244737311625213,0.128546034905869,0.4336256142422,0.0492995330251442,0.00984882297304298,0.108158013504246
1999,"BNPR","Non-calcareous",5.74272282352941,5.313112,6.054512,0.247311118460416,0.127991817303455,0.399041611579217,0.157009601195952,0.0455069096176694,0.263804397137524
2000,"BNPR","Calcareous",6.69434044444444,6.67016,6.706416,0.249874995948316,0.131659547160849,0.436219104991285,0.0506394296756557,0.0102394723145575,0.112884440468423
2000,"BNPR","Non-calcareous",5.72305223529412,5.31848,6.018344,0.250153292663116,0.130270780100182,0.402012750224787,0.160632066596388,0.0467745145998111,0.266444213266113
2001,"BNPR","Calcareous",6.692402,6.662944,6.707296,0.255166596339715,0.134842613482524,0.438833165995172,0.0520690316275883,0.0106584629696063,0.117857658585566
2001,"BNPR","Non-calcareous",5.70522964705882,5.259168,6.026792,0.252793212627533,0.132432781079705,0.404746705844289,0.16506266519826,0.0487426364449516,0.271791421083475
2002,"BNPR","Calcareous",6.70523288888889,6.688992,6.712312,0.26071469567861,0.138124659089088,0.441591190468085,0.0534665449918042,0.0110207443013622,0.122894666692141
2002,"BNPR","Non-calcareous",5.72571294117647,5.335024,6.003648,0.25585395469437,0.134720765186286,0.407829731962811,0.164894757342854,0.0491859290483801,0.262917794288422
2003,"BNPR","Calcareous",6.67892088888889,6.635488,6.70228,0.266286989141873,0.141447422278797,0.444260677660475,0.0566676159263663,0.0117490903078858,0.131740466915424
2003,"BNPR","Non-calcareous",5.60691294117647,5.114144,6.011656,0.258245119819143,0.136674595993804,0.410170627733124,0.187436154443405,0.0555377192030865,0.322214066379568
2004,"BNPR","Calcareous",6.69653555555556,6.6662,6.710552,0.272252959899577,0.144920333003649,0.447244169378468,0.0579602767803626,0.012084378616188,0.13684560844678
2004,"BNPR","Non-calcareous",5.646808,5.155944,5.9952,0.261628395432805,0.139102647548011,0.413503907398495,0.185156551288323,0.0553490804742867,0.31992505309848
2005,"BNPR","Calcareous",6.68828066666667,6.65432,6.704568,0.278363604009987,0.148460979308994,0.450218529563248,0.0604692960269219,0.0126944636771008,0.144841513716071
2005,"BNPR","Non-calcareous",5.61749882352941,5.115728,5.984552,0.264707570265431,0.141378722129922,0.416544800240517,0.193670214860799,0.0579969628147138,0.338133681523295
2006,"BNPR","Calcareous",6.69887,6.669808,6.712048,0.284751092533429,0.152098771485536,0.453328649417948,0.0621520934205,0.013137552191082,0.151218789427803
2006,"BNPR","Non-calcareous",5.62715811764706,5.125232,5.975752,0.267998123262449,0.143704711326731,0.419710186235614,0.195933933634737,0.0591287733235924,0.343499672254599
2007,"BNPR","Calcareous",6.69466555555556,6.657664,6.712224,0.291368045048483,0.155817277531709,0.456536609956631,0.0646465795621655,0.0137445269104399,0.159457979140419
2007,"BNPR","Non-calcareous",5.59337647058824,5.049024,5.979096,0.271380788645156,0.145987283102411,0.4229961961754,0.206618671234731,0.0625771345860253,0.373905050480845
2008,"BNPR","Calcareous",6.69029,6.651328,6.70844,0.298265140886357,0.159642164479154,0.466182996736047,0.0674223001721581,0.0143990485604888,0.168643711485681
2008,"BNPR","Non-calcareous",5.59088141176471,5.012064,5.979976,0.27527610381543,0.148456240181374,0.426799506164393,0.213025509329655,0.0649694228258412,0.396135840129512
2009,"BNPR","Calcareous",6.68579711111111,6.64068,6.707384,0.305113071474093,0.163557349133229,0.480453686547295,0.070390847463162,0.015096084121487,0.178521487271275
2009,"BNPR","Non-calcareous",5.56457458823529,4.949936,5.978392,0.279267137271617,0.15099174190411,0.430606685252568,0.224704554335781,0.0686340210560464,0.428094664886262
2010,"BNPR","Calcareous",6.68337711111111,6.637336,6.70448,0.312221586107855,0.167573284975255,0.498654323709088,0.0731553999804325,0.0157665311289966,0.188233280099267
2010,"BNPR","Non-calcareous",5.57959152941176,4.931016,5.985608,0.283620427168034,0.153643876273201,0.434783560945884,0.228389106677893,0.0703107274522543,0.445026422437672
2011,"BNPR","Calcareous",6.65914533333333,6.593952,6.693128,0.319389514519519,0.171594856204942,0.517229883905743,0.0773429714362268,0.0167443641616996,0.201236050233457
2011,"BNPR","Non-calcareous",5.52602541176471,4.81732,6.069824,0.288150719676122,0.156338465154924,0.439176504154774,0.247696791394777,0.0733819233423013,0.499704311953375
2012,"BNPR","Calcareous",6.67319111111111,6.624048,6.697088,0.3261632101397,0.175373272097623,0.535267190867864,0.079127442079929,0.0172787267344867,0.209205870840445
2012,"BNPR","Non-calcareous",5.54772517647059,4.842048,6.039552,0.292494927971498,0.15896776626693,0.443295304612939,0.248409092930051,0.0724725347745063,0.501223687377474
2013,"BNPR","Calcareous",6.64880044444444,6.566936,6.694008,0.332449654415705,0.17886689283028,0.553065915994964,0.0833209778724607,0.0182285983072135,0.221240439841033
2013,"BNPR","Non-calcareous",5.47648141176471,4.66508,6.154832,0.295888412256854,0.16117528109262,0.446071461623489,0.275019437212739,0.0703267905181183,0.588945273205925
2014,"BNPR","Calcareous",6.68818288888889,6.643584,6.707296,0.338410160338322,0.181534657709939,0.570455755707481,0.0837443979896444,0.0184671771099194,0.225933745044527
2014,"BNPR","Non-calcareous",5.56060941176471,4.77464,6.136968,0.299488866175046,0.163475537400752,0.449265714935112,0.260132119317494,0.0709653730842231,0.554259591994892
2015,"BNPR","Calcareous",6.67871066666667,6.6222,6.704392,0.343812766968651,0.183549617293256,0.58732014893215,0.0869444808669118,0.0192805166091574,0.236110571153344
2015,"BNPR","Non-calcareous",5.49312894117647,4.688928,6.091032,0.301743297367299,0.165185725363319,0.450713051611195,0.280228108050891,0.0755599167946287,0.602375614947097
2016,"BNPR","Calcareous",6.68501977777778,6.636544,6.705712,0.348787111091862,0.18546127255517,0.602703052065235,0.0889879546965927,0.0198844769206882,0.243713492781114
2016,"BNPR","Non-calcareous",5.50343011764706,4.674672,6.065336,0.303667345870398,0.166842369208273,0.451735265635015,0.282301783174892,0.0790702928601246,0.616974753013031
2017,"BNPR","Calcareous",6.679972,6.623696,6.705008,0.353268320425057,0.187164389063341,0.617722533103209,0.0919150339699072,0.0206378211330535,0.252863560680885
2017,"BNPR","Non-calcareous",5.48108847058824,4.584032,6.072816,0.304626001144844,0.168097493249761,0.451486867780347,0.294388275698924,0.0805821572476041,0.669728554282693
2018,"BNPR","Calcareous",6.67918,6.62044,6.705184,0.357325034205022,0.188701856964075,0.632328496922847,0.0946171427455422,0.0213531602511859,0.261445797185101
2018,"BNPR","Non-calcareous",5.45291294117647,4.508264,6.053632,0.305444744910943,0.169279559139245,0.451139014740821,0.307566710887417,0.0839468479980501,0.719475293676507
2019,"BNPR","Calcareous",6.67711444444444,6.616568,6.703952,0.360906219872133,0.190086012659685,0.645718630821364,0.0964251284439718,0.0219716821363715,0.267679226004807
2019,"BNPR","Non-calcareous",5.44284470588235,4.42352,6.070616,0.305742474431831,0.170273421154727,0.450162025855278,0.314294751691103,0.0841762417915758,0.766637395174609
1985,"BNPL","Calcareous",6.705756,6.693568,6.714336,0.194032237944444,0.093027777,0.406252464,0.0307382330803684,0.005329270378931,0.0601139983046314
1985,"BNPL","Non-calcareous",6.15283388235294,5.633784,6.488088,0.224964089823529,0.099587644,0.374277115,0.0861734674588894,0.0197228099480616,0.159428890634826
1986,"BNPL","Calcareous",6.70403266666667,6.689432,6.713544,0.197044151518108,0.0953347651249217,0.4079714444071,0.0319250653544251,0.00558770138338233,0.0627541583089771
1986,"BNPL","Non-calcareous",6.07048141176471,5.600168,6.39164,0.226574458168053,0.101692282125005,0.376228677720701,0.0941175790741418,0.0221106990063617,0.173851273226039
1987,"BNPL","Calcareous",6.70336044444444,6.68688,6.714512,0.200045664683203,0.0976361566856214,0.409650397548424,0.0330481591386685,0.00584781612042809,0.0653214782790488
1987,"BNPL","Non-calcareous",6.00419670588235,5.555376,6.3098,0.227959097663822,0.103734309532006,0.377942558366943,0.101303548241013,0.0242538092442258,0.185488233114873
1988,"BNPL","Calcareous",6.69857177777778,6.68028,6.710112,0.203144089133648,0.0999453816046448,0.41137475459157,0.034241258607799,0.0061247135760049,0.0680183542914364
1988,"BNPL","Non-calcareous",5.99260658823529,5.722928,6.270464,0.229327808670996,0.105754325947852,0.37960542124258,0.104045776417147,0.0258191692546809,0.194665662938494
1989,"BNPL","Calcareous",6.69699511111111,6.677376,6.708968,0.206313945824852,0.102261533622126,0.413136368681799,0.0354731601073633,0.00640649910607646,0.0708077903495128
1989,"BNPL","Non-calcareous",5.96129411764706,5.673648,6.2306,0.23087337364893,0.107804651729426,0.381404269717805,0.109148429917061,0.027505672170616,0.204182690873384
1990,"BNPL","Calcareous",6.70007266666667,6.6816,6.711256,0.209491147271654,0.104580621867625,0.414901755557699,0.0365649030531152,0.00667844703192778,0.0733903695055488
1990,"BNPL","Non-calcareous",5.91335482352941,5.619264,6.180968,0.232355042345824,0.10983883608434,0.383108024458616,0.115784489825692,0.0293762294812559,0.21206603745471
1991,"BNPL","Calcareous",6.69746688888889,6.678784,6.70844,0.212654876704067,0.106896492295653,0.416643269625018,0.037838443862328,0.00698548791670824,0.0763326975275691
1991,"BNPL","Non-calcareous",5.87256941176471,5.567696,6.146384,0.233591684038249,0.111796593044975,0.384524568264576,0.121986604179039,0.0313026401812258,0.221306999977686
1992,"BNPL","Calcareous",6.69742288888889,6.677728,6.708616,0.215960539893502,0.109300101603368,0.418476491114639,0.039082462311735,0.00729587035414669,0.0793850393260752
1992,"BNPL","Non-calcareous",5.830728,5.5134,6.120248,0.234882191315732,0.113766245130566,0.385972858652488,0.128616791640932,0.0332563249535802,0.229525762116068
1993,"BNPL","Calcareous",6.69351177777778,6.671832,6.704832,0.21937800328301,0.111785740029231,0.420360969676277,0.0405125159907207,0.0076347597439235,0.0828959687151252
1993,"BNPL","Non-calcareous",5.84091011764706,5.493248,6.12368,0.236095065442294,0.115718789627295,0.387301547974528,0.12993648223359,0.0347155902349056,0.232380635750687
1994,"BNPL","Calcareous",6.70392511111111,6.690224,6.710552,0.223093368350896,0.114369321548615,0.422387060040203,0.0415880783523279,0.0079130048308239,0.0859547701776567
1994,"BNPL","Non-calcareous",5.83574917647059,5.523872,6.089712,0.237799803738927,0.117790564823494,0.389131633269507,0.132816625130176,0.0359913164331046,0.233276726712828
1995,"BNPL","Calcareous",6.69081311111111,6.658896,6.70668,0.226905428312095,0.117013858443013,0.42438435039635,0.0435267013722789,0.00834690434096021,0.0906373809947636
1995,"BNPL","Non-calcareous",5.78487482352941,5.396184,6.094552,0.239115598159079,0.119674796702947,0.39054866295995,0.142030270002409,0.0390442725824965,0.25139883324223
1996,"BNPL","Calcareous",6.69615422222222,6.675616,6.706152,0.231078818744695,0.119787851933622,0.426655526625264,0.0447409536153118,0.00867367101313697,0.0944068187387615
1996,"BNPL","Non-calcareous",5.79172329411765,5.433672,6.066568,0.241313652968909,0.12189119651491,0.392869558330677,0.143256473810672,0.0398630797581461,0.249489339161319
1997,"BNPL","Calcareous",6.70147088888889,6.685912,6.708968,0.235405388990347,0.122628361077313,0.428926723437256,0.0459238271558519,0.00900720074926589,0.0982502395777841
1997,"BNPL","Non-calcareous",5.78610164705882,5.450744,6.045976,0.243287647970212,0.123961783949691,0.39495042075486,0.145614126965342,0.0411227911571495,0.247927152165412
1998,"BNPL","Calcareous",6.69999688888889,6.674296,6.713192,0.239904847845452,0.125531459439219,0.431180323312545,0.0474763250605854,0.00940640041769506,0.10283397733932
1998,"BNPL","Non-calcareous",5.73180047058824,5.337576,6.03744,0.24501462621914,0.125874816813971,0.396737047463004,0.155088178733993,0.0441111593442695,0.256956449657066
1999,"BNPL","Calcareous",6.693986,6.66444,6.70844,0.244737311625213,0.128546034905869,0.4336256142422,0.0492995330251442,0.00984882297304298,0.108158013504246
1999,"BNPL","Non-calcareous",5.74272282352941,5.313112,6.054512,0.247311118460416,0.127991817303455,0.399041611579217,0.157009601195952,0.0455069096176694,0.263804397137524
2000,"BNPL","Calcareous",6.69434044444444,6.67016,6.706416,0.249874995948316,0.131659547160849,0.436219104991285,0.0506394296756557,0.0102394723145575,0.112884440468423
2000,"BNPL","Non-calcareous",5.72305223529412,5.31848,6.018344,0.250153292663116,0.130270780100182,0.402012750224787,0.160632066596388,0.0467745145998111,0.266444213266113
2001,"BNPL","Calcareous",6.692402,6.662944,6.707296,0.255166596339715,0.134842613482524,0.438833165995172,0.0520690316275883,0.0106584629696063,0.117857658585566
2001,"BNPL","Non-calcareous",5.70522964705882,5.259168,6.026792,0.252793212627533,0.132432781079705,0.404746705844289,0.16506266519826,0.0487426364449516,0.271791421083475
2002,"BNPL","Calcareous",6.70523288888889,6.688992,6.712312,0.26071469567861,0.138124659089088,0.441591190468085,0.0534665449918042,0.0110207443013622,0.122894666692141
2002,"BNPL","Non-calcareous",5.72571294117647,5.335024,6.003648,0.25585395469437,0.134720765186286,0.407829731962811,0.164894757342854,0.0491859290483801,0.262917794288422
2003,"BNPL","Calcareous",6.67892088888889,6.635488,6.70228,0.266286989141873,0.141447422278797,0.444260677660475,0.0566676159263663,0.0117490903078858,0.131740466915424
2003,"BNPL","Non-calcareous",5.60691294117647,5.114144,6.011656,0.258245119819143,0.136674595993804,0.410170627733124,0.187436154443405,0.0555377192030865,0.322214066379568
2004,"BNPL","Calcareous",6.69653555555556,6.6662,6.710552,0.272252959899577,0.144920333003649,0.447244169378468,0.0579602767803626,0.012084378616188,0.13684560844678
2004,"BNPL","Non-calcareous",5.646808,5.155944,5.9952,0.261628395432805,0.139102647548011,0.413503907398495,0.185156551288323,0.0553490804742867,0.31992505309848
2005,"BNPL","Calcareous",6.68828066666667,6.65432,6.704568,0.278363604009987,0.148460979308994,0.450218529563248,0.0604692960269219,0.0126944636771008,0.144841513716071
2005,"BNPL","Non-calcareous",5.61749882352941,5.115728,5.984552,0.264707570265431,0.141378722129922,0.416544800240517,0.193670214860799,0.0579969628147138,0.338133681523295
2006,"BNPL","Calcareous",6.69887,6.669808,6.712048,0.284751092533429,0.152098771485536,0.453328649417948,0.0621520934205,0.013137552191082,0.151218789427803
2006,"BNPL","Non-calcareous",5.62715811764706,5.125232,5.975752,0.267998123262449,0.143704711326731,0.419710186235614,0.195933933634737,0.0591287733235924,0.343499672254599
2007,"BNPL","Calcareous",6.69466555555556,6.657664,6.712224,0.291368045048483,0.155817277531709,0.456536609956631,0.0646465795621655,0.0137445269104399,0.159457979140419
2007,"BNPL","Non-calcareous",5.59337647058824,5.049024,5.979096,0.271380788645156,0.145987283102411,0.4229961961754,0.206618671234731,0.0625771345860253,0.373905050480845
2008,"BNPL","Calcareous",6.69029,6.651328,6.70844,0.298265140886357,0.159642164479154,0.466182996736047,0.0674223001721581,0.0143990485604888,0.168643711485681
2008,"BNPL","Non-calcareous",5.59088141176471,5.012064,5.979976,0.27527610381543,0.148456240181374,0.426799506164393,0.213025509329655,0.0649694228258412,0.396135840129512
2009,"BNPL","Calcareous",6.68579711111111,6.64068,6.707384,0.305113071474093,0.163557349133229,0.480453686547295,0.070390847463162,0.015096084121487,0.178521487271275
2009,"BNPL","Non-calcareous",5.56457458823529,4.949936,5.978392,0.279267137271617,0.15099174190411,0.430606685252568,0.224704554335781,0.0686340210560464,0.428094664886262
2010,"BNPL","Calcareous",6.68337711111111,6.637336,6.70448,0.312221586107855,0.167573284975255,0.498654323709088,0.0731553999804325,0.0157665311289966,0.188233280099267
2010,"BNPL","Non-calcareous",5.57959152941176,4.931016,5.985608,0.283620427168034,0.153643876273201,0.434783560945884,0.228389106677893,0.0703107274522543,0.445026422437672
2011,"BNPL","Calcareous",6.65914533333333,6.593952,6.693128,0.319389514519519,0.171594856204942,0.517229883905743,0.0773429714362268,0.0167443641616996,0.201236050233457
2011,"BNPL","Non-calcareous",5.52602541176471,4.81732,6.069824,0.288150719676122,0.156338465154924,0.439176504154774,0.247696791394777,0.0733819233423013,0.499704311953375
2012,"BNPL","Calcareous",6.67319111111111,6.624048,6.697088,0.3261632101397,0.175373272097623,0.535267190867864,0.079127442079929,0.0172787267344867,0.209205870840445
2012,"BNPL","Non-calcareous",5.54772517647059,4.842048,6.039552,0.292494927971498,0.15896776626693,0.443295304612939,0.248409092930051,0.0724725347745063,0.501223687377474
2013,"BNPL","Calcareous",6.64880044444444,6.566936,6.694008,0.332449654415705,0.17886689283028,0.553065915994964,0.0833209778724607,0.0182285983072135,0.221240439841033
2013,"BNPL","Non-calcareous",5.47648141176471,4.66508,6.154832,0.295888412256854,0.16117528109262,0.446071461623489,0.275019437212739,0.0703267905181183,0.588945273205925
2014,"BNPL","Calcareous",6.68818288888889,6.643584,6.707296,0.338410160338322,0.181534657709939,0.570455755707481,0.0837443979896444,0.0184671771099194,0.225933745044527
2014,"BNPL","Non-calcareous",5.56060941176471,4.77464,6.136968,0.299488866175046,0.163475537400752,0.449265714935112,0.260132119317494,0.0709653730842231,0.554259591994892
2015,"BNPL","Calcareous",6.67871066666667,6.6222,6.704392,0.343812766968651,0.183549617293256,0.58732014893215,0.0869444808669118,0.0192805166091574,0.236110571153344
2015,"BNPL","Non-calcareous",5.49312894117647,4.688928,6.091032,0.301743297367299,0.165185725363319,0.450713051611195,0.280228108050891,0.0755599167946287,0.602375614947097
2016,"BNPL","Calcareous",6.68501977777778,6.636544,6.705712,0.348787111091862,0.18546127255517,0.602703052065235,0.0889879546965927,0.0198844769206882,0.243713492781114
2016,"BNPL","Non-calcareous",5.50343011764706,4.674672,6.065336,0.303667345870398,0.166842369208273,0.451735265635015,0.282301783174892,0.0790702928601246,0.616974753013031
2017,"BNPL","Calcareous",6.679972,6.623696,6.705008,0.353268320425057,0.187164389063341,0.617722533103209,0.0919150339699072,0.0206378211330535,0.252863560680885
2017,"BNPL","Non-calcareous",5.48108847058824,4.584032,6.072816,0.304626001144844,0.168097493249761,0.451486867780347,0.294388275698924,0.0805821572476041,0.669728554282693
2018,"BNPL","Calcareous",6.67918,6.62044,6.705184,0.357325034205022,0.188701856964075,0.632328496922847,0.0946171427455422,0.0213531602511859,0.261445797185101
2018,"BNPL","Non-calcareous",5.45291294117647,4.508264,6.053632,0.305444744910943,0.169279559139245,0.451139014740821,0.307566710887417,0.0839468479980501,0.719475293676507
2019,"BNPL","Calcareous",6.67711444444444,6.616568,6.703952,0.360906219872133,0.190086012659685,0.645718630821364,0.0964251284439718,0.0219716821363715,0.267679226004807
2019,"BNPL","Non-calcareous",5.44284470588235,4.42352,6.070616,0.305742474431831,0.170273421154727,0.450162025855278,0.314294751691103,0.0841762417915758,0.766637395174609
1985,"BNPRLopt","Calcareous",6.705756,6.693568,6.714336,0.194032237944444,0.093027777,0.406252464,0.0307382330803684,0.005329270378931,0.0601139983046314
1985,"BNPRLopt","Non-calcareous",6.15283388235294,5.633784,6.488088,0.224964089823529,0.099587644,0.374277115,0.0861734674588894,0.0197228099480616,0.159428890634826
1986,"BNPRLopt","Calcareous",6.70403266666667,6.689432,6.713544,0.197044151518108,0.0953347651249217,0.4079714444071,0.0319250653544251,0.00558770138338233,0.0627541583089771
1986,"BNPRLopt","Non-calcareous",6.07048141176471,5.600168,6.39164,0.226574458168053,0.101692282125005,0.376228677720701,0.0941175790741418,0.0221106990063617,0.173851273226039
1987,"BNPRLopt","Calcareous",6.70336044444444,6.68688,6.714512,0.200045664683203,0.0976361566856214,0.409650397548424,0.0330481591386685,0.00584781612042809,0.0653214782790488
1987,"BNPRLopt","Non-calcareous",6.00419670588235,5.555376,6.3098,0.227959097663822,0.103734309532006,0.377942558366943,0.101303548241013,0.0242538092442258,0.185488233114873
1988,"BNPRLopt","Calcareous",6.69857177777778,6.68028,6.710112,0.203144089133648,0.0999453816046448,0.41137475459157,0.034241258607799,0.0061247135760049,0.0680183542914364
1988,"BNPRLopt","Non-calcareous",5.99260658823529,5.722928,6.270464,0.229327808670996,0.105754325947852,0.37960542124258,0.104045776417147,0.0258191692546809,0.194665662938494
1989,"BNPRLopt","Calcareous",6.69699511111111,6.677376,6.708968,0.206313945824852,0.102261533622126,0.413136368681799,0.0354731601073633,0.00640649910607646,0.0708077903495128
1989,"BNPRLopt","Non-calcareous",5.96129411764706,5.673648,6.2306,0.23087337364893,0.107804651729426,0.381404269717805,0.109148429917061,0.027505672170616,0.204182690873384
1990,"BNPRLopt","Calcareous",6.70007266666667,6.6816,6.711256,0.209491147271654,0.104580621867625,0.414901755557699,0.0365649030531152,0.00667844703192778,0.0733903695055488
1990,"BNPRLopt","Non-calcareous",5.91335482352941,5.619264,6.180968,0.232355042345824,0.10983883608434,0.383108024458616,0.115784489825692,0.0293762294812559,0.21206603745471
1991,"BNPRLopt","Calcareous",6.69746688888889,6.678784,6.70844,0.212654876704067,0.106896492295653,0.416643269625018,0.037838443862328,0.00698548791670824,0.0763326975275691
1991,"BNPRLopt","Non-calcareous",5.87256941176471,5.567696,6.146384,0.233591684038249,0.111796593044975,0.384524568264576,0.121986604179039,0.0313026401812258,0.221306999977686
1992,"BNPRLopt","Calcareous",6.69742288888889,6.677728,6.708616,0.215960539893502,0.109300101603368,0.418476491114639,0.039082462311735,0.00729587035414669,0.0793850393260752
1992,"BNPRLopt","Non-calcareous",5.830728,5.5134,6.120248,0.234882191315732,0.113766245130566,0.385972858652488,0.128616791640932,0.0332563249535802,0.229525762116068
1993,"BNPRLopt","Calcareous",6.69351177777778,6.671832,6.704832,0.21937800328301,0.111785740029231,0.420360969676277,0.0405125159907207,0.0076347597439235,0.0828959687151252
1993,"BNPRLopt","Non-calcareous",5.84091011764706,5.493248,6.12368,0.236095065442294,0.115718789627295,0.387301547974528,0.12993648223359,0.0347155902349056,0.232380635750687
1994,"BNPRLopt","Calcareous",6.70392511111111,6.690224,6.710552,0.223093368350896,0.114369321548615,0.422387060040203,0.0415880783523279,0.0079130048308239,0.0859547701776567
1994,"BNPRLopt","Non-calcareous",5.83574917647059,5.523872,6.089712,0.237799803738927,0.117790564823494,0.389131633269507,0.132816625130176,0.0359913164331046,0.233276726712828
1995,"BNPRLopt","Calcareous",6.69081311111111,6.658896,6.70668,0.226905428312095,0.117013858443013,0.42438435039635,0.0435267013722789,0.00834690434096021,0.0906373809947636
1995,"BNPRLopt","Non-calcareous",5.78487482352941,5.396184,6.094552,0.239115598159079,0.119674796702947,0.39054866295995,0.142030270002409,0.0390442725824965,0.25139883324223
1996,"BNPRLopt","Calcareous",6.69615422222222,6.675616,6.706152,0.231078818744695,0.119787851933622,0.426655526625264,0.0447409536153118,0.00867367101313697,0.0944068187387615
1996,"BNPRLopt","Non-calcareous",5.79172329411765,5.433672,6.066568,0.241313652968909,0.12189119651491,0.392869558330677,0.143256473810672,0.0398630797581461,0.249489339161319
1997,"BNPRLopt","Calcareous",6.70147088888889,6.685912,6.708968,0.235405388990347,0.122628361077313,0.428926723437256,0.0459238271558519,0.00900720074926589,0.0982502395777841
1997,"BNPRLopt","Non-calcareous",5.78610164705882,5.450744,6.045976,0.243287647970212,0.123961783949691,0.39495042075486,0.145614126965342,0.0411227911571495,0.247927152165412
1998,"BNPRLopt","Calcareous",6.69999688888889,6.674296,6.713192,0.239904847845452,0.125531459439219,0.431180323312545,0.0474763250605854,0.00940640041769506,0.10283397733932
1998,"BNPRLopt","Non-calcareous",5.73180047058824,5.337576,6.03744,0.24501462621914,0.125874816813971,0.396737047463004,0.155088178733993,0.0441111593442695,0.256956449657066
1999,"BNPRLopt","Calcareous",6.693986,6.66444,6.70844,0.244737311625213,0.128546034905869,0.4336256142422,0.0492995330251442,0.00984882297304298,0.108158013504246
1999,"BNPRLopt","Non-calcareous",5.74272282352941,5.313112,6.054512,0.247311118460416,0.127991817303455,0.399041611579217,0.157009601195952,0.0455069096176694,0.263804397137524
2000,"BNPRLopt","Calcareous",6.69434044444444,6.67016,6.706416,0.249874995948316,0.131659547160849,0.436219104991285,0.0506394296756557,0.0102394723145575,0.112884440468423
2000,"BNPRLopt","Non-calcareous",5.72305223529412,5.31848,6.018344,0.250153292663116,0.130270780100182,0.402012750224787,0.160632066596388,0.0467745145998111,0.266444213266113
2001,"BNPRLopt","Calcareous",6.692402,6.662944,6.707296,0.255166596339715,0.134842613482524,0.438833165995172,0.0520690316275883,0.0106584629696063,0.117857658585566
2001,"BNPRLopt","Non-calcareous",5.70522964705882,5.259168,6.026792,0.252793212627533,0.132432781079705,0.404746705844289,0.16506266519826,0.0487426364449516,0.271791421083475
2002,"BNPRLopt","Calcareous",6.70523288888889,6.688992,6.712312,0.26071469567861,0.138124659089088,0.441591190468085,0.0534665449918042,0.0110207443013622,0.122894666692141
2002,"BNPRLopt","Non-calcareous",5.72571294117647,5.335024,6.003648,0.25585395469437,0.134720765186286,0.407829731962811,0.164894757342854,0.0491859290483801,0.262917794288422
2003,"BNPRLopt","Calcareous",6.67892088888889,6.635488,6.70228,0.266286989141873,0.141447422278797,0.444260677660475,0.0566676159263663,0.0117490903078858,0.131740466915424
2003,"BNPRLopt","Non-calcareous",5.60691294117647,5.114144,6.011656,0.258245119819143,0.136674595993804,0.410170627733124,0.187436154443405,0.0555377192030865,0.322214066379568
2004,"BNPRLopt","Calcareous",6.69653555555556,6.6662,6.710552,0.272252959899577,0.144920333003649,0.447244169378468,0.0579602767803626,0.012084378616188,0.13684560844678
2004,"BNPRLopt","Non-calcareous",5.646808,5.155944,5.9952,0.261628395432805,0.139102647548011,0.413503907398495,0.185156551288323,0.0553490804742867,0.31992505309848
2005,"BNPRLopt","Calcareous",6.68828066666667,6.65432,6.704568,0.278363604009987,0.148460979308994,0.450218529563248,0.0604692960269219,0.0126944636771008,0.144841513716071
2005,"BNPRLopt","Non-calcareous",5.61749882352941,5.115728,5.984552,0.264707570265431,0.141378722129922,0.416544800240517,0.193670214860799,0.0579969628147138,0.338133681523295
2006,"BNPRLopt","Calcareous",6.69887,6.669808,6.712048,0.284751092533429,0.152098771485536,0.453328649417948,0.0621520934205,0.013137552191082,0.151218789427803
2006,"BNPRLopt","Non-calcareous",5.62715811764706,5.125232,5.975752,0.267998123262449,0.143704711326731,0.419710186235614,0.195933933634737,0.0591287733235924,0.343499672254599
2007,"BNPRLopt","Calcareous",6.69466555555556,6.657664,6.712224,0.291368045048483,0.155817277531709,0.456536609956631,0.0646465795621655,0.0137445269104399,0.159457979140419
2007,"BNPRLopt","Non-calcareous",5.59337647058824,5.049024,5.979096,0.271380788645156,0.145987283102411,0.4229961961754,0.206618671234731,0.0625771345860253,0.373905050480845
2008,"BNPRLopt","Calcareous",6.69029,6.651328,6.70844,0.298265140886357,0.159642164479154,0.466182996736047,0.0674223001721581,0.0143990485604888,0.168643711485681
2008,"BNPRLopt","Non-calcareous",5.59088141176471,5.012064,5.979976,0.27527610381543,0.148456240181374,0.426799506164393,0.213025509329655,0.0649694228258412,0.396135840129512
2009,"BNPRLopt","Calcareous",6.68579711111111,6.64068,6.707384,0.305113071474093,0.163557349133229,0.480453686547295,0.070390847463162,0.015096084121487,0.178521487271275
2009,"BNPRLopt","Non-calcareous",5.56457458823529,4.949936,5.978392,0.279267137271617,0.15099174190411,0.430606685252568,0.224704554335781,0.0686340210560464,0.428094664886262
2010,"BNPRLopt","Calcareous",6.68337711111111,6.637336,6.70448,0.312221586107855,0.167573284975255,0.498654323709088,0.0731553999804325,0.0157665311289966,0.188233280099267
2010,"BNPRLopt","Non-calcareous",5.57959152941176,4.931016,5.985608,0.283620427168034,0.153643876273201,0.434783560945884,0.228389106677893,0.0703107274522543,0.445026422437672
2011,"BNPRLopt","Calcareous",6.65914533333333,6.593952,6.693128,0.319389514519519,0.171594856204942,0.517229883905743,0.0773429714362268,0.0167443641616996,0.201236050233457
2011,"BNPRLopt","Non-calcareous",5.52602541176471,4.81732,6.069824,0.288150719676122,0.156338465154924,0.439176504154774,0.247696791394777,0.0733819233423013,0.499704311953375
2012,"BNPRLopt","Calcareous",6.67319111111111,6.624048,6.697088,0.3261632101397,0.175373272097623,0.535267190867864,0.079127442079929,0.0172787267344867,0.209205870840445
2012,"BNPRLopt","Non-calcareous",5.54772517647059,4.842048,6.039552,0.292494927971498,0.15896776626693,0.443295304612939,0.248409092930051,0.0724725347745063,0.501223687377474
2013,"BNPRLopt","Calcareous",6.64880044444444,6.566936,6.694008,0.332449654415705,0.17886689283028,0.553065915994964,0.0833209778724607,0.0182285983072135,0.221240439841033
2013,"BNPRLopt","Non-calcareous",5.47648141176471,4.66508,6.154832,0.295888412256854,0.16117528109262,0.446071461623489,0.275019437212739,0.0703267905181183,0.588945273205925
2014,"BNPRLopt","Calcareous",6.68818288888889,6.643584,6.707296,0.338410160338322,0.181534657709939,0.570455755707481,0.0837443979896444,0.0184671771099194,0.225933745044527
2014,"BNPRLopt","Non-calcareous",5.56060941176471,4.77464,6.136968,0.299488866175046,0.163475537400752,0.449265714935112,0.260132119317494,0.0709653730842231,0.554259591994892
2015,"BNPRLopt","Calcareous",6.67871066666667,6.6222,6.704392,0.343812766968651,0.183549617293256,0.58732014893215,0.0869444808669118,0.0192805166091574,0.236110571153344
2015,"BNPRLopt","Non-calcareous",5.49312894117647,4.688928,6.091032,0.301743297367299,0.165185725363319,0.450713051611195,0.280228108050891,0.0755599167946287,0.602375614947097
2016,"BNPRLopt","Calcareous",6.68501977777778,6.636544,6.705712,0.348787111091862,0.18546127255517,0.602703052065235,0.0889879546965927,0.0198844769206882,0.243713492781114
2016,"BNPRLopt","Non-calcareous",5.50343011764706,4.674672,6.065336,0.303667345870398,0.166842369208273,0.451735265635015,0.282301783174892,0.0790702928601246,0.616974753013031
2017,"BNPRLopt","Calcareous",6.679972,6.623696,6.705008,0.353268320425057,0.187164389063341,0.617722533103209,0.0919150339699072,0.0206378211330535,0.252863560680885
2017,"BNPRLopt","Non-calcareous",5.48108847058824,4.584032,6.072816,0.304626001144844,0.168097493249761,0.451486867780347,0.294388275698924,0.0805821572476041,0.669728554282693
2018,"BNPRLopt","Calcareous",6.67918,6.62044,6.705184,0.357325034205022,0.188701856964075,0.632328496922847,0.0946171427455422,0.0213531602511859,0.261445797185101
2018,"BNPRLopt","Non-calcareous",5.45291294117647,4.508264,6.053632,0.305444744910943,0.169279559139245,0.451139014740821,0.307566710887417,0.0839468479980501,0.719475293676507
2019,"BNPRLopt","Calcareous",6.67711444444444,6.616568,6.703952,0.360906219872133,0.190086012659685,0.645718630821364,0.0964251284439718,0.0219716821363715,0.267679226004807
2019,"BNPRLopt","Non-calcareous",5.44284470588235,4.42352,6.070616,0.305742474431831,0.170273421154727,0.450162025855278,0.314294751691103,0.0841762417915758,0.766637395174609
