site,ID,Year,dep,irr,CEC,clay,bulkdens,soil_type,SOC,pH,PS,fer,man,soilCd,rice_yield,straw_yield,straw_recy
QY003,QY003,1985,5.53060379,1.42678499,146.8921708,19.06604815,1399.999976,Calcareous,2.572321472,6.70404,1.47,0.587683167,11.5103838,0.262975261,15.73710834,15.4695775,0.3
QY003,QY003,1986,5.53060379,1.42678499,146.8921708,18.79340997,1399.999976,Calcareous,2.550000043,6.700344,1.48,0.633537211,11.88422633,0.26893932,16.7649229,16.47991921,0.3185
QY003,QY003,1987,5.53060379,1.42678499,146.8921708,18.52077179,1399.999976,Calcareous,2.531678615,6.698848,1.53,0.749629729,12.94208102,0.274983152,15.21461585,14.95596738,0.337
QY003,QY003,1988,5.53060379,1.42678499,146.8921708,18.24813361,1399.999976,Calcareous,2.520428614,6.691104,1.2,0.752938192,13.77874308,0.281489107,15.32244577,15.06196419,0.3555
QY003,QY003,1989,5.53060379,1.42678499,146.8921708,17.97549542,1399.999976,Calcareous,2.503107185,6.688024,1.2,0.850917584,13.80217891,0.288306964,15.32140179,15.06093796,0.374
QY003,QY003,1990,5.53060379,1.42678499,146.8921708,17.70285724,1399.999976,Calcareous,2.4886429,6.69128,1.47,0.950017333,13.82601521,0.295146293,15,14.745,0.3925
QY003,QY003,1991,5.856724548,1.42678499,146.8921708,17.43021906,1399.999976,Calcareous,2.475250042,6.688024,1.48,0.974601578,13.138329,0.301993825,14.78166585,14.53037753,0.411
QY003,QY003,1992,6.182845306,1.42678499,146.8921708,17.15758088,1399.999976,Calcareous,2.463107185,6.688112,1.53,0.997158103,12.46263933,0.308709036,15.64085866,15.37496406,0.4295
QY003,QY003,1993,6.508966064,1.42678499,146.8921708,16.8849427,1399.999976,Calcareous,2.451178613,6.68116,1.2,1.040559206,13.90224558,0.315240632,15.64085866,15.37496406,0.448
QY003,QY003,1994,6.835086822,1.42678499,146.8921708,16.61230452,1399.999976,Calcareous,2.438714327,6.694976,1.95,1.005388128,14.23326342,0.322443013,15.51288837,15.24916926,0.4665
QY003,QY003,1995,7.16120758,1.42678499,146.8921708,16.33966634,1399.999976,Calcareous,2.425928613,6.673592,0.89,1.213427679,14.68348816,0.329757587,15.41770864,15.1556076,0.485
QY003,QY003,1996,7.487328338,1.42678499,146.8921708,16.06702816,1399.999976,Calcareous,2.42507147,6.683888,1.47,1.156827478,15.66303148,0.337551732,15.11319015,14.85626592,0.5035
QY003,QY003,1997,7.813449096,1.42678499,146.8921708,15.79438998,1399.999976,Calcareous,2.429285756,6.691544,1.98,1.089113918,17.24749587,0.345712628,15.50060251,15.23709227,0.522
QY003,QY003,1998,8.139569854,1.42678499,146.8921708,15.5217518,1399.999976,Calcareous,2.430785756,6.687496,1.33,1.125826793,18.51592208,0.354424941,15.83063042,15.5615097,0.5405
QY003,QY003,1999,8.465690612,1.42678499,146.8921708,15.24911362,1399.999976,Calcareous,2.433392899,6.677904,1,1.149765673,19.98527732,0.363790062,15.75951169,15.49159999,0.559
QY003,QY003,2000,8.79181137,1.42678499,146.8921708,14.97647544,1399.999976,Calcareous,2.45282147,6.680632,1.41,1.221607611,20.52136685,0.373842303,15.67105806,15.40465007,0.5775
QY003,QY003,2001,9.117932128,1.42678499,146.8921708,14.70383725,1399.999976,Calcareous,2.474964328,6.676848,1.14,1.208337495,21.15442361,0.384157939,15.5503896,15.28603298,0.596
QY003,QY003,2002,9.444052886,1.42678499,146.8921708,14.43119907,1399.999976,Calcareous,2.472785756,6.694624,2.09,1.194577376,21.17076746,0.394857994,15.59614792,15.3310134,0.6145
QY003,QY003,2003,9.770173644,1.42678499,146.8921708,14.15856089,1399.999976,Calcareous,2.469357185,6.656608,0.85,1.489215673,21.36983013,0.405501555,16.2228485,15.94706008,0.633
QY003,QY003,2004,10.0962944,1.42678499,146.8921708,13.88592271,1399.999976,Calcareous,2.469821471,6.677552,1.31,1.663700632,22.27656051,0.416577303,17.48399949,17.1867715,0.6515
QY003,QY003,2005,10.42241516,1.42678499,146.8921708,13.61328453,1399.999976,Calcareous,2.473250042,6.667344,1.31,1.854681703,23.24748988,0.428001051,16.39821685,16.11944716,0.67
QY003,QY003,2006,10.74853592,1.42678499,146.8921708,13.34064635,1399.999976,Calcareous,2.477928614,6.679488,1.55,1.863821913,24.15608281,0.439991316,14.88082623,14.62785219,0.6885
QY003,QY003,2007,11.07465668,1.42678499,146.8921708,13.06800817,1399.999976,Calcareous,2.483571471,6.671304,1.18,1.879502208,24.79250597,0.452462318,14.68242441,14.43282319,0.707
QY003,QY003,2008,11.40077743,1.42678499,146.8921708,12.79536999,1399.999976,Calcareous,2.484500042,6.664616,1.11,1.904706405,20.46756379,0.465350391,14.52823744,14.2812574,0.7255
QY003,QY003,2009,11.72689819,1.42678499,146.8921708,12.52273181,1399.999976,Calcareous,2.480785757,6.656168,0.95,1.954116711,20.99391887,0.476822255,13.71517355,13.4820156,0.744
QY003,QY003,2010,11.72689819,1.42678499,146.8921708,12.25009363,1399.999976,Calcareous,2.486571471,6.651592,0.91,1.97843917,21.53791133,0.488680362,12.83406594,12.61588682,0.7625
QY003,QY003,2011,10.85823907,1.42678499,146.8921708,11.97745545,1399.999976,Calcareous,2.492607185,6.615864,0.6,2.037449771,21.19601705,0.500792642,13.04084408,12.81914973,0.781
QY003,QY003,2012,9.989579941,1.42678499,146.8921708,11.70481727,1399.999976,Calcareous,2.500178614,6.64024,0.98,2.077028556,21.52874846,0.512522168,13.26150926,13.0360636,0.7995
QY003,QY003,2013,9.120920816,1.42678499,146.8921708,11.43217908,1399.999976,Calcareous,2.5073929,6.593512,0.43,2.115605831,21.28179011,0.523982739,13.285913,13.06005248,0.818
QY003,QY003,2014,8.252261691,1.42678499,146.8921708,11.1595409,1399.999976,Calcareous,2.501607185,6.654672,1.16,2.226874528,21.24,0.535161789,13.22632715,13.00147959,0.8365
QY003,QY003,2015,7.383602565,1.42678499,146.8921708,10.88690272,1399.999976,Calcareous,2.507035757,6.639272,0.93,2.754890864,19.35903471,0.545912235,13.22749422,13.00262682,0.84
QY003,QY003,2016,6.51494344,1.42678499,146.8921708,10.61426454,1399.999976,Calcareous,2.513250043,6.650096,1.24,2.819332136,19.50082259,0.555891675,13.22871954,13.0038313,0.84
QY003,QY003,2017,5.646284315,1.42678499,146.8921708,10.34162636,1399.999976,Calcareous,2.516071471,6.639448,0.95,2.599226283,19.41819342,0.565532889,13.6803888,13.44782219,0.84
QY003,QY003,2018,4.777625189,1.42678499,146.8921708,10.06898818,1399.999976,Calcareous,2.516250043,6.636896,0.93,2.724368754,18.03891103,0.574766373,12.99037087,12.76953456,0.84
QY003,QY003,2019,3.908966064,1.42678499,146.8921708,9.79635,1399.999976,Calcareous,2.540428615,6.633024,0.91,2.714193639,17.05949009,0.583259078,12.7021231,12.486187,0.84
QY024,QY024,1985,6.399752462,1.305510142,209.2839037,18.10679836,1250,Calcareous,1.98256,6.714336,1.47,0.117534774,0,0.190453879,15.73710834,15.4695775,0.3
QY024,QY024,1986,6.399752462,1.305510142,209.2839037,17.84787713,1250,Calcareous,1.96776,6.713544,1.48,0.121300702,0,0.192617731,16.7649229,16.47991921,0.3185
QY024,QY024,1987,6.399752462,1.305510142,209.2839037,17.5889559,1250,Calcareous,1.96056,6.714512,1.53,0.144544515,0,0.194717742,15.21461585,14.95596738,0.337
QY024,QY024,1988,6.399752462,1.305510142,209.2839037,17.33003468,1250,Calcareous,1.96128,6.710112,1.2,0.150055098,0,0.196893103,15.32244577,15.06196419,0.3555
QY024,QY024,1989,6.399752462,1.305510142,209.2839037,17.07111345,1250,Calcareous,1.95536,6.708968,1.2,0.168879889,0,0.199102084,15.32140179,15.06093796,0.374
QY024,QY024,1990,6.399752462,1.305510142,209.2839037,16.81219222,1250,Calcareous,1.95292,6.711256,1.47,0.187888993,0,0.201312394,15,14.745,0.3925
QY024,QY024,1991,6.899702954,1.305510142,209.2839037,16.553271,1250,Calcareous,1.95168,6.70844,1.48,0.195704592,0,0.20350944,14.78166585,14.53037753,0.411
QY024,QY024,1992,7.399653447,1.305510142,209.2839037,16.29434977,1250,Calcareous,1.95224,6.708616,1.53,0.201684955,0,0.205914305,15.64085866,15.37496406,0.4295
QY024,QY024,1993,7.899603939,1.305510142,209.2839037,16.03542855,1250,Calcareous,1.95304,6.704832,1.2,0.211081404,0,0.208468929,15.64085866,15.37496406,0.448
QY024,QY024,1994,8.399554431,1.305510142,209.2839037,15.77650732,1250,Calcareous,1.9522,6.710552,1.95,0.20772572,0,0.21126771,15.51288837,15.24916926,0.4665
QY024,QY024,1995,8.899504924,1.305510142,209.2839037,15.51758609,1250,Calcareous,1.95104,6.70668,0.89,0.240823357,0,0.214166956,15.41770864,15.1556076,0.485
QY024,QY024,1996,9.399455416,1.305510142,209.2839037,15.25866487,1250,Calcareous,1.96296,6.706152,1.47,0.240218974,0,0.217428283,15.11319015,14.85626592,0.5035
QY024,QY024,1997,9.899405909,1.305510142,209.2839037,14.99974364,1250,Calcareous,1.98016,6.708968,1.98,0.232057787,0,0.220822806,15.50060251,15.23709227,0.522
QY024,QY024,1998,10.3993564,1.305510142,209.2839037,14.74082242,1250,Calcareous,1.99384,6.712136,1.33,0.244620199,0,0.224327908,15.83063042,15.5615097,0.5405
QY024,QY024,1999,10.89930689,1.305510142,209.2839037,14.48190119,1250,Calcareous,2.00844,6.70844,1,0.248663379,0,0.228123126,15.75951169,15.49159999,0.559
QY024,QY024,2000,11.39925739,1.305510142,209.2839037,14.22297996,1250,Calcareous,2.04156,6.706416,1.41,0.252484533,0,0.232172577,15.67105806,15.40465007,0.5775
QY024,QY024,2001,11.89920788,1.305510142,209.2839037,13.96405874,1250,Calcareous,2.07804,6.706328,1.14,0.257892875,0,0.236378342,15.5503896,15.28603298,0.596
QY024,QY024,2002,12.39915837,1.305510142,209.2839037,13.70513751,1250,Calcareous,2.08724,6.712048,2.09,0.247920858,0,0.240846884,15.59614792,15.3310134,0.6145
QY024,QY024,2003,12.89910886,1.305510142,209.2839037,13.44621628,1250,Calcareous,2.09504,6.697088,0.85,0.300830631,0,0.245371313,16.2228485,15.94706008,0.633
QY024,QY024,2004,13.39905936,1.305510142,209.2839037,13.18729506,1250,Calcareous,2.10696,6.708,1.31,0.328735466,0,0.250259839,17.48399949,17.1867715,0.6515
QY024,QY024,2005,13.89900985,1.305510142,209.2839037,12.92837383,1250,Calcareous,2.1218,6.700784,1.31,0.35932762,0,0.255238264,16.39821685,16.11944716,0.67
QY024,QY024,2006,14.39896034,1.305510142,209.2839037,12.66945261,1250,Calcareous,2.13768,6.70888,1.55,0.359219272,0,0.26047591,14.88082623,14.62785219,0.6885
QY024,QY024,2007,14.89891083,1.305510142,209.2839037,12.41053138,1250,Calcareous,2.1544,6.70712,1.18,0.365469199,0,0.265956603,14.68242441,14.43282319,0.707
QY024,QY024,2008,15.39886132,1.305510142,209.2839037,12.15161015,1250,Calcareous,2.16584,6.702896,1.11,0.370831327,0,0.271708709,14.52823744,14.2812574,0.7255
QY024,QY024,2009,15.89881182,1.305510142,209.2839037,11.89268893,1250,Calcareous,2.17424,6.700784,0.95,0.381475967,0,0.277677687,13.71517355,13.4820156,0.744
QY024,QY024,2010,15.89881182,1.305510142,209.2839037,11.6337677,1250,Calcareous,2.19172,6.698056,0.91,0.386930229,0,0.283912345,12.83406594,12.61588682,0.7625
QY024,QY024,2011,14.72112205,1.305510142,209.2839037,11.37484648,1250,Calcareous,2.20916,6.68116,0.6,0.401344279,0,0.290197547,13.04084408,12.81914973,0.781
QY024,QY024,2012,13.54343229,1.305510142,209.2839037,11.11592525,1250,Calcareous,2.2284,6.689168,0.98,0.411542702,0,0.296053987,13.26150926,13.0360636,0.7995
QY024,QY024,2013,12.36574252,1.305510142,209.2839037,10.85700402,1250,Calcareous,2.24692,6.676584,0.43,0.418390721,0,0.301376855,13.285913,13.06005248,0.818
QY024,QY024,2014,11.18805276,1.305510142,209.2839037,10.5980828,1250,Calcareous,2.25092,6.70184,1.16,0.443563265,0,0.306328778,13.22632715,13.00147959,0.8365
QY024,QY024,2015,10.010363,1.305510142,209.2839037,10.33916157,1250,Calcareous,2.26716,6.696736,0.93,0.498657902,0,0.310710559,13.22749422,13.00262682,0.84
QY024,QY024,2016,8.832673232,1.305510142,209.2839037,10.08024035,1250,Calcareous,2.28504,6.699816,1.24,0.508845197,0,0.31467293,13.22871954,13.0038313,0.84
QY024,QY024,2017,7.654983467,1.305510142,209.2839037,9.821319119,1250,Calcareous,2.29844,6.69744,0.95,0.483541607,0,0.318103608,13.6803888,13.44782219,0.84
QY024,QY024,2018,6.477293703,1.305510142,209.2839037,9.562397893,1250,Calcareous,2.30872,6.697968,0.93,0.497000137,0,0.321071612,12.99037087,12.76953456,0.84
QY024,QY024,2019,5.299603939,1.305510142,209.2839037,9.303476667,1250,Calcareous,2.34624,6.695944,0.91,0.496447491,0,0.323598167,12.7021231,12.486187,0.84
QY031,QY031,1985,6.659197176,1.15037538,89.17338403,13.6593675,1250,Non-calcareous,1.98116,5.953664,1.47,0.308869647,10.07971463,0.245216645,13.63882723,13.40696716,0.3
QY031,QY031,1986,6.659197176,1.15037538,89.17338403,13.46404306,1250,Non-calcareous,1.97092,5.851848,1.48,0.324713341,10.40709085,0.249891335,14.52959985,14.28259665,0.3185
QY031,QY031,1987,6.659197176,1.15037538,89.17338403,13.26871863,1250,Non-calcareous,1.96348,5.765168,1.53,0.39296148,11.33346078,0.254228253,13.18600041,12.9618384,0.337
QY031,QY031,1988,6.659197176,1.15037538,89.17338403,13.07339419,1250,Non-calcareous,1.96292,5.722928,1.2,0.406423646,12.06613094,0.258807565,13.279453,13.0537023,0.3555
QY031,QY031,1989,6.659197176,1.15037538,89.17338403,12.87806975,1250,Non-calcareous,1.95632,5.673648,1.2,0.465814237,12.08665385,0.263746781,13.27854822,13.0528129,0.374
QY031,QY031,1990,6.659197176,1.15037538,89.17338403,12.68274532,1250,Non-calcareous,1.95216,5.619264,1.47,0.525656686,12.10752745,0.268502968,13,12.779,0.3925
QY031,QY031,1991,7.211036611,1.15037538,89.17338403,12.48742088,1250,Non-calcareous,1.94884,5.567696,1.48,0.54783654,11.50531636,0.272837971,12.81077707,12.59299386,0.411
QY031,QY031,1992,7.762876046,1.15037538,89.17338403,12.29209645,1250,Non-calcareous,1.9464,5.5134,1.53,0.567451169,10.91361071,0.276922899,13.55541084,13.32496885,0.4295
QY031,QY031,1993,8.314715481,1.15037538,89.17338403,12.09677201,1250,Non-calcareous,1.94396,5.493248,1.2,0.591376337,12.17428285,0.28049851,13.55541084,13.32496885,0.448
QY031,QY031,1994,8.866554916,1.15037538,89.17338403,11.90144757,1250,Non-calcareous,1.94112,5.523872,1.95,0.579027757,12.46415724,0.285084013,13.44450325,13.2159467,0.4665
QY031,QY031,1995,9.418394351,1.15037538,89.17338403,11.70612314,1250,Non-calcareous,1.93776,5.396184,0.89,0.676592036,12.85842184,0.289204376,13.36201416,13.13485992,0.485
QY031,QY031,1996,9.970233786,1.15037538,89.17338403,11.5107987,1250,Non-calcareous,1.94584,5.433672,1.47,0.665784351,13.716214,0.294491522,13.09809813,12.87543046,0.5035
QY031,QY031,1997,10.52207322,1.15037538,89.17338403,11.31547426,1250,Non-calcareous,1.95888,5.450744,1.98,0.635341895,15.10373932,0.299704851,13.43385551,13.20547997,0.522
QY031,QY031,1998,11.07391266,1.15037538,89.17338403,11.12014983,1250,Non-calcareous,1.96944,5.337576,1.33,0.664909612,16.21450803,0.304968455,13.7198797,13.48664174,0.5405
QY031,QY031,1999,11.62575209,1.15037538,89.17338403,10.92482539,1250,Non-calcareous,1.98096,5.313112,1,0.679072946,17.50123155,0.311119678,13.65824346,13.42605333,0.559
QY031,QY031,2000,12.17759153,1.15037538,89.17338403,10.72950096,1250,Non-calcareous,2.00884,5.31848,1.41,0.695594592,17.97068848,0.318443248,13.58158365,13.35069673,0.5775
QY031,QY031,2001,12.72943096,1.15037538,89.17338403,10.53417652,1250,Non-calcareous,2.03932,5.259168,1.14,0.701078848,18.52506022,0.325507599,13.47700432,13.24789525,0.596
QY031,QY031,2002,13.2812704,1.15037538,89.17338403,10.33885208,1250,Non-calcareous,2.04616,5.335024,2.09,0.685357854,18.53937264,0.33320837,13.51666153,13.28687828,0.6145
QY031,QY031,2003,13.83310983,1.15037538,89.17338403,10.14352765,1250,Non-calcareous,2.05144,5.114144,0.85,0.844368664,18.71369305,0.339799773,14.05980204,13.8207854,0.633
QY031,QY031,2004,14.38494927,1.15037538,89.17338403,9.948203211,1250,Non-calcareous,2.06032,5.155944,1.31,0.921171498,19.50772248,0.347572231,15.15279956,14.89520197,0.6515
QY031,QY031,2005,14.9367887,1.15037538,89.17338403,9.752878774,1250,Non-calcareous,2.07212,5.115728,1.31,1.01426556,20.35797136,0.35471571,14.21178794,13.97018754,0.67
QY031,QY031,2006,15.48862814,1.15037538,89.17338403,9.557554338,1250,Non-calcareous,2.085,5.125232,1.55,1.018507631,21.15363184,0.362344758,12.89671607,12.6774719,0.6885
QY031,QY031,2007,16.04046757,1.15037538,89.17338403,9.362229902,1250,Non-calcareous,2.0988,5.049024,1.18,1.031534287,21.71095156,0.37027719,12.72476782,12.50844677,0.707
QY031,QY031,2008,16.59230701,1.15037538,89.17338403,9.166905466,1250,Non-calcareous,2.10796,5.012064,1.11,1.046985611,17.92357281,0.379047551,12.59113911,12.37708975,0.7255
QY031,QY031,2009,17.14414644,1.15037538,89.17338403,8.971581029,1250,Non-calcareous,2.11156,4.949936,0.95,1.07628732,18.38450522,0.386409698,11.88648374,11.68441352,0.744
QY031,QY031,2010,17.14414644,1.15037538,89.17338403,8.776256593,1250,Non-calcareous,2.12472,4.931016,0.91,1.091125051,18.86088281,0.394374661,11.12285715,10.93376857,0.7625
QY031,QY031,2011,15.87420967,1.15037538,89.17338403,8.580932157,1250,Non-calcareous,2.13812,4.81732,0.6,1.12528337,18.56148386,0.402743959,11.30206487,11.10992976,0.781
QY031,QY031,2012,14.6042729,1.15037538,89.17338403,8.385607721,1250,Non-calcareous,2.15284,4.842048,0.98,1.15060964,18.85285882,0.410846826,11.49330802,11.29792179,0.7995
QY031,QY031,2013,13.33433612,1.15037538,89.17338403,8.190283284,1250,Non-calcareous,2.16724,4.66508,0.43,1.170890504,18.63659586,0.416976754,11.51445794,11.31871215,0.818
QY031,QY031,2014,12.06439935,1.15037538,89.17338403,7.994958848,1250,Non-calcareous,2.16884,4.77464,1.16,1.238938716,18.6,0.423859273,11.46281686,11.26794898,0.8365
QY031,QY031,2015,10.79446258,1.15037538,89.17338403,7.799634412,1250,Non-calcareous,2.18112,4.688928,0.93,1.454860177,16.952827,0.427275006,11.46382833,11.26894324,0.84
QY031,QY031,2016,9.524525802,1.15037538,89.17338403,7.604309975,1250,Non-calcareous,2.1938,4.674672,1.24,1.48567019,17.07699154,0.42980182,11.46489027,11.26998713,0.84
QY031,QY031,2017,8.254589028,1.15037538,89.17338403,7.408985539,1250,Non-calcareous,2.20336,4.584032,0.95,1.392743644,17.00463266,0.429809696,11.85633696,11.65477923,0.84
QY031,QY031,2018,6.984652255,1.15037538,89.17338403,7.213661103,1250,Non-calcareous,2.2102,4.508264,0.93,1.444383262,15.7967865,0.429636881,11.25832142,11.06692995,0.84
QY031,QY031,2019,5.714715481,1.15037538,89.17338403,7.018336667,1250,Non-calcareous,2.24,4.42352,0.91,1.440890661,14.93910149,0.427776347,11.00850668,10.82136207,0.84
QY040,QY040,1985,10.31201449,1.105497263,84.58453739,12.94224942,1409.999967,Calcareous,1.314680882,6.710904,1.47,0.079398083,0,0.121391919,9.442265003,9.281746498,0.3
QY040,QY040,1986,10.31201449,1.105497263,84.58453739,12.75717954,1409.999967,Calcareous,1.300886556,6.709848,1.48,0.082472199,0,0.124751252,10.05895374,9.887951528,0.3185
QY040,QY040,1987,10.31201449,1.105497263,84.58453739,12.57210965,1409.999967,Calcareous,1.291099321,6.71064,1.53,0.101466098,0,0.128050299,9.128769513,8.973580431,0.337
QY040,QY040,1988,10.31201449,1.105497263,84.58453739,12.38703977,1409.999967,Calcareous,1.285531945,6.706416,1.2,0.106689834,0,0.131384838,9.193467462,9.037178515,0.3555
QY040,QY040,1989,10.31201449,1.105497263,84.58453739,12.20196988,1409.999967,Calcareous,1.276453931,6.705624,1.2,0.123637099,0,0.134742285,9.192841076,9.036562778,0.374
QY040,QY040,1990,10.31201449,1.105497263,84.58453739,12.0169,1409.999967,Calcareous,1.26929081,6.708352,1.47,0.140677856,0,0.138086954,9,8.847,0.3925
QY040,QY040,1991,11.59441739,1.105497263,84.58453739,11.83183011,1409.999967,Calcareous,1.26287237,6.706064,1.48,0.147885606,0,0.14139545,8.868999509,8.718226517,0.411
QY040,QY040,1992,12.87682028,1.105497263,84.58453739,11.64676023,1409.999967,Calcareous,1.257446838,6.706944,1.53,0.154307259,0,0.145149477,9.384515195,9.224978437,0.4295
QY040,QY040,1993,14.15922318,1.105497263,84.58453739,11.46169034,1409.999967,Calcareous,1.252198611,6.703424,1.2,0.160593954,0,0.149300975,9.384515195,9.224978437,0.448
QY040,QY040,1994,15.44162608,1.105497263,84.58453739,11.27662046,1409.999967,Calcareous,1.246170242,6.70976,1.95,0.158203266,0,0.153939521,9.30773302,9.149501558,0.4665
QY040,QY040,1995,16.72402898,1.105497263,84.58453739,11.09155057,1409.999967,Calcareous,1.240070951,6.705712,0.89,0.181956537,0,0.158893342,9.250625185,9.093364557,0.485
QY040,QY040,1996,18.00643187,1.105497263,84.58453739,10.90648069,1409.999967,Calcareous,1.240992937,6.705712,1.47,0.181674908,0,0.164469618,9.06791409,8.91375955,0.5035
QY040,QY040,1997,19.28883477,1.105497263,84.58453739,10.7214108,1409.999967,Calcareous,1.244680881,6.708352,1.98,0.174226086,0,0.170388949,9.300361508,9.142255363,0.522
QY040,QY040,1998,20.57123767,1.105497263,84.58453739,10.53634092,1409.999967,Calcareous,1.24645393,6.712752,1.33,0.18325313,0,0.176629162,9.498378252,9.336905822,0.5405
QY040,QY040,1999,21.85364057,1.105497263,84.58453739,10.35127103,1409.999967,Calcareous,1.248758895,6.707736,1,0.187302642,0,0.183417868,9.455707014,9.294959995,0.559
QY040,QY040,2000,23.13604346,1.105497263,84.58453739,10.16620115,1409.999967,Calcareous,1.260922016,6.70536,1.41,0.188571129,0,0.190704709,9.402634834,9.242790042,0.5775
QY040,QY040,2001,24.41844636,1.105497263,84.58453739,9.981131264,1409.999967,Calcareous,1.274751803,6.706856,1.14,0.19149941,0,0.19834843,9.330233761,9.171619787,0.596
QY040,QY040,2002,25.70084926,1.105497263,84.58453739,9.796061379,1409.999967,Calcareous,1.273971661,6.712224,2.09,0.186634317,0,0.206498468,9.35768875,9.198608041,0.6145
QY040,QY040,2003,26.98325216,1.105497263,84.58453739,9.610991494,1409.999967,Calcareous,1.272624144,6.701136,0.85,0.229079567,0,0.214863515,9.733709102,9.568236047,0.633
QY040,QY040,2004,28.26565505,1.105497263,84.58453739,9.425921609,1409.999967,Calcareous,1.273617051,6.710552,1.31,0.246682502,0,0.22390981,10.49039969,10.3120629,0.6515
QY040,QY040,2005,29.54805795,1.105497263,84.58453739,9.240851724,1409.999967,Calcareous,1.276241165,6.704304,1.31,0.270079108,0,0.233224507,9.838930109,9.671668297,0.67
QY040,QY040,2006,30.83046085,1.105497263,84.58453739,9.055781839,1409.999967,Calcareous,1.279432654,6.711696,1.55,0.271293158,0,0.243019464,8.92849574,8.776711313,0.6885
QY040,QY040,2007,32.11286375,1.105497263,84.58453739,8.870711954,1409.999967,Calcareous,1.283120598,6.71196,1.18,0.275222984,0,0.2532632,8.809454644,8.659693915,0.707
QY040,QY040,2008,33.39526664,1.105497263,84.58453739,8.685642069,1409.999967,Calcareous,1.284007123,6.708264,1.11,0.279598591,0,0.264045305,8.716942463,8.568754441,0.7255
QY040,QY040,2009,34.67766954,1.105497263,84.58453739,8.500572184,1409.999967,Calcareous,1.283404286,6.707208,0.95,0.287707372,0,0.275277792,8.22910413,8.089209359,0.744
QY040,QY040,2010,34.67766954,1.105497263,84.58453739,8.315502299,1409.999967,Calcareous,1.287695066,6.704304,0.91,0.291862296,0,0.287028518,7.700439562,7.56953209,0.7625
QY040,QY040,2011,32.10895328,1.105497263,84.58453739,8.130432414,1409.999967,Calcareous,1.291985846,6.692424,0.6,0.30095572,0,0.298815561,7.824506445,7.691489836,0.781
QY040,QY040,2012,29.54023702,1.105497263,84.58453739,7.945362529,1409.999967,Calcareous,1.297304995,6.696824,0.98,0.308096385,0,0.309753713,7.956905554,7.821638159,0.7995
QY040,QY040,2013,26.97152075,1.105497263,84.58453739,7.760292644,1409.999967,Calcareous,1.302198612,6.69304,0.43,0.313416845,0,0.319630584,7.971547801,7.836031489,0.818
QY040,QY040,2014,24.40280449,1.105497263,84.58453739,7.575222759,1409.999967,Calcareous,1.299432655,6.707296,1.16,0.332475212,0,0.328776969,7.93579629,7.800887753,0.8365
QY040,QY040,2015,21.83408823,1.105497263,84.58453739,7.390152873,1409.999967,Calcareous,1.303368825,6.704128,0.93,0.381773935,0,0.336759947,7.936496533,7.801576092,0.84
QY040,QY040,2016,19.26537197,1.105497263,84.58453739,7.205082988,1409.999967,Calcareous,1.30819152,6.705536,1.24,0.389409285,0,0.343901948,7.937231722,7.802298783,0.84
QY040,QY040,2017,16.6966557,1.105497263,84.58453739,7.020013103,1409.999967,Calcareous,1.310638329,6.704744,0.95,0.367807602,0,0.34999058,8.208233281,8.068693315,0.84
QY040,QY040,2018,14.12793944,1.105497263,84.58453739,6.834943218,1409.999967,Calcareous,1.311489393,6.70492,0.93,0.379655728,0,0.35521183,7.79422252,7.661720737,0.84
QY040,QY040,2019,11.55922318,1.105497263,84.58453739,6.649873333,1409.999967,Calcareous,1.326950386,6.703952,0.91,0.378949618,0,0.359548875,7.621273858,7.491712203,0.84
QY049,QY049,1985,6.459792221,1.107919554,265.631325,31.07708012,1230.000019,Calcareous,3.485934905,6.705712,1.47,0.312264503,0,0.212100702,12.58968667,12.375662,0.3
QY049,QY049,1986,6.459792221,1.107919554,265.631325,30.63268816,1230.000019,Calcareous,3.445406451,6.704128,1.48,0.331596591,0,0.214938629,13.41193832,13.18393537,0.3185
QY049,QY049,1987,6.459792221,1.107919554,265.631325,30.18829619,1230.000019,Calcareous,3.410894256,6.70316,1.53,0.396616302,0,0.217757789,12.17169268,11.96477391,0.337
QY049,QY049,1988,6.459792221,1.107919554,265.631325,29.74390423,1230.000019,Calcareous,3.383089378,6.697792,1.2,0.40487528,0,0.220620319,12.25795662,12.04957135,0.3555
QY049,QY049,1989,6.459792221,1.107919554,265.631325,29.29951227,1230.000019,Calcareous,3.3502032,6.69568,1.2,0.46039354,0,0.223499609,12.25712143,12.04875037,0.374
QY049,QY049,1990,6.459792221,1.107919554,265.631325,28.8551203,1230.000019,Calcareous,3.320569054,6.698496,1.47,0.516435001,0,0.226394739,12,11.796,0.3925
QY049,QY049,1991,6.971750665,1.107919554,265.631325,28.41072834,1230.000019,Calcareous,3.292357673,6.696032,1.48,0.534419862,0,0.22929398,11.82533268,11.62430202,0.411
QY049,QY049,1992,7.483709109,1.107919554,265.631325,27.96633637,1230.000019,Calcareous,3.26605686,6.695944,1.53,0.550311013,0,0.23240513,12.51268693,12.29997125,0.4295
QY049,QY049,1993,7.995667553,1.107919554,265.631325,27.52194441,1230.000019,Calcareous,3.240447104,6.691544,1.2,0.574048568,0,0.235704654,12.51268693,12.29997125,0.448
QY049,QY049,1994,8.507625997,1.107919554,265.631325,27.07755244,1230.000019,Calcareous,3.21394304,6.702544,1.95,0.559023571,0,0.239240369,12.41031069,12.19933541,0.4665
QY049,QY049,1995,9.019584441,1.107919554,265.631325,26.63316048,1230.000019,Calcareous,3.187682877,6.6882,0.89,0.662204566,0,0.242917195,12.33416691,12.12448608,0.485
QY049,QY049,1996,9.531542885,1.107919554,265.631325,26.18876851,1230.000019,Calcareous,3.172479626,6.69436,1.47,0.643290672,0,0.24692203,12.09055212,11.88501273,0.5035
QY049,QY049,1997,10.04350133,1.107919554,265.631325,25.74437655,1230.000019,Calcareous,3.162032471,6.700168,1.98,0.610907178,0,0.251080399,12.40048201,12.18967382,0.522
QY049,QY049,1998,10.55545977,1.107919554,265.631325,25.29998459,1230.000019,Calcareous,3.149186943,6.698584,1.33,0.636332622,0,0.25537839,12.66450434,12.44920776,0.5405
QY049,QY049,1999,11.06741822,1.107919554,265.631325,24.85559262,1230.000019,Calcareous,3.137560927,6.691808,1,0.649610404,0,0.25993993,12.60760935,12.39327999,0.559
QY049,QY049,2000,11.57937666,1.107919554,265.631325,24.41120066,1230.000019,Calcareous,3.141382065,6.692688,1.41,0.675604635,0,0.264739147,12.53684645,12.32372006,0.5775
QY049,QY049,2001,12.09133511,1.107919554,265.631325,23.96680869,1230.000019,Calcareous,3.148414585,6.69084,1.14,0.676126361,0,0.269717546,12.44031168,12.22882638,0.596
QY049,QY049,2002,12.60329355,1.107919554,265.631325,23.52241673,1230.000019,Calcareous,3.133739789,6.703952,2.09,0.663260962,0,0.27492974,12.47691833,12.26481072,0.6145
QY049,QY049,2003,13.11525199,1.107919554,265.631325,23.07802476,1230.000019,Calcareous,3.118292635,6.676936,0.85,0.820356215,0,0.280249955,12.9782788,12.75764806,0.633
QY049,QY049,2004,13.62721044,1.107919554,265.631325,22.6336328,1230.000019,Calcareous,3.106585318,6.69436,1.31,0.904616045,0,0.285935576,13.98719959,13.7494172,0.6515
QY049,QY049,2005,14.13916888,1.107919554,265.631325,22.18924084,1230.000019,Calcareous,3.097601578,6.686176,1.31,1.001008292,0,0.29179076,13.11857348,12.89555773,0.67
QY049,QY049,2006,14.65112733,1.107919554,265.631325,21.74484887,1230.000019,Calcareous,3.089878001,6.696824,1.55,1.005164502,0,0.297905977,11.90466099,11.70228175,0.6885
QY049,QY049,2007,15.16308577,1.107919554,265.631325,21.30045691,1230.000019,Calcareous,3.083251985,6.692248,1.18,1.016408905,0,0.304235781,11.74593953,11.54625855,0.707
QY049,QY049,2008,15.67504421,1.107919554,265.631325,20.85606494,1230.000019,Calcareous,3.072642229,6.687672,1.11,1.030888935,0,0.31081641,11.62258995,11.42500592,0.7255
QY049,QY049,2009,16.18700266,1.107919554,265.631325,20.41167298,1230.000019,Calcareous,3.059959302,6.682744,0.95,1.058850768,0,0.317614683,10.97213884,10.78561248,0.744
QY049,QY049,2010,16.18700266,1.107919554,265.631325,19.96728101,1230.000019,Calcareous,3.054959302,6.679664,0.91,1.072854461,0,0.324661465,10.26725275,10.09270945,0.7625
QY049,QY049,2011,14.98796543,1.107919554,265.631325,19.52288905,1230.000019,Calcareous,3.050325156,6.654408,0.6,1.106252497,0,0.331732767,10.43267526,10.25531978,0.781
QY049,QY049,2012,13.78892819,1.107919554,265.631325,19.07849708,1230.000019,Calcareous,3.047520278,6.669896,0.98,1.129885652,0,0.338353665,10.6092074,10.42885088,0.7995
QY049,QY049,2013,12.58989096,1.107919554,265.631325,18.63410512,1230.000019,Calcareous,3.044430847,6.642176,0.43,1.150188319,0,0.344444232,10.6287304,10.44804198,0.818
QY049,QY049,2014,11.39085372,1.107919554,265.631325,18.18971316,1230.000019,Calcareous,3.029918652,6.68468,1.16,1.21437986,0,0.350120347,10.58106172,10.40118367,0.8365
QY049,QY049,2015,10.19181649,1.107919554,265.631325,17.74532119,1230.000019,Calcareous,3.025609709,6.674384,0.93,1.455073769,0,0.355247733,10.58199538,10.40210146,0.84
QY049,QY049,2016,8.992779255,1.107919554,265.631325,17.30092923,1230.000019,Calcareous,3.023008083,6.681424,1.24,1.487290807,0,0.360004221,10.58297563,10.40306504,0.84
QY049,QY049,2017,7.793742021,1.107919554,265.631325,16.85653726,1230.000019,Calcareous,3.017032474,6.675528,0.95,1.385080079,0,0.364234305,10.94431104,10.75825775,0.84
QY049,QY049,2018,6.594704787,1.107919554,265.631325,16.4121453,1230.000019,Calcareous,3.008861742,6.67456,0.93,1.442431244,0,0.367953373,10.39229669,10.21562765,0.84
QY049,QY049,2019,5.395667553,1.107919554,265.631325,15.96775333,1230.000019,Calcareous,3.023089384,6.672272,0.91,1.438216657,0,0.371216428,10.16169848,9.988949603,0.84
QY065,QY065,1985,5.709131324,1.318128756,193.25,37.94350888,1389.999986,Non-calcareous,3.057913701,6.125,1.47,0.243871145,0,0.257591635,11.54054611,11.34435683,0.3
QY065,QY065,1986,5.709131324,1.318128756,193.25,37.40092926,1389.999986,Non-calcareous,3.019712261,6.037,1.48,0.257042597,0,0.259479225,12.2942768,12.08527409,0.3185
QY065,QY065,1987,5.709131324,1.318128756,193.25,36.85834964,1389.999986,Non-calcareous,2.986510822,5.972144,1.53,0.31223009,0,0.261250577,11.15738496,10.96770942,0.337
QY065,QY065,1988,5.709131324,1.318128756,193.25,36.31577001,1389.999986,Non-calcareous,2.958741038,5.975224,1.2,0.323048246,0,0.263002191,11.23646023,11.04544041,0.3555
QY065,QY065,1989,5.709131324,1.318128756,193.25,35.77319039,1389.999986,Non-calcareous,2.926906505,5.95032,1.2,0.371680435,0,0.26483336,11.23569465,11.04468784,0.374
QY065,QY065,1990,5.709131324,1.318128756,193.25,35.23061076,1389.999986,Non-calcareous,2.897769814,5.912656,1.47,0.420660436,0,0.266647781,11,10.813,0.3925
QY065,QY065,1991,6.070957589,1.318128756,193.25,34.68803114,1389.999986,Non-calcareous,2.869892116,5.879128,1.48,0.438693861,0,0.26836112,10.83988829,10.65561019,0.411
QY065,QY065,1992,6.432783854,1.318128756,193.25,34.14545152,1389.999986,Non-calcareous,2.84356118,5.848152,1.53,0.455001094,0,0.270164728,11.46996302,11.27497364,0.4295
QY065,QY065,1993,6.794610119,1.318128756,193.25,33.60287189,1389.999986,Non-calcareous,2.817913698,5.876312,1.2,0.473807438,0,0.272004897,11.46996302,11.27497364,0.448
QY065,QY065,1994,7.156436384,1.318128756,193.25,33.06029227,1389.999986,Non-calcareous,2.791618734,5.8742,1.95,0.463700845,0,0.274117072,11.37611814,11.18272413,0.4665
QY065,QY065,1995,7.518262649,1.318128756,193.25,32.51771264,1389.999986,Non-calcareous,2.765575568,5.848768,0.89,0.541997696,0,0.276081283,11.30631967,11.11411224,0.485
QY065,QY065,1996,7.880088914,1.318128756,193.25,31.97513302,1389.999986,Non-calcareous,2.748561179,5.861704,1.47,0.532618439,0,0.27854649,11.08300611,10.89459501,0.5035
QY065,QY065,1997,8.241915179,1.318128756,193.25,31.4325534,1389.999986,Non-calcareous,2.735431683,5.86276,1.98,0.507365742,0,0.280937606,11.36710851,11.17386767,0.522
QY065,QY065,1998,8.603741443,1.318128756,193.25,30.88997377,1389.999986,Non-calcareous,2.720323769,5.844456,1.33,0.530488853,0,0.283233857,11.60912897,11.41177378,0.5405
QY065,QY065,1999,8.965567708,1.318128756,193.25,30.34739415,1389.999986,Non-calcareous,2.706259021,5.876488,1,0.542255929,0,0.285870273,11.55697524,11.36050666,0.559
QY065,QY065,2000,9.327393973,1.318128756,193.25,29.80481452,1389.999986,Non-calcareous,2.704748229,5.84736,1.41,0.555662899,0,0.288800959,11.49210924,11.29674338,0.5775
QY065,QY065,2001,9.689220238,1.318128756,193.25,29.2622349,1389.999986,Non-calcareous,2.705755424,5.87024,1.14,0.559031649,0,0.29166905,11.40361904,11.20975752,0.596
QY065,QY065,2002,10.0510465,1.318128756,193.25,28.71965528,1389.999986,Non-calcareous,2.689064776,5.867952,2.09,0.547963784,0,0.294807491,11.43717514,11.24274316,0.6145
QY065,QY065,2003,10.41287277,1.318128756,193.25,28.17707565,1389.999986,Non-calcareous,2.671942474,5.79676,0.85,0.676669982,0,0.297670069,11.89675557,11.69451072,0.633
QY065,QY065,2004,10.77469903,1.318128756,193.25,27.63449603,1389.999986,Non-calcareous,2.657949668,5.842608,1.31,0.737401081,0,0.301107511,12.82159963,12.60363243,0.6515
QY065,QY065,2005,11.1365253,1.318128756,193.25,27.0919164,1389.999986,Non-calcareous,2.64625902,5.837064,1.31,0.812621642,0,0.304487809,12.02535902,11.82092792,0.67
QY065,QY065,2006,11.49835156,1.318128756,193.25,26.54933678,1389.999986,Non-calcareous,2.635611538,5.857216,1.55,0.816642684,0,0.308047685,10.9126059,10.7270916,0.6885
QY065,QY065,2007,11.86017783,1.318128756,193.25,26.00675716,1389.999986,Non-calcareous,2.625863336,5.859856,1.18,0.826551906,0,0.311705628,10.76711123,10.58407034,0.707
QY065,QY065,2008,12.22200409,1.318128756,193.25,25.46417753,1389.999986,Non-calcareous,2.612949667,5.889336,1.11,0.839023098,0,0.315664446,10.65404079,10.47292209,0.7255
QY065,QY065,2009,12.58383036,1.318128756,193.25,24.92159791,1389.999986,Non-calcareous,2.598453264,5.9028,0.95,0.862458307,0,0.319819782,10.05779394,9.886811439,0.744
QY065,QY065,2010,12.58383036,1.318128756,193.25,24.37901828,1389.999986,Non-calcareous,2.590251825,5.957976,0.91,0.874310543,0,0.324218225,9.411648354,9.251650332,0.7625
QY065,QY065,2011,11.65169478,1.318128756,193.25,23.83643866,1389.999986,Non-calcareous,2.582374127,5.989832,0.6,0.900807254,0,0.328716238,9.563285655,9.400709799,0.781
QY065,QY065,2012,10.71955919,1.318128756,193.25,23.29385904,1389.999986,Non-calcareous,2.576007221,6.039552,0.98,0.920712495,0,0.333030103,9.725106788,9.559779972,0.7995
QY065,QY065,2013,9.787423611,1.318128756,193.25,22.75127941,1389.999986,Non-calcareous,2.569424487,6.109864,0.43,0.937072976,0,0.336896305,9.743002868,9.577371819,0.818
QY065,QY065,2014,8.855288029,1.318128756,193.25,22.20869979,1389.999986,Non-calcareous,2.553597149,6.136968,1.16,0.991370227,0,0.340682464,9.699306577,9.534418365,0.8365
QY065,QY065,2015,7.923152447,1.318128756,193.25,21.66612016,1389.999986,Non-calcareous,2.546223048,6.091032,0.93,1.170860804,0,0.343918016,9.70016243,9.535259668,0.84
QY065,QY065,2016,6.991016865,1.318128756,193.25,21.12354054,1389.999986,Non-calcareous,2.540251825,6.065336,1.24,1.195711414,0,0.34691114,9.701060994,9.536142957,0.84
QY065,QY065,2017,6.058881283,1.318128756,193.25,20.58096091,1389.999986,Non-calcareous,2.53158276,6.072816,0.95,1.118989802,0,0.349418412,10.03228512,9.861736274,0.84
QY065,QY065,2018,5.126745701,1.318128756,193.25,20.03838129,1389.999986,Non-calcareous,2.521151105,6.053632,0.93,1.161821464,0,0.351652915,9.526271968,9.364325345,0.84
QY065,QY065,2019,4.194610119,1.318128756,193.25,19.49580167,1389.999986,Non-calcareous,2.529028803,6.070616,0.91,1.158808103,0,0.353564119,9.314890271,9.156537136,0.84
QY070,QY070,1985,5.912840331,1.333449911,193.4244613,25.05904008,1399.999976,Calcareous,3.013928623,6.706504,1.47,0.22194349,20.46290453,0.138565827,14.68796778,14.43827233,0.3
QY070,QY070,1986,5.912840331,1.333449911,193.4244613,24.7007041,1399.999976,Calcareous,2.987857194,6.704568,1.48,0.232349995,21.12751347,0.148225333,15.64726138,15.38125793,0.3185
QY070,QY070,1987,5.912840331,1.333449911,193.4244613,24.34236812,1399.999976,Calcareous,2.963285765,6.7036,1.53,0.279937275,23.00814403,0.158085534,14.20030813,13.95890289,0.337
QY070,QY070,1988,5.912840331,1.333449911,193.4244613,23.98403213,1399.999976,Calcareous,2.945392907,6.69876,1.2,0.289613432,24.49554325,0.168636095,14.30094939,14.05783325,0.3555
QY070,QY070,1989,5.912840331,1.333449911,193.4244613,23.62569615,1399.999976,Calcareous,2.921785764,6.696648,1.2,0.33031098,24.53720695,0.179714031,14.29997501,14.05687543,0.374
QY070,QY070,1990,5.912840331,1.333449911,193.4244613,23.26736017,1399.999976,Calcareous,2.900571478,6.699376,1.47,0.371341478,24.5795826,0.190797634,14,13.762,0.3925
QY070,QY070,1991,6.315408397,1.333449911,193.4244613,22.90902418,1399.999976,Calcareous,2.880357192,6.696824,1.48,0.38682462,23.35702934,0.201878399,13.79622146,13.56168569,0.411
QY070,QY070,1992,6.717976463,1.333449911,193.4244613,22.5506882,1399.999976,Calcareous,2.861071477,6.69656,1.53,0.400066977,22.15580325,0.212651723,14.59813475,14.34996646,0.4295
QY070,QY070,1993,7.120544529,1.333449911,193.4244613,22.19235222,1399.999976,Calcareous,2.84192862,6.693216,1.2,0.417384314,24.71510325,0.223098173,14.59813475,14.34996646,0.448
QY070,QY070,1994,7.523112595,1.333449911,193.4244613,21.83401624,1399.999976,Calcareous,2.823035762,6.70404,1.95,0.409071935,25.30357942,0.234611253,14.47869581,14.23255798,0.4665
QY070,QY070,1995,7.925680661,1.333449911,193.4244613,21.47568025,1399.999976,Calcareous,2.803821476,6.690048,0.89,0.47739021,26.10397896,0.246396971,14.3898614,14.14523376,0.485
QY070,QY070,1996,8.328248727,1.333449911,193.4244613,21.11734427,1399.999976,Calcareous,2.795892905,6.695856,1.47,0.471042393,27.84538929,0.258701576,14.10564414,13.86584819,0.5035
QY070,QY070,1997,8.730816794,1.333449911,193.4244613,20.75900829,1399.999976,Calcareous,2.793035762,6.7014,1.98,0.45076461,30.66221488,0.271704865,14.46722901,14.22128612,0.522
QY070,QY070,1998,9.13338486,1.333449911,193.4244613,20.40067231,1399.999976,Calcareous,2.788142905,6.698232,1.33,0.47248982,32.9171948,0.285769062,14.77525506,14.52407572,0.5405
QY070,QY070,1999,9.535952926,1.333449911,193.4244613,20.04233632,1399.999976,Calcareous,2.784464333,6.693568,1,0.481981221,35.5293819,0.300820441,14.70887758,14.45882666,0.559
QY070,QY070,2000,9.938520992,1.333449911,193.4244613,19.68400034,1399.999976,Calcareous,2.796821476,6.693656,1.41,0.492983092,36.48242995,0.316963692,14.62632085,14.3776734,0.5775
QY070,QY070,2001,10.34108906,1.333449911,193.4244613,19.32566436,1399.999976,Calcareous,2.811642905,6.690576,1.14,0.498354135,37.60786419,0.333528306,14.51369696,14.26696411,0.596
QY070,QY070,2002,10.74365712,1.333449911,193.4244613,18.96732837,1399.999976,Calcareous,2.803928619,6.70492,2.09,0.485235926,37.63691993,0.350654945,14.55640472,14.30894584,0.6145
QY070,QY070,2003,11.14622519,1.333449911,193.4244613,18.60899239,1399.999976,Calcareous,2.794892905,6.675352,0.85,0.595701058,37.99080912,0.367787748,15.14132527,14.88392274,0.633
QY070,QY070,2004,11.54879326,1.333449911,193.4244613,18.25065641,1399.999976,Calcareous,2.78960719,6.695856,1.31,0.650479286,39.60277424,0.385328427,16.31839953,16.04098673,0.6515
QY070,QY070,2005,11.95136132,1.333449911,193.4244613,17.89232043,1399.999976,Calcareous,2.787428619,6.687232,1.31,0.715118813,41.3288709,0.403484425,15.30500239,15.04481735,0.67
QY070,QY070,2006,12.35392939,1.333449911,193.4244613,17.53398444,1399.999976,Calcareous,2.78660719,6.698496,1.55,0.71733086,42.94414722,0.422429402,13.88877115,13.65266204,0.6885
QY070,QY070,2007,12.75649745,1.333449911,193.4244613,17.17564846,1399.999976,Calcareous,2.78685719,6.693656,1.18,0.727249133,44.07556617,0.442096689,13.70359611,13.47063498,0.707
QY070,QY070,2008,13.15906552,1.333449911,193.4244613,16.81731248,1399.999976,Calcareous,2.782821476,6.689608,1.11,0.73806272,36.38678007,0.462355789,13.55968828,13.32917358,0.7255
QY070,QY070,2009,13.56163359,1.333449911,193.4244613,16.45897649,1399.999976,Calcareous,2.772821476,6.685032,0.95,0.758816567,37.32252243,0.480007044,12.80082865,12.58321456,0.744
QY070,QY070,2010,13.56163359,1.333449911,193.4244613,16.10064051,1399.999976,Calcareous,2.772714333,6.683536,0.91,0.769351411,38.28962015,0.49818254,11.97846154,11.77482769,0.7625
QY070,QY070,2011,12.55706814,1.333449911,193.4244613,15.74230453,1399.999976,Calcareous,2.773142904,6.657576,0.6,0.794540734,37.68180809,0.51673454,12.17145447,11.96453974,0.781
QY070,QY070,2012,11.55250269,1.333449911,193.4244613,15.38396855,1399.999976,Calcareous,2.774892904,6.67236,0.98,0.812942181,38.2733306,0.53474395,12.37740864,12.16699269,0.7995
QY070,QY070,2013,10.54793723,1.333449911,193.4244613,15.02563256,1399.999976,Calcareous,2.776642904,6.64552,0.43,0.827088645,37.83429353,0.552518403,12.40018547,12.18938232,0.818
QY070,QY070,2014,9.543371783,1.333449911,193.4244613,14.66729658,1399.999976,Calcareous,2.766178619,6.689608,1.16,0.875478516,37.76,0.569877191,12.34457201,12.13471428,0.8365
QY070,QY070,2015,8.538806333,1.333449911,193.4244613,14.3089606,1399.999976,Calcareous,2.766321476,6.677992,0.93,1.018336447,34.4160617,0.586719617,12.34566127,12.13578503,0.84
QY070,QY070,2016,7.534240882,1.333449911,193.4244613,13.95062462,1399.999976,Calcareous,2.766642904,6.685208,1.24,1.039770391,34.66812906,0.602076859,12.3468049,12.13690922,0.84
QY070,QY070,2017,6.529675431,1.333449911,193.4244613,13.59228863,1399.999976,Calcareous,2.764321476,6.679752,0.95,0.977567083,34.52123275,0.61707341,12.76836288,12.55130071,0.84
QY070,QY070,2018,5.52510998,1.333449911,193.4244613,13.23395265,1399.999976,Calcareous,2.759642904,6.679488,0.93,1.01186174,32.06917517,0.631650281,12.12434614,11.91823226,0.84
QY070,QY070,2019,4.520544529,1.333449911,193.4244613,12.87561667,1399.999976,Calcareous,2.777000047,6.677288,0.91,1.009703314,30.32798239,0.645011923,11.85531489,11.65377454,0.84
QY073,QY073,1985,6.304812396,1.292894912,150.35,16.01760055,1409.999967,Non-calcareous,3.05347525,6.330216,1.47,0.46557492,0,0.325433769,12.58968667,12.375662,0.3
QY073,QY073,1986,6.304812396,1.292894912,150.35,15.78855416,1409.999967,Non-calcareous,3.014716383,6.232272,1.48,0.486059947,0,0.327212667,13.41193832,13.18393537,0.3185
QY073,QY073,1987,6.304812396,1.292894912,150.35,15.55950777,1409.999967,Non-calcareous,2.981383049,6.147264,1.53,0.593637393,0,0.328812437,12.17169268,11.96477391,0.337
QY073,QY073,1988,6.304812396,1.292894912,150.35,15.33046138,1409.999967,Non-calcareous,2.953829857,6.12632,1.2,0.619789748,0,0.330401691,12.25795662,12.04957135,0.3555
QY073,QY073,1989,6.304812396,1.292894912,150.35,15.10141499,1409.999967,Non-calcareous,2.921844041,6.08892,1.2,0.71473936,0,0.332045057,12.25712143,12.04875037,0.374
QY073,QY073,1990,6.304812396,1.292894912,150.35,14.87236861,1409.999967,Non-calcareous,2.892766026,6.034712,1.47,0.810295416,0,0.33365993,12,11.796,0.3925
QY073,QY073,1991,6.785774875,1.292894912,150.35,14.64332222,1409.999967,Non-calcareous,2.865000068,5.992648,1.48,0.848697984,0,0.335151732,11.82533268,11.62430202,0.411
QY073,QY073,1992,7.266737354,1.292894912,150.35,14.41427583,1409.999967,Non-calcareous,2.838865315,5.943192,1.53,0.882781201,0,0.336757811,12.51268693,12.29997125,0.4295
QY073,QY073,1993,7.747699833,1.292894912,150.35,14.18522944,1409.999967,Non-calcareous,2.8133334,5.943544,1.2,0.919308431,0,0.338366184,12.51268693,12.29997125,0.448
QY073,QY073,1994,8.228662312,1.292894912,150.35,13.95618305,1409.999967,Non-calcareous,2.787092265,5.974784,1.95,0.903343902,0,0.340278058,12.41031069,12.19933541,0.4665
QY073,QY073,1995,8.709624791,1.292894912,150.35,13.72713666,1409.999967,Non-calcareous,2.761099356,5.85968,0.89,1.045856097,0,0.342102854,12.33416691,12.12448608,0.485
QY073,QY073,1996,9.19058727,1.292894912,150.35,13.49809027,1409.999967,Non-calcareous,2.744787299,5.910896,1.47,1.037975576,0,0.344390219,12.09055212,11.88501273,0.5035
QY073,QY073,1997,9.67154975,1.292894912,150.35,13.26904388,1409.999967,Non-calcareous,2.732482334,5.92964,1.98,0.993467273,0,0.34667842,12.40048201,12.18967382,0.522
QY073,QY073,1998,10.15251223,1.292894912,150.35,13.0399975,1409.999967,Non-calcareous,2.717978788,5.814008,1.33,1.042814901,0,0.34889296,12.66450434,12.44920776,0.5405
QY073,QY073,1999,10.63347471,1.292894912,150.35,12.81095111,1409.999967,Non-calcareous,2.704468149,5.82008,1,1.065467711,0,0.351324512,12.60760935,12.39327999,0.559
QY073,QY073,2000,11.11443719,1.292894912,150.35,12.58190472,1409.999967,Non-calcareous,2.704432688,5.832928,1.41,1.080402932,0,0.354123121,12.53684645,12.32372006,0.5775
QY073,QY073,2001,11.59539967,1.292894912,150.35,12.35285833,1409.999967,Non-calcareous,2.706914958,5.779688,1.14,1.093830267,0,0.356910121,12.44031168,12.22882638,0.596
QY073,QY073,2002,12.07636215,1.292894912,150.35,12.12381194,1409.999967,Non-calcareous,2.690248291,5.860824,2.09,1.067250128,0,0.359926783,12.47691833,12.26481072,0.6145
QY073,QY073,2003,12.55732462,1.292894912,150.35,11.89476555,1409.999967,Non-calcareous,2.673120631,5.638712,0.85,1.311850885,0,0.362743966,12.9782788,12.75764806,0.633
QY073,QY073,2004,13.0382871,1.292894912,150.35,11.66571916,1409.999967,Non-calcareous,2.659397226,5.7158,1.31,1.420474629,0,0.365993586,13.98719959,13.7494172,0.6515
QY073,QY073,2005,13.51924958,1.292894912,150.35,11.43667277,1409.999967,Non-calcareous,2.648085169,5.676904,1.31,1.55884526,0,0.369180139,13.11857348,12.89555773,0.67
QY073,QY073,2006,14.00021206,1.292894912,150.35,11.20762639,1409.999967,Non-calcareous,2.637801481,5.701632,1.55,1.56558374,0,0.372568983,11.90466099,11.70228175,0.6885
QY073,QY073,2007,14.48117454,1.292894912,150.35,10.97858,1409.999967,Non-calcareous,2.62847524,5.638888,1.18,1.587195491,0,0.376142071,11.74593953,11.54625855,0.707
QY073,QY073,2008,14.96213702,1.292894912,150.35,10.74953361,1409.999967,Non-calcareous,2.615709282,5.625336,1.11,1.611804721,0,0.380017208,11.62258995,11.42500592,0.7255
QY073,QY073,2009,15.4430995,1.292894912,150.35,10.52048722,1409.999967,Non-calcareous,2.601170274,5.582128,0.95,1.657864654,0,0.38409498,10.97213884,10.78561248,0.744
QY073,QY073,2010,15.4430995,1.292894912,150.35,10.29144083,1409.999967,Non-calcareous,2.593439778,5.596296,0.91,1.68135266,0,0.388454948,10.26725275,10.09270945,0.7625
QY073,QY073,2011,14.2991662,1.292894912,150.35,10.06239444,1409.999967,Non-calcareous,2.585957508,5.503016,0.6,1.733931716,0,0.392965973,10.43267526,10.25531978,0.781
QY073,QY073,2012,13.15523291,1.292894912,150.35,9.833348054,1409.999967,Non-calcareous,2.580035522,5.559776,0.98,1.774218239,0,0.397172555,10.6092074,10.42885088,0.7995
QY073,QY073,2013,12.01129961,1.292894912,150.35,9.604301665,1409.999967,Non-calcareous,2.573865309,5.411584,0.43,1.805110472,0,0.400698859,10.6287304,10.44804198,0.818
QY073,QY073,2014,10.86736631,1.292894912,150.35,9.375255277,1409.999967,Non-calcareous,2.557695096,5.578168,1.16,1.912846931,0,0.404117492,10.58106172,10.40118367,0.8365
QY073,QY073,2015,9.723433018,1.292894912,150.35,9.146208888,1409.999967,Non-calcareous,2.550673819,5.500904,0.93,2.216711497,0,0.406738445,10.58199538,10.40210146,0.84
QY073,QY073,2016,8.579499722,1.292894912,150.35,8.917162499,1409.999967,Non-calcareous,2.545070982,5.531088,1.24,2.262150743,0,0.409065033,10.58297563,10.40306504,0.84
QY073,QY073,2017,7.435566425,1.292894912,150.35,8.688116111,1409.999967,Non-calcareous,2.536524883,5.49228,0.95,2.13003933,0,0.410700455,10.94431104,10.75825775,0.84
QY073,QY073,2018,6.291633129,1.292894912,150.35,8.459069722,1409.999967,Non-calcareous,2.52606389,5.469312,0.93,2.202913977,0,0.412009806,10.39229669,10.21562765,0.84
QY073,QY073,2019,5.147699833,1.292894912,150.35,8.230023333,1409.999967,Non-calcareous,2.535319209,5.45576,0.91,2.198314476,0,0.412927031,10.16169848,9.988949603,0.84
QY076,QY076,1985,5.823536479,1.323598055,160.6197719,19.87454543,1379.999995,Calcareous,1.938297108,6.708704,1.47,0.167143981,0,0.161807512,11.54054611,11.34435683,0.3
QY076,QY076,1986,5.823536479,1.323598055,160.6197719,19.59034601,1379.999995,Calcareous,1.916847833,6.70756,1.48,0.174131205,0,0.163875431,12.2942768,12.08527409,0.3185
QY076,QY076,1987,5.823536479,1.323598055,160.6197719,19.30614659,1379.999995,Calcareous,1.900434789,6.707296,1.53,0.213687601,0,0.165904192,11.15738496,10.96770942,0.337
QY076,QY076,1988,5.823536479,1.323598055,160.6197719,19.02194716,1379.999995,Calcareous,1.889384064,6.702456,1.2,0.223965978,0,0.167977219,11.23646023,11.04544041,0.3555
QY076,QY076,1989,5.823536479,1.323598055,160.6197719,18.73774774,1379.999995,Calcareous,1.873949282,6.701136,1.2,0.259178691,0,0.170075833,11.23569465,11.04468784,0.374
QY076,QY076,1990,5.823536479,1.323598055,160.6197719,18.45354831,1379.999995,Calcareous,1.861014499,6.704568,1.47,0.294596525,0,0.172178526,11,10.813,0.3925
QY076,QY076,1991,6.208243775,1.323598055,160.6197719,18.16934889,1379.999995,Calcareous,1.849057977,6.702104,1.48,0.309207159,0,0.174268619,10.83988829,10.65561019,0.411
QY076,QY076,1992,6.592951071,1.323598055,160.6197719,17.88514946,1379.999995,Calcareous,1.838405803,6.702544,1.53,0.322258868,0,0.176500149,11.46996302,11.27497364,0.4295
QY076,QY076,1993,6.977658367,1.323598055,160.6197719,17.60095004,1379.999995,Calcareous,1.828115948,6.698936,1.2,0.335423654,0,0.178837425,11.46996302,11.27497364,0.448
QY076,QY076,1994,7.362365663,1.323598055,160.6197719,17.31675061,1379.999995,Calcareous,1.816847832,6.707384,1.95,0.33000925,0,0.181348374,11.37611814,11.18272413,0.4665
QY076,QY076,1995,7.747072959,1.323598055,160.6197719,17.03255119,1379.999995,Calcareous,1.805579716,6.698848,0.89,0.380752839,0,0.183907898,11.30631967,11.11411224,0.485
QY076,QY076,1996,8.131780255,1.323598055,160.6197719,16.74835176,1379.999995,Calcareous,1.803188412,6.701224,1.47,0.378985116,0,0.186744634,11.08300611,10.89459501,0.5035
QY076,QY076,1997,8.516487551,1.323598055,160.6197719,16.46415234,1379.999995,Calcareous,1.8043116,6.705272,1.98,0.362972788,0,0.189653509,11.36710851,11.17386767,0.522
QY076,QY076,1998,8.901194846,1.323598055,160.6197719,16.17995292,1379.999995,Calcareous,1.80315218,6.706328,1.33,0.381341708,0,0.192617784,11.60912897,11.41177378,0.5405
QY076,QY076,1999,9.285902142,1.323598055,160.6197719,15.89575349,1379.999995,Calcareous,1.802753629,6.701136,1,0.389776553,0,0.195797806,11.55697524,11.36050666,0.559
QY076,QY076,2000,9.670609438,1.323598055,160.6197719,15.61155407,1379.999995,Calcareous,1.814746383,6.700344,1.41,0.393756891,0,0.199158973,11.49210924,11.29674338,0.5775
QY076,QY076,2001,10.05531673,1.323598055,160.6197719,15.32735464,1379.999995,Calcareous,1.82891305,6.69964,1.14,0.399143449,0,0.202609218,11.40361904,11.20975752,0.596
QY076,QY076,2002,10.44002403,1.323598055,160.6197719,15.04315522,1379.999995,Calcareous,1.824927543,6.709496,2.09,0.389440398,0,0.206242853,11.43717514,11.24274316,0.6145
QY076,QY076,2003,10.82473133,1.323598055,160.6197719,14.75895579,1379.999995,Calcareous,1.820326093,6.68996,0.85,0.478577408,0,0.209880523,11.89675557,11.69451072,0.633
QY076,QY076,2004,11.20943862,1.323598055,160.6197719,14.47475637,1379.999995,Calcareous,1.818659427,6.704392,1.31,0.516551207,0,0.213825218,12.82159963,12.60363243,0.6515
QY076,QY076,2005,11.59414592,1.323598055,160.6197719,14.19055694,1379.999995,Calcareous,1.819057977,6.696912,1.31,0.56627329,0,0.217821583,12.02535902,11.82092792,0.67
QY076,QY076,2006,11.97885321,1.323598055,160.6197719,13.90635752,1379.999995,Calcareous,1.820253629,6.70624,1.55,0.568871954,0,0.221999324,10.9126059,10.7270916,0.6885
QY076,QY076,2007,12.36356051,1.323598055,160.6197719,13.62215809,1379.999995,Calcareous,1.822137687,6.704128,1.18,0.576845903,0,0.226330635,10.76711123,10.58407034,0.707
QY076,QY076,2008,12.74826781,1.323598055,160.6197719,13.33795867,1379.999995,Calcareous,1.820579716,6.700432,1.11,0.585925023,0,0.230861315,10.65404079,10.47292209,0.7255
QY076,QY076,2009,13.1329751,1.323598055,160.6197719,13.05375925,1379.999995,Calcareous,1.817246383,6.697264,0.95,0.602793981,0,0.235543105,10.05779394,9.886811439,0.744
QY076,QY076,2010,13.1329751,1.323598055,160.6197719,12.76955982,1379.999995,Calcareous,1.820036238,6.695064,0.91,0.611416083,0,0.240414423,9.411648354,9.251650332,0.7625
QY076,QY076,2011,12.16016213,1.323598055,160.6197719,12.4853604,1379.999995,Calcareous,1.822934789,6.676232,0.6,0.630359819,0,0.245319362,9.563285655,9.400709799,0.781
QY076,QY076,2012,11.18734916,1.323598055,160.6197719,12.20116097,1379.999995,Calcareous,1.827101456,6.685648,0.98,0.645112616,0,0.249914046,9.725106788,9.559779972,0.7995
QY076,QY076,2013,10.21453619,1.323598055,160.6197719,11.91696155,1379.999995,Calcareous,1.830869572,6.670776,0.43,0.656316909,0,0.254092729,9.743002868,9.577371819,0.818
QY076,QY076,2014,9.241723219,1.323598055,160.6197719,11.63276212,1379.999995,Calcareous,1.825108702,6.699376,1.16,0.695856311,0,0.258014829,9.699306577,9.534418365,0.8365
QY076,QY076,2015,8.268910249,1.323598055,160.6197719,11.3485627,1379.999995,Calcareous,1.827717398,6.69304,0.93,0.803535524,0,0.261482319,9.70016243,9.535259668,0.84
QY076,QY076,2016,7.296097278,1.323598055,160.6197719,11.06436327,1379.999995,Calcareous,1.831485514,6.697,1.24,0.819803558,0,0.2646645,9.701060994,9.536142957,0.84
QY076,QY076,2017,6.323284308,1.323598055,160.6197719,10.78016385,1379.999995,Calcareous,1.832355079,6.694272,0.95,0.772888361,0,0.267433701,10.03228512,9.861736274,0.84
QY076,QY076,2018,5.350471337,1.323598055,160.6197719,10.49596442,1379.999995,Calcareous,1.831304354,6.694096,0.93,0.798724746,0,0.269858519,9.526271968,9.364325345,0.84
QY076,QY076,2019,4.377658367,1.323598055,160.6197719,10.211765,1379.999995,Calcareous,1.848514499,6.692424,0.91,0.797121051,0,0.271954174,9.314890271,9.156537136,0.84
QY077,QY077,1985,5.909156466,1.3182508,109.9509506,9.825151453,1250,Non-calcareous,2.27136,6.12236,1.47,0.172252903,0,0.287915704,10.49140556,10.31305166,0.3
QY077,QY077,1986,5.909156466,1.3182508,109.9509506,9.684655038,1250,Non-calcareous,2.24636,6.029608,1.48,0.17634848,0,0.288818048,11.17661527,10.98661281,0.3185
QY077,QY077,1987,5.909156466,1.3182508,109.9509506,9.544158623,1250,Non-calcareous,2.2264,5.94856,1.53,0.215845353,0,0.289388197,10.14307724,9.970644923,0.337
QY077,QY077,1988,5.909156466,1.3182508,109.9509506,9.403662207,1250,Non-calcareous,2.2118,5.928672,1.2,0.228453735,0,0.289892112,10.21496385,10.04130946,0.3555
QY077,QY077,1989,5.909156466,1.3182508,109.9509506,9.263165792,1250,Non-calcareous,2.19296,5.889776,1.2,0.262681396,0,0.290516798,10.21426786,10.04062531,0.374
QY077,QY077,1990,5.909156466,1.3182508,109.9509506,9.122669377,1250,Non-calcareous,2.17664,5.829584,1.47,0.297111208,0,0.291047206,10,9.83,0.3925
QY077,QY077,1991,6.310987759,1.3182508,109.9509506,8.982172961,1250,Non-calcareous,2.1614,5.780656,1.48,0.31297209,0,0.291279352,9.854443899,9.686918353,0.411
QY077,QY077,1992,6.712819052,1.3182508,109.9509506,8.841676546,1250,Non-calcareous,2.14752,5.728032,1.53,0.326282892,0,0.291540868,10.42723911,10.24997604,0.4295
QY077,QY077,1993,7.114650345,1.3182508,109.9509506,8.701180131,1250,Non-calcareous,2.13412,5.730672,1.2,0.340257993,0,0.291640667,10.42723911,10.24997604,0.448
QY077,QY077,1994,7.516481638,1.3182508,109.9509506,8.560683716,1250,Non-calcareous,2.11984,5.754872,1.95,0.336699169,0,0.292181348,10.34192558,10.16611284,0.4665
QY077,QY077,1995,7.918312931,1.3182508,109.9509506,8.4201873,1250,Non-calcareous,2.10556,5.647336,0.89,0.38388648,0,0.292364676,10.27847243,10.1037384,0.485
QY077,QY077,1996,8.320144224,1.3182508,109.9509506,8.279690885,1250,Non-calcareous,2.10028,5.68456,1.47,0.387762407,0,0.293285543,10.0754601,9.904177278,0.5035
QY077,QY077,1997,8.721975518,1.3182508,109.9509506,8.13919447,1250,Non-calcareous,2.09872,5.698992,1.98,0.374900828,0,0.293997396,10.33373501,10.15806151,0.522
QY077,QY077,1998,9.123806811,1.3182508,109.9509506,7.998698054,1250,Non-calcareous,2.095,5.581776,1.33,0.396420169,0,0.294425333,10.55375361,10.3743398,0.5405
QY077,QY077,1999,9.525638104,1.3182508,109.9509506,7.858201639,1250,Non-calcareous,2.09216,5.595856,1,0.404200026,0,0.295143238,10.50634113,10.32773333,0.559
QY077,QY077,2000,9.927469397,1.3182508,109.9509506,7.717705224,1250,Non-calcareous,2.10184,5.595944,1.41,0.403156757,0,0.296449692,10.44737204,10.26976671,0.5775
QY077,QY077,2001,10.32930069,1.3182508,109.9509506,7.577208809,1250,Non-calcareous,2.11396,5.54288,1.14,0.41331451,0,0.297529295,10.3669264,10.19068865,0.596
QY077,QY077,2002,10.73113198,1.3182508,109.9509506,7.436712393,1250,Non-calcareous,2.10812,5.621728,2.09,0.398713626,0,0.298924035,10.39743194,10.2206756,0.6145
QY077,QY077,2003,11.13296328,1.3182508,109.9509506,7.296215978,1250,Non-calcareous,2.10152,5.395744,0.85,0.484736983,0,0.299778841,10.81523234,10.63137339,0.633
QY077,QY077,2004,11.53479457,1.3182508,109.9509506,7.155719563,1250,Non-calcareous,2.09792,5.466672,1.31,0.52060767,0,0.301257167,11.65599966,11.45784767,0.6515
QY077,QY077,2005,11.93662586,1.3182508,109.9509506,7.015223147,1250,Non-calcareous,2.09644,5.426896,1.31,0.566707881,0,0.302399374,10.93214457,10.74629811,0.67
QY077,QY077,2006,12.33845716,1.3182508,109.9509506,6.874726732,1250,Non-calcareous,2.09588,5.451008,1.55,0.567846021,0,0.303708286,9.920550823,9.751901459,0.6885
QY077,QY077,2007,12.74028845,1.3182508,109.9509506,6.734230317,1250,Non-calcareous,2.09604,5.381488,1.18,0.577847599,0,0.305193249,9.788282938,9.621882128,0.707
QY077,QY077,2008,13.14211974,1.3182508,109.9509506,6.593733901,1250,Non-calcareous,2.09288,5.365208,1.11,0.587083136,0,0.307093103,9.685491626,9.520838268,0.7255
QY077,QY077,2009,13.54395104,1.3182508,109.9509506,6.453237486,1250,Non-calcareous,2.08792,5.313816,0.95,0.604519182,0,0.309220518,9.143449033,8.988010399,0.744
QY077,QY077,2010,13.54395104,1.3182508,109.9509506,6.312741071,1250,Non-calcareous,2.08912,5.327632,0.91,0.613537935,0,0.31168055,8.556043958,8.410591211,0.7625
QY077,QY077,2011,12.5406954,1.3182508,109.9509506,6.172244656,1250,Non-calcareous,2.09052,5.22168,0.6,0.634712394,0,0.314410875,8.69389605,8.546099817,0.781
QY077,QY077,2012,11.53743977,1.3182508,109.9509506,6.03174824,1250,Non-calcareous,2.09332,5.262952,0.98,0.651042544,0,0.316910531,8.841006171,8.690709066,0.7995
QY077,QY077,2013,10.53418414,1.3182508,109.9509506,5.891251825,1250,Non-calcareous,2.0958,5.10552,0.43,0.661853636,0,0.318413911,8.857275335,8.706701654,0.818
QY077,QY077,2014,9.530928506,1.3182508,109.9509506,5.75075541,1250,Non-calcareous,2.08876,5.2648,1.16,0.703367272,0,0.320113745,8.817551434,8.667653059,0.8365
QY077,QY077,2015,8.527672874,1.3182508,109.9509506,5.610258994,1250,Non-calcareous,2.09004,5.189472,0.93,0.782543579,0,0.32052894,8.818329482,8.66841788,0.84
QY077,QY077,2016,7.524417242,1.3182508,109.9509506,5.469762579,1250,Non-calcareous,2.0926,5.212088,1.24,0.797566836,0,0.320661145,8.819146358,8.66922087,0.84
QY077,QY077,2017,6.521161609,1.3182508,109.9509506,5.329266164,1250,Non-calcareous,2.09232,5.167032,0.95,0.761012218,0,0.319820779,9.120259201,8.965214794,0.84
QY077,QY077,2018,5.517905977,1.3182508,109.9509506,5.188769749,1250,Non-calcareous,2.09012,5.137552,0.93,0.780359464,0,0.318860453,8.660247244,8.513023041,0.84
QY077,QY077,2019,4.514650345,1.3182508,109.9509506,5.048273333,1250,Non-calcareous,2.10628,5.113616,0.91,0.779631405,0,0.3174883,8.468082065,8.324124669,0.84
QY079,QY079,1985,6.504911744,1.15310596,227.9112801,32.87367891,1409.999967,Calcareous,1.660141883,6.70184,1.47,0.412791722,0,0.246204991,11.54054611,11.34435683,0.3
QY079,QY079,1986,6.504911744,1.15310596,227.9112801,32.40359618,1409.999967,Calcareous,1.643297911,6.699904,1.48,0.434696243,0,0.248226988,12.2942768,12.08527409,0.3185
QY079,QY079,1987,6.504911744,1.15310596,227.9112801,31.93351345,1409.999967,Calcareous,1.631418478,6.698848,1.53,0.52953567,0,0.250203109,11.15738496,10.96770942,0.337
QY079,QY079,1988,6.504911744,1.15310596,227.9112801,31.46343071,1409.999967,Calcareous,1.624716351,6.693568,1.2,0.549051598,0,0.25225221,11.23646023,11.04544041,0.3555
QY079,QY079,1989,6.504911744,1.15310596,227.9112801,30.99334798,1409.999967,Calcareous,1.613687981,6.692072,1.2,0.633109414,0,0.254356173,11.23569465,11.04468784,0.374
QY079,QY079,1990,6.504911744,1.15310596,227.9112801,30.52326525,1409.999967,Calcareous,1.60507096,6.695328,1.47,0.717737998,0,0.256481431,11,10.813,0.3925
QY079,QY079,1991,7.025894093,1.15310596,227.9112801,30.05318252,1409.999967,Calcareous,1.597305002,6.692776,1.48,0.749427948,0,0.258593153,10.83988829,10.65561019,0.411
QY079,QY079,1992,7.546876442,1.15310596,227.9112801,29.58309978,1409.999967,Calcareous,1.59078018,6.692336,1.53,0.778228233,0,0.260898941,11.46996302,11.27497364,0.4295
QY079,QY079,1993,8.067858791,1.15310596,227.9112801,29.11301705,1409.999967,Calcareous,1.584539045,6.6882,1.2,0.810116832,0,0.263350496,11.46996302,11.27497364,0.448
QY079,QY079,1994,8.58884114,1.15310596,227.9112801,28.64293432,1409.999967,Calcareous,1.577340463,6.70096,1.95,0.793377824,0,0.266056252,11.37611814,11.18272413,0.4665
QY079,QY079,1995,9.109823489,1.15310596,227.9112801,28.17285159,1409.999967,Calcareous,1.570035498,6.68248,0.89,0.925535581,0,0.26879561,11.30631967,11.11411224,0.485
QY079,QY079,1996,9.630805838,1.15310596,227.9112801,27.70276885,1409.999967,Calcareous,1.571312094,6.690928,1.47,0.910942422,0,0.271969801,11.08300611,10.89459501,0.5035
QY079,QY079,1997,10.15178819,1.15310596,227.9112801,27.23268612,1409.999967,Calcareous,1.576063867,6.697792,1.98,0.867978319,0,0.275215658,11.36710851,11.17386767,0.522
QY079,QY079,1998,10.67277054,1.15310596,227.9112801,26.76260339,1409.999967,Calcareous,1.578510676,6.692424,1.33,0.90794988,0,0.278512732,11.60912897,11.41177378,0.5405
QY079,QY079,1999,11.19375288,1.15310596,227.9112801,26.29252065,1409.999967,Calcareous,1.581631243,6.685824,1,0.928351921,0,0.282130387,11.55697524,11.36050666,0.559
QY079,QY079,2000,11.71473523,1.15310596,227.9112801,25.82243792,1409.999967,Calcareous,1.596844009,6.688112,1.41,0.949269352,0,0.286009543,11.49210924,11.29674338,0.5775
QY079,QY079,2001,12.23571758,1.15310596,227.9112801,25.35235519,1409.999967,Calcareous,1.614184435,6.683976,1.14,0.955582088,0,0.290000758,11.40361904,11.20975752,0.596
QY079,QY079,2002,12.75669993,1.15310596,227.9112801,24.88227246,1409.999967,Calcareous,1.613723442,6.701664,2.09,0.936829148,0,0.294248538,11.43717514,11.24274316,0.6145
QY079,QY079,2003,13.27768228,1.15310596,227.9112801,24.41218972,1409.999967,Calcareous,1.612588691,6.666112,0.85,1.156892593,0,0.298470976,11.89675557,11.69451072,0.633
QY079,QY079,2004,13.79866463,1.15310596,227.9112801,23.94210699,1409.999967,Calcareous,1.614255357,6.689256,1.31,1.258349492,0,0.303180409,12.82159963,12.60363243,0.6515
QY079,QY079,2005,14.31964698,1.15310596,227.9112801,23.47202426,1409.999967,Calcareous,1.617872379,6.67984,1.31,1.385981264,0,0.3079716,12.02535902,11.82092792,0.67
QY079,QY079,2006,14.84062933,1.15310596,227.9112801,23.00194153,1409.999967,Calcareous,1.622269542,6.6926,1.55,1.393121898,0,0.3130218,10.9126059,10.7270916,0.6885
QY079,QY079,2007,15.36161168,1.15310596,227.9112801,22.53185879,1409.999967,Calcareous,1.627269542,6.685648,1.18,1.410125477,0,0.318267265,10.76711123,10.58407034,0.707
QY079,QY079,2008,15.88259402,1.15310596,227.9112801,22.06177606,1409.999967,Calcareous,1.628865287,6.680808,1.11,1.431597387,0,0.323792834,10.65404079,10.47292209,0.7255
QY079,QY079,2009,16.40357637,1.15310596,227.9112801,21.59169333,1409.999967,Calcareous,1.62861706,6.674384,0.95,1.471749437,0,0.329526123,10.05779394,9.886811439,0.744
QY079,QY079,2010,16.40357637,1.15310596,227.9112801,21.12161059,1409.999967,Calcareous,1.634361741,6.672624,0.91,1.492082168,0,0.335519946,9.411648354,9.251650332,0.7625
QY079,QY079,2011,15.18849664,1.15310596,227.9112801,20.65152786,1409.999967,Calcareous,1.640141883,6.641032,0.6,1.536953372,0,0.341561831,9.563285655,9.400709799,0.781
QY079,QY079,2012,13.97341691,1.15310596,227.9112801,20.18144513,1409.999967,Calcareous,1.64716316,6.660656,0.98,1.571016473,0,0.347244741,9.725106788,9.559779972,0.7995
QY079,QY079,2013,12.75833718,1.15310596,227.9112801,19.7113624,1409.999967,Calcareous,1.653723443,6.624136,0.43,1.598909956,0,0.35240978,9.743002868,9.577371819,0.818
QY079,QY079,2014,11.54325745,1.15310596,227.9112801,19.24127966,1409.999967,Calcareous,1.650922025,6.679136,1.16,1.692038917,0,0.35729012,9.699306577,9.534418365,0.8365
QY079,QY079,2015,10.32817772,1.15310596,227.9112801,18.77119693,1409.999967,Calcareous,1.656241174,6.665848,0.93,1.995288377,0,0.361602885,9.70016243,9.535259668,0.84
QY079,QY079,2016,9.113097985,1.15310596,227.9112801,18.3011142,1409.999967,Calcareous,1.662695075,6.675176,1.24,2.037368214,0,0.365637134,9.701060994,9.536142957,0.84
QY079,QY079,2017,7.898018254,1.15310596,227.9112801,17.83103147,1409.999967,Calcareous,1.666241174,6.667608,0.95,1.907701103,0,0.369162293,10.03228512,9.861736274,0.84
QY079,QY079,2018,6.682938522,1.15310596,227.9112801,17.36094873,1409.999967,Calcareous,1.667836919,6.66664,0.93,1.980065982,0,0.372258245,9.526271968,9.364325345,0.84
QY079,QY079,2019,5.467858791,1.15310596,227.9112801,16.890866,1409.999967,Calcareous,1.687269543,6.664176,0.91,1.974991449,0,0.374966917,9.314890271,9.156537136,0.84
QY081,QY081,1985,6.536952818,1.181994887,73.79163498,45.50664615,1740.00001,Calcareous,2.196810333,6.704832,1.47,0.397375457,11.5103838,0.171405206,14.68796778,14.43827233,0.3
QY081,QY081,1986,6.536952818,1.181994887,73.79163498,44.85591617,1740.00001,Calcareous,2.175172402,6.702104,1.48,0.422635096,11.88422633,0.176691334,15.64726138,15.38125793,0.3185
QY081,QY081,1987,6.536952818,1.181994887,73.79163498,44.20518618,1740.00001,Calcareous,2.156379299,6.700608,1.53,0.507589149,12.94208102,0.182060779,14.20030813,13.95890289,0.337
QY081,QY081,1988,6.536952818,1.181994887,73.79163498,43.5544562,1740.00001,Calcareous,2.142931023,6.694184,1.2,0.518837955,13.77874308,0.187768826,14.30094939,14.05783325,0.3555
QY081,QY081,1989,6.536952818,1.181994887,73.79163498,42.90372621,1740.00001,Calcareous,2.124942517,6.692072,1.2,0.592376512,13.80217891,0.193729581,14.29997501,14.05687543,0.374
QY081,QY081,1990,6.536952818,1.181994887,73.79163498,42.25299623,1740.00001,Calcareous,2.109166655,6.695592,1.47,0.666562236,13.82601521,0.199705373,14,13.762,0.3925
QY081,QY081,1991,7.064343381,1.181994887,73.79163498,41.60226624,1740.00001,Calcareous,2.094224126,6.69304,1.48,0.690583839,13.138329,0.20568279,13.79622146,13.56168569,0.411
QY081,QY081,1992,7.591733945,1.181994887,73.79163498,40.95153626,1740.00001,Calcareous,2.080287345,6.6926,1.53,0.712326016,12.46263933,0.211611142,14.59813475,14.34996646,0.4295
QY081,QY081,1993,8.119124508,1.181994887,73.79163498,40.30080627,1740.00001,Calcareous,2.066551713,6.688376,1.2,0.742452539,13.90224558,0.217469538,14.59813475,14.34996646,0.448
QY081,QY081,1994,8.646515072,1.181994887,73.79163498,39.65007629,1740.00001,Calcareous,2.05255746,6.700344,1.95,0.723043597,14.23326342,0.223918721,14.47869581,14.23255798,0.4665
QY081,QY081,1995,9.173905635,1.181994887,73.79163498,38.9993463,1740.00001,Calcareous,2.038362058,6.68336,0.89,0.855761019,14.68348816,0.230532525,14.3898614,14.14523376,0.485
QY081,QY081,1996,9.701296199,1.181994887,73.79163498,38.34861632,1740.00001,Calcareous,2.03321838,6.690488,1.47,0.831178636,15.66303148,0.237551581,14.10564414,13.86584819,0.5035
QY081,QY081,1997,10.22868676,1.181994887,73.79163498,37.69788633,1740.00001,Calcareous,2.031867805,6.697264,1.98,0.788366314,17.24749587,0.244935561,14.46722901,14.22128612,0.522
QY081,QY081,1998,10.75607733,1.181994887,73.79163498,37.04715635,1740.00001,Calcareous,2.028563207,6.693216,1.33,0.820793868,18.51592208,0.252843245,14.77525506,14.52407572,0.5405
QY081,QY081,1999,11.28346789,1.181994887,73.79163498,36.39642636,1740.00001,Calcareous,2.026120679,6.686704,1,0.838618771,19.98527732,0.261325387,14.70887758,14.45882666,0.559
QY081,QY081,2000,11.81085845,1.181994887,73.79163498,35.74569638,1740.00001,Calcareous,2.036350564,6.688112,1.41,0.87140418,20.52136685,0.270411256,14.62632085,14.3776734,0.5775
QY081,QY081,2001,12.33824902,1.181994887,73.79163498,35.09496639,1740.00001,Calcareous,2.048591943,6.684416,1.14,0.871130089,21.15442361,0.279757198,14.51369696,14.26696411,0.596
QY081,QY081,2002,12.86563958,1.181994887,73.79163498,34.44423641,1740.00001,Calcareous,2.042528724,6.700872,2.09,0.856419832,21.17076746,0.289462489,14.55640472,14.30894584,0.6145
QY081,QY081,2003,13.39303014,1.181994887,73.79163498,33.79350642,1740.00001,Calcareous,2.035660908,6.667696,0.85,1.061177153,21.36983013,0.29919267,15.14132527,14.88392274,0.633
QY081,QY081,2004,13.92042071,1.181994887,73.79163498,33.14277644,1740.00001,Calcareous,2.031810334,6.688376,1.31,1.167954355,22.27656051,0.309305232,16.31839953,16.04098673,0.6515
QY081,QY081,2005,14.44781127,1.181994887,73.79163498,32.49204645,1740.00001,Calcareous,2.03025861,6.678696,1.31,1.292880471,23.24748988,0.319763363,15.30500239,15.04481735,0.67
QY081,QY081,2006,14.97520183,1.181994887,73.79163498,31.84131647,1740.00001,Calcareous,2.029683897,6.690928,1.55,1.29914335,24.15608281,0.330695495,13.88877115,13.65266204,0.6885
QY081,QY081,2007,15.5025924,1.181994887,73.79163498,31.19058648,1740.00001,Calcareous,2.029885046,6.684416,1.18,1.313082117,24.79250597,0.342039018,13.70359611,13.47063498,0.707
QY081,QY081,2008,16.02998296,1.181994887,73.79163498,30.5398565,1740.00001,Calcareous,2.02663792,6.679488,1.11,1.331997517,20.46756379,0.353766061,13.55968828,13.32917358,0.7255
QY081,QY081,2009,16.55737352,1.181994887,73.79163498,29.88912651,1740.00001,Calcareous,2.01979884,6.673064,0.95,1.368155433,20.99391887,0.364406658,12.80082865,12.58321456,0.744
QY081,QY081,2010,16.55737352,1.181994887,73.79163498,29.23839653,1740.00001,Calcareous,2.02025861,6.670512,0.91,1.386259399,21.53791133,0.375394263,11.97846154,11.77482769,0.7625
QY081,QY081,2011,15.33090141,1.181994887,73.79163498,28.58766655,1740.00001,Calcareous,2.020977,6.639536,0.6,1.428181639,21.19601705,0.38656478,12.17145447,11.96453974,0.781
QY081,QY081,2012,14.1044293,1.181994887,73.79163498,27.93693656,1740.00001,Calcareous,2.022844816,6.658896,0.98,1.45829779,21.52874846,0.397326237,12.37740864,12.16699269,0.7995
QY081,QY081,2013,12.87795719,1.181994887,73.79163498,27.28620658,1740.00001,Calcareous,2.024482748,6.622288,0.43,1.484649621,21.28179011,0.407763953,12.40018547,12.18938232,0.818
QY081,QY081,2014,11.65148507,1.181994887,73.79163498,26.63547659,1740.00001,Calcareous,2.016408035,6.676144,1.16,1.567555288,21.24,0.417872848,12.34457201,12.13471428,0.8365
QY081,QY081,2015,10.42501296,1.181994887,73.79163498,25.98474661,1740.00001,Calcareous,2.016896541,6.663472,0.93,1.884798341,19.35903471,0.427514932,12.34566127,12.13578503,0.84
QY081,QY081,2016,9.198540847,1.181994887,73.79163498,25.33401662,1740.00001,Calcareous,2.017931023,6.672536,1.24,1.926454088,19.50082259,0.436378777,12.3468049,12.13690922,0.84
QY081,QY081,2017,7.972068734,1.181994887,73.79163498,24.68328664,1740.00001,Calcareous,2.016494242,6.66488,0.95,1.79230738,19.41819342,0.444866017,12.76836288,12.55130071,0.84
QY081,QY081,2018,6.745596621,1.181994887,73.79163498,24.03255665,1740.00001,Calcareous,2.013160909,6.663736,0.93,1.867790207,18.03891103,0.452963385,12.12434614,11.91823226,0.84
QY081,QY081,2019,5.519124508,1.181994887,73.79163498,23.38182667,1740.00001,Calcareous,2.027873552,6.660832,0.91,1.862120294,17.05949009,0.46034032,11.85531489,11.65377454,0.84
QY085,QY085,1985,6.588309371,1.17753158,79.5356147,8.987431373,1250,Non-calcareous,1.607,6.033832,1.47,0.136465622,0,0.174140595,9.442265003,9.281746498,0.3
QY085,QY085,1986,6.588309371,1.17753158,79.5356147,8.858914078,1250,Non-calcareous,1.59124,5.926472,1.48,0.142604331,0,0.175252824,10.05895374,9.887951528,0.3185
QY085,QY085,1987,6.588309371,1.17753158,79.5356147,8.730396783,1250,Non-calcareous,1.58,5.843136,1.53,0.175293616,0,0.175993415,9.128769513,8.973580431,0.337
QY085,QY085,1988,6.588309371,1.17753158,79.5356147,8.601879487,1250,Non-calcareous,1.57356,5.796056,1.2,0.183533321,0,0.176642519,9.193467462,9.037178515,0.3555
QY085,QY085,1989,6.588309371,1.17753158,79.5356147,8.473362192,1250,Non-calcareous,1.5632,5.750648,1.2,0.212843371,0,0.177364559,9.192841076,9.036562778,0.374
QY085,QY085,1990,6.588309371,1.17753158,79.5356147,8.344844897,1250,Non-calcareous,1.55508,5.698992,1.47,0.242319895,0,0.177966027,9,8.847,0.3925
QY085,QY085,1991,7.125971246,1.17753158,79.5356147,8.216327601,1250,Non-calcareous,1.54776,5.649448,1.48,0.254281542,0,0.178251872,8.868999509,8.718226517,0.411
QY085,QY085,1992,7.66363312,1.17753158,79.5356147,8.087810306,1250,Non-calcareous,1.5416,5.60096,1.53,0.265122796,0,0.178609174,9.384515195,9.224978437,0.4295
QY085,QY085,1993,8.201294994,1.17753158,79.5356147,7.959293011,1250,Non-calcareous,1.53572,5.576056,1.2,0.275814867,0,0.178859796,9.384515195,9.224978437,0.448
QY085,QY085,1994,8.738956868,1.17753158,79.5356147,7.830775716,1250,Non-calcareous,1.52896,5.57456,1.95,0.271127336,0,0.179557387,9.30773302,9.149501558,0.4665
QY085,QY085,1995,9.276618743,1.17753158,79.5356147,7.70225842,1250,Non-calcareous,1.52208,5.485592,0.89,0.313307683,0,0.1797293,9.250625185,9.093364557,0.485
QY085,QY085,1996,9.814280617,1.17753158,79.5356147,7.573741125,1250,Non-calcareous,1.5232,5.49756,1.47,0.311145367,0,0.180926768,9.06791409,8.91375955,0.5035
QY085,QY085,1997,10.35194249,1.17753158,79.5356147,7.44522383,1250,Non-calcareous,1.52756,5.4914,1.98,0.297471012,0,0.181768718,9.300361508,9.142255363,0.522
QY085,QY085,1998,10.88960437,1.17753158,79.5356147,7.316706534,1250,Non-calcareous,1.52988,5.410176,1.33,0.312175624,0,0.182179577,9.498378252,9.336905822,0.5405
QY085,QY085,1999,11.42726624,1.17753158,79.5356147,7.188189239,1250,Non-calcareous,1.53288,5.386328,1,0.319271488,0,0.183195787,9.455707014,9.294959995,0.559
QY085,QY085,2000,11.96492811,1.17753158,79.5356147,7.059671944,1250,Non-calcareous,1.54704,5.383072,1.41,0.323086436,0,0.184795245,9.402634834,9.242790042,0.5775
QY085,QY085,2001,12.50258999,1.17753158,79.5356147,6.931154649,1250,Non-calcareous,1.56332,5.334408,1.14,0.326844858,0,0.186094426,9.330233761,9.171619787,0.596
QY085,QY085,2002,13.04025186,1.17753158,79.5356147,6.802637353,1250,Non-calcareous,1.56332,5.375856,2.09,0.319642013,0,0.187841788,9.35768875,9.198608041,0.6145
QY085,QY085,2003,13.57791374,1.17753158,79.5356147,6.674120058,1250,Non-calcareous,1.56256,5.202848,0.85,0.393635014,0,0.188653985,9.733709102,9.568236047,0.633
QY085,QY085,2004,14.11557561,1.17753158,79.5356147,6.545602763,1250,Non-calcareous,1.56436,5.236552,1.31,0.424968315,0,0.190670321,10.49039969,10.3120629,0.6515
QY085,QY085,2005,14.65323749,1.17753158,79.5356147,6.417085467,1250,Non-calcareous,1.56804,5.198976,1.31,0.466412844,0,0.192072173,9.838930109,9.671668297,0.67
QY085,QY085,2006,15.19089936,1.17753158,79.5356147,6.288568172,1250,Non-calcareous,1.5724,5.202848,1.55,0.468821675,0,0.193674861,8.92849574,8.776711313,0.6885
QY085,QY085,2007,15.72856123,1.17753158,79.5356147,6.160050877,1250,Non-calcareous,1.57736,5.133504,1.18,0.47508362,0,0.195313574,8.809454644,8.659693915,0.707
QY085,QY085,2008,16.26622311,1.17753158,79.5356147,6.031533582,1250,Non-calcareous,1.5792,5.101384,1.11,0.482564688,0,0.197530136,8.716942463,8.568754441,0.7255
QY085,QY085,2009,16.80388498,1.17753158,79.5356147,5.903016286,1250,Non-calcareous,1.57936,5.045152,0.95,0.49639533,0,0.199950798,8.22910413,8.089209359,0.744
QY085,QY085,2010,16.80388498,1.17753158,79.5356147,5.774498991,1250,Non-calcareous,1.58504,5.029664,0.91,0.503450919,0,0.202769614,7.700439562,7.56953209,0.7625
QY085,QY085,2011,15.55915276,1.17753158,79.5356147,5.645981696,1250,Non-calcareous,1.59076,4.92292,0.6,0.518661415,0,0.205750709,7.824506445,7.691489836,0.781
QY085,QY085,2012,14.31442054,1.17753158,79.5356147,5.5174644,1250,Non-calcareous,1.59764,4.944568,0.98,0.530580154,0,0.208529224,7.956905554,7.821638159,0.7995
QY085,QY085,2013,13.06968832,1.17753158,79.5356147,5.388947105,1250,Non-calcareous,1.60416,4.781152,0.43,0.539870714,0,0.209775185,7.971547801,7.836031489,0.818
QY085,QY085,2014,11.8249561,1.17753158,79.5356147,5.26042981,1250,Non-calcareous,1.60204,4.890008,1.16,0.572199258,0,0.211504638,7.93579629,7.800887753,0.8365
QY085,QY085,2015,10.58022388,1.17753158,79.5356147,5.131912514,1250,Non-calcareous,1.60736,4.815208,0.93,0.665024929,0,0.2108789,7.936496533,7.801576092,0.84
QY085,QY085,2016,9.335491657,1.17753158,79.5356147,5.003395219,1250,Non-calcareous,1.61376,4.808872,1.24,0.678582532,0,0.210048072,7.937231722,7.802298783,0.84
QY085,QY085,2017,8.090759436,1.17753158,79.5356147,4.874877924,1250,Non-calcareous,1.61752,4.728088,0.95,0.638454889,0,0.207574207,8.208233281,8.068693315,0.84
QY085,QY085,2018,6.846027215,1.17753158,79.5356147,4.746360629,1250,Non-calcareous,1.61948,4.66112,0.93,0.660672666,0,0.204977036,7.79422252,7.661720737,0.84
QY085,QY085,2019,5.601294994,1.17753158,79.5356147,4.617843333,1250,Non-calcareous,1.63784,4.584032,0.91,0.659221818,0,0.201612121,7.621273858,7.491712203,0.84
QY087,QY087,1985,6.540480816,1.18527533,100.11673,22.90814971,1379.999995,Calcareous,2.234963776,6.703688,1.47,0.336195923,5.115726133,0.182920108,12.58968667,12.375662,0.3
QY087,QY087,1986,6.540480816,1.18527533,100.11673,22.58057075,1379.999995,Calcareous,2.212210153,6.70184,1.48,0.354725578,5.281878369,0.18713936,13.41193832,13.18393537,0.3185
QY087,QY087,1987,6.540480816,1.18527533,100.11673,22.25299179,1379.999995,Calcareous,2.193659428,6.699992,1.53,0.424216101,5.752036009,0.191380153,12.17169268,11.96477391,0.337
QY087,QY087,1988,6.540480816,1.18527533,100.11673,21.92541282,1379.999995,Calcareous,2.180905805,6.6948,1.2,0.43484332,6.123885812,0.195839342,12.25795662,12.04957135,0.3555
QY087,QY087,1989,6.540480816,1.18527533,100.11673,21.59783386,1379.999995,Calcareous,2.163333341,6.692336,1.2,0.493631041,6.134301737,0.200452049,12.25712143,12.04875037,0.374
QY087,QY087,1990,6.540480816,1.18527533,100.11673,21.2702549,1379.999995,Calcareous,2.148297109,6.695152,1.47,0.552970804,6.14489565,0.205074845,12,11.796,0.3925
QY087,QY087,1991,7.06857698,1.18527533,100.11673,20.94267594,1379.999995,Calcareous,2.134239138,6.692336,1.48,0.573207783,5.839257335,0.209691657,11.82533268,11.62430202,0.411
QY087,QY087,1992,7.596673143,1.18527533,100.11673,20.61509698,1379.999995,Calcareous,2.121413051,6.691984,1.53,0.590536652,5.538950813,0.214386919,12.51268693,12.29997125,0.4295
QY087,QY087,1993,8.124769306,1.18527533,100.11673,20.28751801,1379.999995,Calcareous,2.108913051,6.6882,1.2,0.616394653,6.178775813,0.21912536,12.51268693,12.29997125,0.448
QY087,QY087,1994,8.652865469,1.18527533,100.11673,19.95993905,1379.999995,Calcareous,2.095724645,6.70096,1.95,0.601735025,6.325894855,0.224320637,12.41031069,12.19933541,0.4665
QY087,QY087,1995,9.180961633,1.18527533,100.11673,19.63236009,1379.999995,Calcareous,2.082463775,6.682304,0.89,0.709138582,6.525994739,0.229660676,12.33416691,12.12448608,0.485
QY087,QY087,1996,9.709057796,1.18527533,100.11673,19.30478113,1379.999995,Calcareous,2.078840587,6.691104,1.47,0.693116495,6.961347322,0.23541483,12.09055212,11.88501273,0.5035
QY087,QY087,1997,10.23715396,1.18527533,100.11673,18.97720217,1379.999995,Calcareous,2.079311601,6.697792,1.98,0.66074881,7.66555372,0.241439856,12.40048201,12.18967382,0.522
QY087,QY087,1998,10.76525012,1.18527533,100.11673,18.6496232,1379.999995,Calcareous,2.077427543,6.69216,1.33,0.690161603,8.229298701,0.247811368,12.66450434,12.44920776,0.5405
QY087,QY087,1999,11.29334629,1.18527533,100.11673,18.32204424,1379.999995,Calcareous,2.076449283,6.686,1,0.703944656,8.882345474,0.254650971,12.60760935,12.39327999,0.559
QY087,QY087,2000,11.82144245,1.18527533,100.11673,17.99446528,1379.999995,Calcareous,2.089130442,6.687936,1.41,0.727846589,9.120607487,0.261957677,12.53684645,12.32372006,0.5775
QY087,QY087,2001,12.34953861,1.18527533,100.11673,17.66688632,1379.999995,Calcareous,2.104057978,6.683712,1.14,0.73180498,9.401966047,0.269487266,12.44031168,12.22882638,0.596
QY087,QY087,2002,12.87763478,1.18527533,100.11673,17.33930736,1379.999995,Calcareous,2.099239138,6.701576,2.09,0.714717798,9.409229983,0.277347697,12.47691833,12.26481072,0.6145
QY087,QY087,2003,13.40573094,1.18527533,100.11673,17.01172839,1379.999995,Calcareous,2.093623196,6.66532,0.85,0.88033934,9.49770228,0.285245137,12.9782788,12.75764806,0.633
QY087,QY087,2004,13.9338271,1.18527533,100.11673,16.68414943,1379.999995,Calcareous,2.091231891,6.68908,1.31,0.968409021,9.900693559,0.293559877,13.98719959,13.7494172,0.6515
QY087,QY087,2005,14.46192327,1.18527533,100.11673,16.35657047,1379.999995,Calcareous,2.091195659,6.679312,1.31,1.0686603,10.33221772,0.302124874,13.11857348,12.89555773,0.67
QY087,QY087,2006,14.99001943,1.18527533,100.11673,16.02899151,1379.999995,Calcareous,2.092137688,6.692336,1.55,1.072142532,10.7360368,0.311091461,11.90466099,11.70228175,0.6885
QY087,QY087,2007,15.51811559,1.18527533,100.11673,15.70141254,1379.999995,Calcareous,2.093876819,6.684944,1.18,1.085562508,11.01889154,0.320407072,11.74593953,11.54625855,0.707
QY087,QY087,2008,16.04621175,1.18527533,100.11673,15.37383358,1379.999995,Calcareous,2.091847833,6.680544,1.11,1.101163468,9.096695017,0.330077615,11.62258995,11.42500592,0.7255
QY087,QY087,2009,16.57430792,1.18527533,100.11673,15.04625462,1379.999995,Calcareous,2.086884065,6.674208,0.95,1.131432955,9.330630607,0.339251041,10.97213884,10.78561248,0.744
QY087,QY087,2010,16.57430792,1.18527533,100.11673,14.71867566,1379.999995,Calcareous,2.089202906,6.672624,0.91,1.146675266,9.572405037,0.348757461,10.26725275,10.09270945,0.7625
QY087,QY087,2011,15.34658141,1.18527533,100.11673,14.3910967,1379.999995,Calcareous,2.091702906,6.64068,0.6,1.183798251,9.420452021,0.358389766,10.43267526,10.25531978,0.781
QY087,QY087,2012,14.11885489,1.18527533,100.11673,14.06351773,1379.999995,Calcareous,2.095579717,6.660744,0.98,1.210131856,9.568332651,0.367567416,10.6092074,10.42885088,0.7995
QY087,QY087,2013,12.89112838,1.18527533,100.11673,13.73593877,1379.999995,Calcareous,2.09909421,6.624224,0.43,1.231527221,9.458573384,0.376277611,10.6287304,10.44804198,0.818
QY087,QY087,2014,11.66340187,1.18527533,100.11673,13.40835981,1379.999995,Calcareous,2.092137688,6.679576,1.16,1.30150043,9.44,0.384611286,10.58106172,10.40118367,0.8365
QY087,QY087,2015,10.43567536,1.18527533,100.11673,13.08078085,1379.999995,Calcareous,2.094347833,6.66576,0.93,1.538165319,8.604015426,0.392380341,10.58199538,10.40210146,0.84
QY087,QY087,2016,9.207948843,1.18527533,100.11673,12.75320189,1379.999995,Calcareous,2.097500007,6.675176,1.24,1.571632516,8.667032264,0.399513012,10.58297563,10.40306504,0.84
QY087,QY087,2017,7.980222331,1.18527533,100.11673,12.42562292,1379.999995,Calcareous,2.09775363,6.667608,0.95,1.469922472,8.630308188,0.406148624,10.94431104,10.75825775,0.84
QY087,QY087,2018,6.752495818,1.18527533,100.11673,12.09804396,1379.999995,Calcareous,2.095869572,6.666376,0.93,1.526522238,8.017293793,0.412313688,10.39229669,10.21562765,0.84
QY087,QY087,2019,5.524769306,1.18527533,100.11673,11.770465,1379.999995,Calcareous,2.113695659,6.664088,0.91,1.522640832,7.581995597,0.417844614,10.16169848,9.988949603,0.84
QY090,QY090,1985,6.192973518,1.183341835,108.447782,25.34106323,1379.999995,Calcareous,2.1685145,6.70492,1.47,0.162698886,0,0.153095144,9.442265003,9.281746498,0.3
QY090,QY090,1986,6.192973518,1.183341835,108.447782,24.97869441,1379.999995,Calcareous,2.141920297,6.703688,1.48,0.168124551,0,0.155449227,10.05895374,9.887951528,0.3185
QY090,QY090,1987,6.192973518,1.183341835,108.447782,24.61632559,1379.999995,Calcareous,2.119456529,6.70272,1.53,0.203763341,0,0.157777595,9.128769513,8.973580431,0.337
QY090,QY090,1988,6.192973518,1.183341835,108.447782,24.25395677,1379.999995,Calcareous,2.101413051,6.698672,1.2,0.213279284,0,0.16013281,9.193467462,9.037178515,0.3555
QY090,QY090,1989,6.192973518,1.183341835,108.447782,23.89158795,1379.999995,Calcareous,2.079927543,6.69744,1.2,0.24373707,0,0.162509179,9.192841076,9.036562778,0.374
QY090,QY090,1990,6.192973518,1.183341835,108.447782,23.52921913,1379.999995,Calcareous,2.060652181,6.700608,1.47,0.274414843,0,0.164888822,9,8.847,0.3925
QY090,QY090,1991,6.651568222,1.183341835,108.447782,23.16685031,1379.999995,Calcareous,2.042282616,6.698056,1.48,0.287446026,0,0.167255117,8.868999509,8.718226517,0.411
QY090,QY090,1992,7.110162925,1.183341835,108.447782,22.80448149,1379.999995,Calcareous,2.025144935,6.697792,1.53,0.298322582,0,0.169786988,9.384515195,9.224978437,0.4295
QY090,QY090,1993,7.568757629,1.183341835,108.447782,22.44211267,1379.999995,Calcareous,2.008478268,6.695064,1.2,0.311311417,0,0.172460605,9.384515195,9.224978437,0.448
QY090,QY090,1994,8.027352333,1.183341835,108.447782,22.07974385,1379.999995,Calcareous,1.991159427,6.705712,1.95,0.306770734,0,0.175328838,9.30773302,9.149501558,0.4665
QY090,QY090,1995,8.485947036,1.183341835,108.447782,21.71737503,1379.999995,Calcareous,1.973985514,6.692336,0.89,0.35351038,0,0.178284756,9.250625185,9.093364557,0.485
QY090,QY090,1996,8.94454174,1.183341835,108.447782,21.35500621,1379.999995,Calcareous,1.964202905,6.69788,1.47,0.353490531,0,0.181521209,9.06791409,8.91375955,0.5035
QY090,QY090,1997,9.403136444,1.183341835,108.447782,20.99263738,1379.999995,Calcareous,1.957463775,6.703072,1.98,0.340501192,0,0.184863326,9.300361508,9.142255363,0.522
QY090,QY090,1998,9.861731147,1.183341835,108.447782,20.63026856,1379.999995,Calcareous,1.949021746,6.700168,1.33,0.358792504,0,0.188299031,9.498378252,9.336905822,0.5405
QY090,QY090,1999,10.32032585,1.183341835,108.447782,20.26789974,1379.999995,Calcareous,1.941340586,6.695416,1,0.365727963,0,0.191964693,9.455707014,9.294959995,0.559
QY090,QY090,2000,10.77892055,1.183341835,108.447782,19.90553092,1379.999995,Calcareous,1.94391305,6.696032,1.41,0.368964145,0,0.195830031,9.402634834,9.242790042,0.5775
QY090,QY090,2001,11.23751526,1.183341835,108.447782,19.5431621,1379.999995,Calcareous,1.948442036,6.693304,1.14,0.376202482,0,0.199812131,9.330233761,9.171619787,0.596
QY090,QY090,2002,11.69610996,1.183341835,108.447782,19.18079328,1379.999995,Calcareous,1.938260876,6.707296,2.09,0.36390568,0,0.203993414,9.35768875,9.198608041,0.6145
QY090,QY090,2003,12.15470467,1.183341835,108.447782,18.81842446,1379.999995,Calcareous,1.927717398,6.679488,0.85,0.443811304,0,0.208216684,9.733709102,9.568236047,0.633
QY090,QY090,2004,12.61329937,1.183341835,108.447782,18.45605564,1379.999995,Calcareous,1.91967392,6.699904,1.31,0.48068102,0,0.21275721,10.49039969,10.3120629,0.6515
QY090,QY090,2005,13.07189407,1.183341835,108.447782,18.09368682,1379.999995,Calcareous,1.913442036,6.69128,1.31,0.525414909,0,0.217392382,9.838930109,9.671668297,0.67
QY090,QY090,2006,13.53048878,1.183341835,108.447782,17.731318,1379.999995,Calcareous,1.908007253,6.70272,1.55,0.526494949,0,0.222220101,8.92849574,8.776711313,0.6885
QY090,QY090,2007,13.98908348,1.183341835,108.447782,17.36894918,1379.999995,Calcareous,1.903260876,6.69832,1.18,0.535037909,0,0.227211464,8.809454644,8.659693915,0.707
QY090,QY090,2008,14.44767818,1.183341835,108.447782,17.00658036,1379.999995,Calcareous,1.895797108,6.694712,1.11,0.543273146,0,0.232419141,8.716942463,8.568754441,0.7255
QY090,QY090,2009,14.90627289,1.183341835,108.447782,16.64421154,1379.999995,Calcareous,1.88699276,6.690664,0.95,0.559022088,0,0.237800138,8.22910413,8.089209359,0.744
QY090,QY090,2010,14.90627289,1.183341835,108.447782,16.28184272,1379.999995,Calcareous,1.88333334,6.689608,0.91,0.567104492,0,0.243385568,7.700439562,7.56953209,0.7625
QY090,QY090,2011,13.80210453,1.183341835,108.447782,15.9194739,1379.999995,Calcareous,1.879855079,6.665672,0.6,0.586547116,0,0.248993435,7.824506445,7.691489836,0.781
QY090,QY090,2012,12.69793616,1.183341835,108.447782,15.55710508,1379.999995,Calcareous,1.877536238,6.678784,0.98,0.601074323,0,0.254240586,7.956905554,7.821638159,0.7995
QY090,QY090,2013,11.5937678,1.183341835,108.447782,15.19473626,1379.999995,Calcareous,1.875036238,6.656344,0.43,0.611228644,0,0.259025047,7.971547801,7.836031489,0.818
QY090,QY090,2014,10.48959944,1.183341835,108.447782,14.83236744,1379.999995,Calcareous,1.864782615,6.695768,1.16,0.648419651,0,0.263498287,7.93579629,7.800887753,0.8365
QY090,QY090,2015,9.385431077,1.183341835,108.447782,14.46999862,1379.999995,Calcareous,1.861521746,6.686176,0.93,0.734165982,0,0.267469343,7.936496533,7.801576092,0.84
QY090,QY090,2016,8.281262715,1.183341835,108.447782,14.10762979,1379.999995,Calcareous,1.859311601,6.692248,1.24,0.748887929,0,0.271097331,7.937231722,7.802298783,0.84
QY090,QY090,2017,7.177094353,1.183341835,108.447782,13.74526097,1379.999995,Calcareous,1.854818847,6.688112,0.95,0.710314559,0,0.27426531,8.208233281,8.068693315,0.84
QY090,QY090,2018,6.072925991,1.183341835,108.447782,13.38289215,1379.999995,Calcareous,1.848840586,6.68776,0.93,0.731105103,0,0.277048066,7.79422252,7.661720737,0.84
QY090,QY090,2019,4.968757629,1.183341835,108.447782,13.02052333,1379.999995,Calcareous,1.857898557,6.686088,0.91,0.730084739,0,0.279446638,7.621273858,7.491712203,0.84
QY094,QY094,1985,5.832090342,1.180771099,152.512294,43.25509949,1379.999995,Calcareous,1.46778986,6.71064,1.47,0.087412799,0,0.180373021,8.393124447,8.250441332,0.3
QY094,QY094,1986,5.832090342,1.180771099,152.512294,42.63656588,1379.999995,Calcareous,1.451956527,6.70932,1.48,0.093429738,0,0.182406885,8.941292215,8.789290247,0.3185
QY094,QY094,1987,5.832090342,1.180771099,152.512294,42.01803227,1379.999995,Calcareous,1.439746382,6.7102,1.53,0.111842774,0,0.184409087,8.114461789,7.976515939,0.337
QY094,QY094,1988,5.832090342,1.180771099,152.512294,41.39949865,1379.999995,Calcareous,1.431413048,6.706328,1.2,0.113740597,0,0.186434094,8.171971077,8.033047569,0.3555
QY094,QY094,1989,5.832090342,1.180771099,152.512294,40.78096504,1379.999995,Calcareous,1.419927541,6.705448,1.2,0.129639171,0,0.188501101,8.17141429,8.032500247,0.374
QY094,QY094,1990,5.832090342,1.180771099,152.512294,40.16243143,1379.999995,Calcareous,1.41028986,6.70844,1.47,0.145686381,0,0.19056588,8,7.864,0.3925
QY094,QY094,1991,6.21850841,1.180771099,152.512294,39.54389782,1379.999995,Calcareous,1.401376816,6.706152,1.48,0.15054054,0,0.19259313,7.883555119,7.749534682,0.411
QY094,QY094,1992,6.604926479,1.180771099,152.512294,38.9253642,1379.999995,Calcareous,1.393442034,6.706768,1.53,0.15498915,0,0.194756533,8.341791284,8.199980833,0.4295
QY094,QY094,1993,6.991344547,1.180771099,152.512294,38.30683059,1379.999995,Calcareous,1.385760874,6.702808,1.2,0.161554436,0,0.197027564,8.341791284,8.199980833,0.448
QY094,QY094,1994,7.377762615,1.180771099,152.512294,37.68829698,1379.999995,Calcareous,1.377391309,6.709232,1.95,0.156951969,0,0.199489997,8.273540462,8.132890274,0.4665
QY094,QY094,1995,7.764180684,1.180771099,152.512294,37.06976337,1379.999995,Calcareous,1.369021744,6.7058,0.89,0.186825134,0,0.201953968,8.222777943,8.082990718,0.485
QY094,QY094,1996,8.150598752,1.180771099,152.512294,36.45122975,1379.999995,Calcareous,1.367101454,6.705096,1.47,0.180407305,0,0.204755933,8.06036808,7.923341823,0.5035
QY094,QY094,1997,8.537016821,1.180771099,152.512294,35.83269614,1379.999995,Calcareous,1.367862324,6.708088,1.98,0.170647684,0,0.207587986,8.266988007,8.126449211,0.522
QY094,QY094,1998,8.923434889,1.180771099,152.512294,35.21416253,1379.999995,Calcareous,1.366956526,6.713192,1.33,0.177249146,0,0.210448096,8.443002891,8.299471841,0.5405
QY094,QY094,1999,9.309852957,1.180771099,152.512294,34.59562892,1379.999995,Calcareous,1.36663044,6.707648,1,0.181130591,0,0.213567343,8.405072901,8.262186662,0.559
QY094,QY094,2000,9.696271026,1.180771099,152.512294,33.9770953,1379.999995,Calcareous,1.375362324,6.705008,1.41,0.189435299,0,0.216886849,8.35789763,8.21581337,0.5775
QY094,QY094,2001,10.08268909,1.180771099,152.512294,33.35856169,1379.999995,Calcareous,1.385760874,6.707296,1.14,0.188682732,0,0.220267905,8.293541121,8.152550922,0.596
QY094,QY094,2002,10.46910716,1.180771099,152.512294,32.74002808,1379.999995,Calcareous,1.383043483,6.711872,2.09,0.185965701,0,0.22384843,8.317945555,8.176540481,0.6145
QY094,QY094,2003,10.85552523,1.180771099,152.512294,32.12149447,1379.999995,Calcareous,1.379818845,6.70228,0.85,0.231014103,0,0.227369505,8.652185868,8.505098709,0.633
QY094,QY094,2004,11.2419433,1.180771099,152.512294,31.50296085,1379.999995,Calcareous,1.378731889,6.710024,1.31,0.255258039,0,0.231277566,9.324799729,9.166278133,0.6515
QY094,QY094,2005,11.62836137,1.180771099,152.512294,30.88442724,1379.999995,Calcareous,1.37913044,6.704216,1.31,0.283222235,0,0.235208675,8.745715653,8.597038487,0.67
QY094,QY094,2006,12.01477944,1.180771099,152.512294,30.26589363,1379.999995,Calcareous,1.380144932,6.711168,1.55,0.284674092,0,0.239304452,7.936440658,7.801521167,0.6885
QY094,QY094,2007,12.4011975,1.180771099,152.512294,29.64736002,1379.999995,Calcareous,1.381702903,6.711872,1.18,0.287473899,0,0.243520872,7.83062635,7.697505702,0.707
QY094,QY094,2008,12.78761557,1.180771099,152.512294,29.0288264,1379.999995,Calcareous,1.380760874,6.707736,1.11,0.291542507,0,0.24796102,7.7483933,7.616670614,0.7255
QY094,QY094,2009,13.17403364,1.180771099,152.512294,28.41029279,1379.999995,Calcareous,1.378478266,6.707032,0.95,0.299349236,0,0.252553786,7.314759226,7.19040832,0.744
QY094,QY094,2010,13.17403364,1.180771099,152.512294,27.79175918,1379.999995,Calcareous,1.380688411,6.703336,0.91,0.303237706,0,0.25733848,6.844835166,6.728472968,0.7625
QY094,QY094,2011,12.1981793,1.180771099,152.512294,27.17322557,1379.999995,Calcareous,1.383007251,6.692248,0.6,0.312269089,0,0.262148074,6.95511684,6.836879854,0.781
QY094,QY094,2012,11.22232495,1.180771099,152.512294,26.55469195,1379.999995,Calcareous,1.386268121,6.696208,0.98,0.318660104,0,0.266671689,7.072804937,6.952567253,0.7995
QY094,QY094,2013,10.24647061,1.180771099,152.512294,25.93615834,1379.999995,Calcareous,1.389239135,6.693832,0.43,0.32448033,0,0.270743997,7.085820268,6.965361323,0.818
QY094,QY094,2014,9.270616266,1.180771099,152.512294,25.31762473,1379.999995,Calcareous,1.38528986,6.705624,1.16,0.342275251,0,0.274604477,7.054041147,6.934122447,0.8365
QY094,QY094,2015,8.294761922,1.180771099,152.512294,24.69909112,1379.999995,Calcareous,1.387427541,6.703336,0.93,0.415774075,0,0.27793356,7.054663585,6.934734304,0.84
QY094,QY094,2016,7.318907578,1.180771099,152.512294,24.0805575,1379.999995,Calcareous,1.390398556,6.704392,1.24,0.425126968,0,0.28098653,7.055317086,6.935376696,0.84
QY094,QY094,2017,6.343053235,1.180771099,152.512294,23.46202389,1379.999995,Calcareous,1.391304353,6.703952,0.95,0.394244578,0,0.283598754,7.29620736,7.172171835,0.84
QY094,QY094,2018,5.367198891,1.180771099,152.512294,22.84349028,1379.999995,Calcareous,1.390797106,6.703688,0.93,0.411700405,0,0.285903738,6.928197795,6.810418433,0.84
QY094,QY094,2019,4.391344547,1.180771099,152.512294,22.22495667,1379.999995,Calcareous,1.403550729,6.702456,0.91,0.410342383,0,0.287872868,6.774465652,6.659299736,0.84
QY095,QY095,1985,5.992042684,1.175109802,114.3166033,30.11385444,1409.999967,Non-calcareous,1.460638332,5.633784,1.47,0.095031885,1.723306049,0.210979157,6.294843335,6.187830999,0.3
QY095,QY095,1986,5.992042684,1.175109802,114.3166033,29.68323629,1409.999967,Non-calcareous,1.443865282,5.600168,1.48,0.097969594,1.779276823,0.212033651,6.705969161,6.591967685,0.3185
QY095,QY095,1987,5.992042684,1.175109802,114.3166033,29.25261813,1409.999967,Non-calcareous,1.42914897,5.555376,1.53,0.11672567,1.937656198,0.212915967,6.085846342,5.982386954,0.337
QY095,QY095,1988,5.992042684,1.175109802,114.3166033,28.82199997,1409.999967,Non-calcareous,1.417340459,5.80864,1.2,0.121254562,2.062919161,0.213720815,6.128978308,6.024785677,0.3555
QY095,QY095,1989,5.992042684,1.175109802,114.3166033,28.39138182,1409.999967,Non-calcareous,1.403226984,5.834864,1.2,0.136411935,2.066427916,0.215469451,6.128560717,6.024375185,0.374
QY095,QY095,1990,5.992042684,1.175109802,114.3166033,27.96076366,1409.999967,Non-calcareous,1.390461026,5.68632,1.47,0.151717948,2.069996628,0.217248024,6,5.898,0.3925
QY095,QY095,1991,6.410451221,1.175109802,114.3166033,27.53014551,1409.999967,Non-calcareous,1.378226983,5.62076,1.48,0.158069142,1.967037958,0.21845959,5.912666339,5.812151012,0.411
QY095,QY095,1992,6.828859758,1.175109802,114.3166033,27.09952735,1409.999967,Non-calcareous,1.366737621,5.5244,1.53,0.162904491,1.86587538,0.219569202,6.256343463,6.149985624,0.4295
QY095,QY095,1993,7.247268295,1.175109802,114.3166033,26.66890919,1409.999967,Non-calcareous,1.355496486,5.806264,1.2,0.170516023,2.081409649,0.220338182,6.256343463,6.149985624,0.448
QY095,QY095,1994,7.665676832,1.175109802,114.3166033,26.23829104,1409.999967,Non-calcareous,1.344007124,5.68456,1.95,0.167873035,2.130968818,0.222428353,6.205155346,6.099667706,0.4665
QY095,QY095,1995,8.084085369,1.175109802,114.3166033,25.80767288,1409.999967,Non-calcareous,1.332553223,5.897608,0.89,0.194458627,2.198375347,0.223626442,6.167083457,6.062243038,0.485
QY095,QY095,1996,8.502493906,1.175109802,114.3166033,25.37705473,1409.999967,Non-calcareous,1.325957478,5.783472,1.47,0.194168901,2.345030136,0.226439236,6.04527606,5.942506367,0.5035
QY095,QY095,1997,8.920902443,1.175109802,114.3166033,24.94643657,1409.999967,Non-calcareous,1.321418471,5.696528,1.98,0.187693233,2.582252206,0.228734032,6.200241006,6.094836908,0.522
QY095,QY095,1998,9.339310979,1.175109802,114.3166033,24.51581842,1409.999967,Non-calcareous,1.315886556,5.744488,1.33,0.197941861,2.772157825,0.230440021,6.332252168,6.224603881,0.5405
QY095,QY095,1999,9.757719516,1.175109802,114.3166033,24.08520026,1409.999967,Non-calcareous,1.310851095,5.975928,1,0.201181796,2.992146039,0.23314045,6.303804676,6.196639996,0.559
QY095,QY095,2000,10.17612805,1.175109802,114.3166033,23.6545821,1409.999967,Non-calcareous,1.312624145,5.785144,1.41,0.204089267,3.072408031,0.236806839,6.268423223,6.161860028,0.5775
QY095,QY095,2001,10.59453659,1.175109802,114.3166033,23.22396395,1409.999967,Non-calcareous,1.315602868,5.8742,1.14,0.208621305,3.167187715,0.239903307,6.220155841,6.114413192,0.596
QY095,QY095,2002,11.01294513,1.175109802,114.3166033,22.79334579,1409.999967,Non-calcareous,1.309042584,5.701984,2.09,0.200401858,3.169634676,0.243629874,6.238459166,6.132405361,0.6145
QY095,QY095,2003,11.43135366,1.175109802,114.3166033,22.36272764,1409.999967,Non-calcareous,1.30212769,5.775728,0.85,0.242991722,3.199437844,0.246000444,6.489139401,6.378824032,0.633
QY095,QY095,2004,11.8497622,1.175109802,114.3166033,21.93210948,1409.999967,Non-calcareous,1.296879463,5.776608,1.31,0.26543762,3.335191263,0.250048644,6.993599797,6.8747086,0.6515
QY095,QY095,2005,12.26817074,1.175109802,114.3166033,21.50149132,1409.999967,Non-calcareous,1.29283691,5.697496,1.31,0.289998942,3.480556394,0.25373462,6.55928674,6.447778865,0.67
QY095,QY095,2006,12.68657927,1.175109802,114.3166033,21.07087317,1409.999967,Non-calcareous,1.289397194,5.673824,1.55,0.289860257,3.616588669,0.257419303,5.952330494,5.851140875,0.6885
QY095,QY095,2007,13.10498781,1.175109802,114.3166033,20.64025501,1409.999967,Non-calcareous,1.286383009,5.730848,1.18,0.294975203,3.711872363,0.260963618,5.872969763,5.773129277,0.707
QY095,QY095,2008,13.52339635,1.175109802,114.3166033,20.20963686,1409.999967,Non-calcareous,1.281666697,5.814096,1.11,0.299308023,3.064352771,0.265311515,5.811294975,5.712502961,0.7255
QY095,QY095,2009,13.94180489,1.175109802,114.3166033,19.7790187,1409.999967,Non-calcareous,1.275531945,5.85924,0.95,0.307918331,3.143157344,0.269846649,5.48606942,5.39280624,0.744
QY095,QY095,2010,13.94180489,1.175109802,114.3166033,19.34840055,1409.999967,Non-calcareous,1.273049676,5.959648,0.91,0.312333934,3.224602544,0.274835593,5.133626375,5.046354726,0.7625
QY095,QY095,2011,12.9090786,1.175109802,114.3166033,18.91778239,1409.999967,Non-calcareous,1.27070925,6.069824,0.6,0.324044597,3.173414982,0.280094577,5.21633763,5.12765989,0.781
QY095,QY095,2012,11.87635231,1.175109802,114.3166033,18.48716423,1409.999967,Non-calcareous,1.269113505,5.888984,0.98,0.332330248,3.223230702,0.285364638,5.304603702,5.214425439,0.7995
QY095,QY095,2013,10.84362602,1.175109802,114.3166033,18.05654608,1409.999967,Non-calcareous,1.267446839,6.154832,0.43,0.337842923,3.186256712,0.289637422,5.314365201,5.224020992,0.818
QY095,QY095,2014,9.810899734,1.175109802,114.3166033,17.62592792,1409.999967,Non-calcareous,1.26070925,5.869976,1.16,0.358226879,3.18,0.29437369,5.29053086,5.200591836,0.8365
QY095,QY095,2015,8.778173446,1.175109802,114.3166033,17.19530977,1409.999967,Non-calcareous,1.258510668,5.662384,0.93,0.401689116,2.898386552,0.297620252,5.290997689,5.201050728,0.84
QY095,QY095,2016,7.745447158,1.175109802,114.3166033,16.76469161,1409.999967,Non-calcareous,1.256844001,5.609408,1.24,0.409866766,2.919614682,0.300142154,5.291487815,5.201532522,0.84
QY095,QY095,2017,6.712720871,1.175109802,114.3166033,16.33407345,1409.999967,Non-calcareous,1.253794356,5.699344,0.95,0.389809854,2.907243648,0.301575651,5.47215552,5.379128877,0.84
QY095,QY095,2018,5.679994583,1.175109802,114.3166033,15.9034553,1409.999967,Non-calcareous,1.249787264,5.666168,0.93,0.400443434,2.700740917,0.303347835,5.196148346,5.107813825,0.84
QY095,QY095,2019,4.647268295,1.175109802,114.3166033,15.47283714,1409.999967,Non-calcareous,1.255496484,5.712632,0.91,0.400028163,2.554104449,0.304623409,5.080849239,4.994474802,0.84
QY101,QY101,1985,6.950103903,1.183543612,65.26996198,28.54814885,1399.999976,Non-calcareous,0.729214298,5.984552,1.47,0.103684572,0,0.154262702,6.294843335,6.187830999,0.3
QY101,QY101,1986,6.950103903,1.183543612,65.26996198,28.13991977,1399.999976,Non-calcareous,0.722928584,5.93932,1.48,0.109740453,0,0.154698497,6.705969161,6.591967685,0.3185
QY101,QY101,1987,6.950103903,1.183543612,65.26996198,27.73169068,1399.999976,Non-calcareous,0.719357155,5.899192,1.53,0.131202487,0,0.154884033,6.085846342,5.982386954,0.337
QY101,QY101,1988,6.950103903,1.183543612,65.26996198,27.3234616,1399.999976,Non-calcareous,0.718607155,5.896288,1.2,0.134193282,0,0.154979356,6.128978308,6.024785677,0.3555
QY101,QY101,1989,6.950103903,1.183543612,65.26996198,26.91523252,1399.999976,Non-calcareous,0.715428584,5.877896,1.2,0.152413267,0,0.155446766,6.128560717,6.024375185,0.374
QY101,QY101,1990,6.950103903,1.183543612,65.26996198,26.50700343,1399.999976,Non-calcareous,0.713571441,5.843928,1.47,0.170805672,0,0.155852885,6,5.898,0.3925
QY101,QY101,1991,7.560124684,1.183543612,65.26996198,26.09877435,1399.999976,Non-calcareous,0.712107155,5.814536,1.48,0.176885607,0,0.155828588,5.912666339,5.812151012,0.411
QY101,QY101,1992,8.170145464,1.183543612,65.26996198,25.69054527,1399.999976,Non-calcareous,0.711321441,5.78664,1.53,0.182162017,0,0.155916506,6.256343463,6.149985624,0.4295
QY101,QY101,1993,8.780166245,1.183543612,65.26996198,25.28231618,1399.999976,Non-calcareous,0.710607155,5.798608,1.2,0.190091622,0,0.155980877,6.256343463,6.149985624,0.448
QY101,QY101,1994,9.390187026,1.183543612,65.26996198,24.8740871,1399.999976,Non-calcareous,0.709321441,5.79192,1.95,0.185340604,0,0.15678138,6.205155346,6.099667706,0.4665
QY101,QY101,1995,10.00020781,1.183543612,65.26996198,24.46585801,1399.999976,Non-calcareous,0.707928583,5.762264,0.89,0.219007203,0,0.156709785,6.167083457,6.062243038,0.485
QY101,QY101,1996,10.61022859,1.183543612,65.26996198,24.05762893,1399.999976,Non-calcareous,0.711214298,5.76332,1.47,0.213400953,0,0.158301836,6.04527606,5.942506367,0.5035
QY101,QY101,1997,11.22024937,1.183543612,65.26996198,23.64939985,1399.999976,Non-calcareous,0.716392869,5.757952,1.98,0.203064978,0,0.159269947,6.200241006,6.094836908,0.522
QY101,QY101,1998,11.83027015,1.183543612,65.26996198,23.24117076,1399.999976,Non-calcareous,0.720250012,5.723016,1.33,0.211816824,0,0.159655363,6.332252168,6.224603881,0.5405
QY101,QY101,1999,12.44029093,1.183543612,65.26996198,22.83294168,1399.999976,Non-calcareous,0.724428584,5.742728,1,0.216126847,0,0.161101121,6.303804676,6.196639996,0.559
QY101,QY101,2000,13.05031171,1.183543612,65.26996198,22.42471259,1399.999976,Non-calcareous,0.735214298,5.716944,1.41,0.224141138,0,0.163368113,6.268423223,6.161860028,0.5775
QY101,QY101,2001,13.66033249,1.183543612,65.26996198,22.01648351,1399.999976,Non-calcareous,0.747178584,5.712632,1.14,0.224853541,0,0.165150066,6.220155841,6.114413192,0.596
QY101,QY101,2002,14.27035327,1.183543612,65.26996198,21.60825443,1399.999976,Non-calcareous,0.749321441,5.722136,2.09,0.22005106,0,0.167616033,6.238459166,6.132405361,0.6145
QY101,QY101,2003,14.88037405,1.183543612,65.26996198,21.20002534,1399.999976,Non-calcareous,0.751035727,5.646544,0.85,0.271569646,0,0.168801618,6.489139401,6.378824032,0.633
QY101,QY101,2004,15.49039483,1.183543612,65.26996198,20.79179626,1399.999976,Non-calcareous,0.754214299,5.676904,1.31,0.299153199,0,0.171918624,6.993599797,6.8747086,0.6515
QY101,QY101,2005,16.10041561,1.183543612,65.26996198,20.38356717,1399.999976,Non-calcareous,0.758464299,5.65992,1.31,0.330570805,0,0.174454187,6.55928674,6.447778865,0.67
QY101,QY101,2006,16.71043639,1.183543612,65.26996198,19.97533809,1399.999976,Non-calcareous,0.763107156,5.668808,1.55,0.331777796,0,0.177210134,5.952330494,5.851140875,0.6885
QY101,QY101,2007,17.32045717,1.183543612,65.26996198,19.56710901,1399.999976,Non-calcareous,0.768035727,5.653408,1.18,0.335720114,0,0.179890227,5.872969763,5.773129277,0.707
QY101,QY101,2008,17.93047795,1.183543612,65.26996198,19.15887992,1399.999976,Non-calcareous,0.771071442,5.659744,1.11,0.340518963,0,0.183396333,5.811294975,5.712502961,0.7255
QY101,QY101,2009,18.54049874,1.183543612,65.26996198,18.75065084,1399.999976,Non-calcareous,0.773035727,5.64936,0.95,0.349815842,0,0.187258646,5.48606942,5.39280624,0.744
QY101,QY101,2010,18.54049874,1.183543612,65.26996198,18.34242176,1399.999976,Non-calcareous,0.778250013,5.67136,0.91,0.354484607,0,0.191626906,5.133626375,5.046354726,0.7625
QY101,QY101,2011,17.16712846,1.183543612,65.26996198,17.93419267,1399.999976,Non-calcareous,0.783464299,5.642936,0.6,0.365764795,0,0.196186711,5.21633763,5.12765989,0.781
QY101,QY101,2012,15.79375818,1.183543612,65.26996198,17.52596359,1399.999976,Non-calcareous,0.789321442,5.666872,0.98,0.373746764,0,0.200747362,5.304603702,5.214425439,0.7995
QY101,QY101,2013,14.42038791,1.183543612,65.26996198,17.1177345,1399.999976,Non-calcareous,0.794928585,5.62648,0.43,0.380405961,0,0.204105445,5.314365201,5.224020992,0.818
QY101,QY101,2014,13.04701763,1.183543612,65.26996198,16.70950542,1399.999976,Non-calcareous,0.795321442,5.702072,1.16,0.401824779,0,0.207979454,5.29053086,5.200591836,0.8365
QY101,QY101,2015,11.67364735,1.183543612,65.26996198,16.30127634,1399.999976,Non-calcareous,0.800142871,5.657016,0.93,0.478072439,0,0.210109914,5.290997689,5.201050728,0.84
QY101,QY101,2016,10.30027708,1.183543612,65.26996198,15.89304725,1399.999976,Non-calcareous,0.805571442,5.671624,1.24,0.488569222,0,0.212044611,5.291487815,5.201532522,0.84
QY101,QY101,2017,8.926906798,1.183543612,65.26996198,15.48481817,1399.999976,Non-calcareous,0.809357157,5.669864,0.95,0.455993293,0,0.212898962,5.47215552,5.379128877,0.84
QY101,QY101,2018,7.553536522,1.183543612,65.26996198,15.07658908,1399.999976,Non-calcareous,0.812035728,5.655872,0.93,0.474195379,0,0.213791419,5.196148346,5.107813825,0.84
QY101,QY101,2019,6.180166245,1.183543612,65.26996198,14.66836,1399.999976,Non-calcareous,0.824500014,5.663264,0.91,0.472902899,0,0.214220561,5.080849239,4.994474802,0.84
QY106,QY106,1985,6.195315683,1.19183736,187.5,9.955649007,1460.000038,Calcareous,2.32979446,6.706592,1.47,0.131769721,0,0.162564077,8.393124447,8.250441332,0.3
QY106,QY106,1986,6.195315683,1.19183736,187.5,9.81328652,1460.000038,Calcareous,2.298184871,6.70536,1.48,0.138670098,0,0.16467038,8.941292215,8.789290247,0.3185
QY106,QY106,1987,6.195315683,1.19183736,187.5,9.670924033,1460.000038,Calcareous,2.270068434,6.705008,1.53,0.169055705,0,0.166743665,8.114461789,7.976515939,0.337
QY106,QY106,1988,6.195315683,1.19183736,187.5,9.528561546,1460.000038,Calcareous,2.245753366,6.701576,1.2,0.175434493,0,0.168849709,8.171971077,8.033047569,0.3555
QY106,QY106,1989,6.195315683,1.19183736,187.5,9.386199059,1460.000038,Calcareous,2.218664326,6.700696,1.2,0.20239386,0,0.170972722,8.17141429,8.032500247,0.374
QY106,QY106,1990,6.195315683,1.19183736,187.5,9.243836571,1460.000038,Calcareous,2.19352734,6.70404,1.47,0.229533574,0,0.173095825,8,7.864,0.3925
QY106,QY106,1991,6.65437882,1.19183736,187.5,9.101474084,1460.000038,Calcareous,2.169349258,6.701752,1.48,0.23977328,0,0.175205377,7.883555119,7.749534682,0.411
QY106,QY106,1992,7.113441956,1.19183736,187.5,8.959111597,1460.000038,Calcareous,2.14633556,6.701928,1.53,0.249076801,0,0.177470327,8.341791284,8.199980833,0.4295
QY106,QY106,1993,7.572505093,1.19183736,187.5,8.81674911,1460.000038,Calcareous,2.123835561,6.698848,1.2,0.259268648,0,0.179860481,8.341791284,8.199980833,0.448
QY106,QY106,1994,8.03156823,1.19183736,187.5,8.674386623,1460.000038,Calcareous,2.100958849,6.707384,1.95,0.25399581,0,0.182432234,8.273540462,8.132890274,0.4665
QY106,QY106,1995,8.490631366,1.19183736,187.5,8.532024136,1460.000038,Calcareous,2.078321864,6.6992,0.89,0.296056851,0,0.1850834,8.222777943,8.082990718,0.485
QY106,QY106,1996,8.949694503,1.19183736,187.5,8.389661649,1460.000038,Calcareous,2.062054741,6.70184,1.47,0.29162032,0,0.188001473,8.06036808,7.923341823,0.5035
QY106,QY106,1997,9.40875764,1.19183736,187.5,8.247299161,1460.000038,Calcareous,2.048424604,6.705712,1.98,0.277949594,0,0.191015896,8.266988007,8.126449211,0.522
QY106,QY106,1998,9.867820776,1.19183736,187.5,8.104936674,1460.000038,Calcareous,2.033458851,6.70756,1.33,0.29083335,0,0.194111314,8.443002891,8.299471841,0.5405
QY106,QY106,1999,10.32688391,1.19183736,187.5,7.962574187,1460.000038,Calcareous,2.019212276,6.702192,1,0.297375268,0,0.197422307,8.405072901,8.262186662,0.559
QY106,QY106,2000,10.78594705,1.19183736,187.5,7.8202117,1460.000038,Calcareous,2.013732824,6.700696,1.41,0.303794097,0,0.200920763,8.35789763,8.21581337,0.5775
QY106,QY106,2001,11.24501019,1.19183736,187.5,7.677849213,1460.000038,Calcareous,2.009897208,6.700872,1.14,0.305948514,0,0.204526768,8.293541121,8.152550922,0.596
QY106,QY106,2002,11.70407332,1.19183736,187.5,7.535486726,1460.000038,Calcareous,1.993732825,6.709672,2.09,0.299878669,0,0.20832099,8.317945555,8.176540481,0.6145
QY106,QY106,2003,12.16313646,1.19183736,187.5,7.393124239,1460.000038,Calcareous,1.977465702,6.692072,0.85,0.370229924,0,0.212147892,8.652185868,8.505098709,0.633
QY106,QY106,2004,12.6221996,1.19183736,187.5,7.250761751,1460.000038,Calcareous,1.963458853,6.705272,1.31,0.402432628,0,0.216272745,9.324799729,9.166278133,0.6515
QY106,QY106,2005,13.08126273,1.19183736,187.5,7.108399264,1460.000038,Calcareous,1.951095839,6.698408,1.31,0.443112272,0,0.220467918,8.745715653,8.597038487,0.67
QY106,QY106,2006,13.54032587,1.19183736,187.5,6.966036777,1460.000038,Calcareous,1.939520497,6.707296,1.55,0.445395693,0,0.224851293,7.936440658,7.801521167,0.6885
QY106,QY106,2007,13.99938901,1.19183736,187.5,6.82367429,1460.000038,Calcareous,1.92859584,6.7058,1.18,0.450876899,0,0.229399777,7.83062635,7.697505702,0.707
QY106,QY106,2008,14.45845214,1.19183736,187.5,6.681311803,1460.000038,Calcareous,1.915513649,6.702016,1.11,0.457762962,0,0.234155182,7.7483933,7.616670614,0.7255
QY106,QY106,2009,14.91751528,1.19183736,187.5,6.538949316,1460.000038,Calcareous,1.90140406,6.699992,0.95,0.47062653,0,0.239073266,7.314759226,7.19040832,0.744
QY106,QY106,2010,14.91751528,1.19183736,187.5,6.396586829,1460.000038,Calcareous,1.891780772,6.697352,0.91,0.477144876,0,0.244191166,6.844835166,6.728472968,0.7625
QY106,QY106,2011,13.81251415,1.19183736,187.5,6.254224342,1460.000038,Calcareous,1.882362965,6.680544,0.6,0.491499851,0,0.249335688,6.95511684,6.836879854,0.781
QY106,QY106,2012,12.70751302,1.19183736,187.5,6.111861854,1460.000038,Calcareous,1.874041047,6.688552,0.98,0.502428151,0,0.254136888,7.072804937,6.952567253,0.7995
QY106,QY106,2013,11.60251188,1.19183736,187.5,5.969499367,1460.000038,Calcareous,1.86561639,6.677464,0.43,0.511337963,0,0.258491383,7.085820268,6.965361323,0.818
QY106,QY106,2014,10.49751075,1.19183736,187.5,5.82713688,1460.000038,Calcareous,1.850787623,6.701136,1.16,0.541194622,0,0.262557346,7.054041147,6.934122447,0.8365
QY106,QY106,2015,9.39250962,1.19183736,187.5,5.684774393,1460.000038,Calcareous,1.841986253,6.695768,0.93,0.637377854,0,0.266134825,7.054663585,6.934734304,0.84
QY106,QY106,2016,8.287508488,1.19183736,187.5,5.542411906,1460.000038,Calcareous,1.834178034,6.699112,1.24,0.65078094,0,0.269390572,7.055317086,6.935376696,0.84
QY106,QY106,2017,7.182507357,1.19183736,187.5,5.400049419,1460.000038,Calcareous,1.824486254,6.697264,0.95,0.609617396,0,0.272200649,7.29620736,7.172171835,0.84
QY106,QY106,2018,6.077506225,1.19183736,187.5,5.257686932,1460.000038,Calcareous,1.813664336,6.696648,0.93,0.6325753,0,0.27463924,6.928197795,6.810418433,0.84
QY106,QY106,2019,4.972505093,1.19183736,187.5,5.115324444,1460.000038,Calcareous,1.815616391,6.69524,0.91,0.630974324,0,0.276717174,6.774465652,6.659299736,0.84
QY107,QY107,1985,6.32866081,1.179206482,146,7.723893445,1409.999967,Non-calcareous,1.422553225,6.091296,1.47,0.098990338,0,0.144478246,6.294843335,6.187830999,0.3
QY107,QY107,1986,6.32866081,1.179206482,146,7.613444325,1409.999967,Non-calcareous,1.404609962,6.029256,1.48,0.102909855,0,0.145824931,6.705969161,6.591967685,0.3185
QY107,QY107,1987,6.32866081,1.179206482,146,7.502995204,1409.999967,Non-calcareous,1.389361735,5.973904,1.53,0.127831361,0,0.146989373,6.085846342,5.982386954,0.337
QY107,QY107,1988,6.32866081,1.179206482,146,7.392546083,1409.999967,Non-calcareous,1.376985848,5.947944,1.2,0.135010874,0,0.148112934,6.128978308,6.024785677,0.3555
QY107,QY107,1989,6.32866081,1.179206482,146,7.282096962,1409.999967,Non-calcareous,1.362375919,5.916,1.2,0.157717643,0,0.149319426,6.128560717,6.024375185,0.374
QY107,QY107,1990,6.32866081,1.179206482,146,7.171647841,1409.999967,Non-calcareous,1.349184429,5.8786,1.47,0.180528458,0,0.150458093,6,5.898,0.3925
QY107,QY107,1991,6.814392972,1.179206482,146,7.06119872,1409.999967,Non-calcareous,1.336631237,5.845072,1.48,0.190301655,0,0.151391262,5.912666339,5.812151012,0.411
QY107,QY107,1992,7.300125134,1.179206482,146,6.950749599,1409.999967,Non-calcareous,1.324893648,5.8104,1.53,0.199235819,0,0.152417128,6.256343463,6.149985624,0.4295
QY107,QY107,1993,7.785857296,1.179206482,146,6.840300478,1409.999967,Non-calcareous,1.313439747,5.799664,1.2,0.207065845,0,0.153426763,6.256343463,6.149985624,0.448
QY107,QY107,1994,8.271589458,1.179206482,146,6.729851357,1409.999967,Non-calcareous,1.301595775,5.79544,1.95,0.204115403,0,0.154777144,6.205155346,6.099667706,0.4665
QY107,QY107,1995,8.75732162,1.179206482,146,6.619402236,1409.999967,Non-calcareous,1.289822726,5.738328,0.89,0.234077778,0,0.155768046,6.167083457,6.062243038,0.485
QY107,QY107,1996,9.243053782,1.179206482,146,6.508953115,1409.999967,Non-calcareous,1.282872371,5.748272,1.47,0.233998139,0,0.157537855,6.04527606,5.942506367,0.5035
QY107,QY107,1997,9.728785944,1.179206482,146,6.398503994,1409.999967,Non-calcareous,1.277943293,5.742024,1.98,0.22409443,0,0.159066517,6.200241006,6.094836908,0.522
QY107,QY107,1998,10.21451811,1.179206482,146,6.288054873,1409.999967,Non-calcareous,1.271879463,5.685,1.33,0.235661711,0,0.160304323,6.332252168,6.224603881,0.5405
QY107,QY107,1999,10.70025027,1.179206482,146,6.177605752,1409.999967,Non-calcareous,1.266276626,5.682008,1,0.241191519,0,0.16202913,6.303804676,6.196639996,0.559
QY107,QY107,2000,11.18598243,1.179206482,146,6.067156631,1409.999967,Non-calcareous,1.267375917,5.678048,1.41,0.242058214,0,0.164191669,6.268423223,6.161860028,0.5775
QY107,QY107,2001,11.67171459,1.179206482,146,5.95670751,1409.999967,Non-calcareous,1.269751803,5.647952,1.14,0.245604253,0,0.166148632,6.220155841,6.114413192,0.596
QY107,QY107,2002,12.15744675,1.179206482,146,5.846258389,1409.999967,Non-calcareous,1.262482299,5.674616,2.09,0.240092803,0,0.168447039,6.238459166,6.132405361,0.6145
QY107,QY107,2003,12.64317892,1.179206482,146,5.735809268,1409.999967,Non-calcareous,1.25500003,5.554848,0.85,0.295411329,0,0.170067264,6.489139401,6.378824032,0.633
QY107,QY107,2004,13.12891108,1.179206482,146,5.625360148,1409.999967,Non-calcareous,1.249184427,5.598232,1.31,0.316741981,0,0.172674306,6.993599797,6.8747086,0.6515
QY107,QY107,2005,13.61464324,1.179206482,146,5.514911027,1409.999967,Non-calcareous,1.244539037,5.574472,1.31,0.346781834,0,0.174934896,6.55928674,6.447778865,0.67
QY107,QY107,2006,14.1003754,1.179206482,146,5.404461906,1409.999967,Non-calcareous,1.240425561,5.584152,1.55,0.34873994,0,0.177361158,5.952330494,5.851140875,0.6885
QY107,QY107,2007,14.58610756,1.179206482,146,5.294012785,1409.999967,Non-calcareous,1.236773079,5.543144,1.18,0.353594452,0,0.179815877,5.872969763,5.773129277,0.707
QY107,QY107,2008,15.07183973,1.179206482,146,5.183563664,1409.999967,Non-calcareous,1.231347547,5.533816,1.11,0.359340283,0,0.182732408,5.811294975,5.712502961,0.7255
QY107,QY107,2009,15.55757189,1.179206482,146,5.073114543,1409.999967,Non-calcareous,1.22503549,5.503016,0.95,0.369811741,0,0.185857632,5.48606942,5.39280624,0.744
QY107,QY107,2010,15.55757189,1.179206482,146,4.962665422,1409.999967,Non-calcareous,1.222127689,5.508384,0.91,0.37518146,0,0.189312163,5.133626375,5.046354726,0.7625
QY107,QY107,2011,14.40515916,1.179206482,146,4.852216301,1409.999967,Non-calcareous,1.219290809,5.440976,0.6,0.386330847,0,0.192890519,5.21633763,5.12765989,0.781
QY107,QY107,2012,13.25274642,1.179206482,146,4.74176718,1409.999967,Non-calcareous,1.217234071,5.47952,0.98,0.395375896,0,0.196304842,5.304603702,5.214425439,0.7995
QY107,QY107,2013,12.10033369,1.179206482,146,4.631318059,1409.999967,Non-calcareous,1.21503549,5.367584,0.43,0.402252716,0,0.198774417,5.314365201,5.224020992,0.818
QY107,QY107,2014,10.94792096,1.179206482,146,4.520868938,1409.999967,Non-calcareous,1.207836908,5.4936,1.16,0.42684849,0,0.201450041,5.29053086,5.200591836,0.8365
QY107,QY107,2015,9.795508226,1.179206482,146,4.410419817,1409.999967,Non-calcareous,1.205177333,5.439656,0.93,0.491808313,0,0.202826554,5.290997689,5.201050728,0.84
QY107,QY107,2016,8.643095493,1.179206482,146,4.299970696,1409.999967,Non-calcareous,1.203191518,5.46368,1.24,0.501555226,0,0.203963824,5.291487815,5.201532522,0.84
QY107,QY107,2017,7.490682761,1.179206482,146,4.189521575,1409.999967,Non-calcareous,1.199751801,5.43684,0.95,0.473315639,0,0.204207735,5.47215552,5.379128877,0.84
QY107,QY107,2018,6.338270028,1.179206482,146,4.079072454,1409.999967,Non-calcareous,1.195319177,5.422232,0.93,0.488884193,0,0.204348725,5.196148346,5.107813825,0.84
QY107,QY107,2019,5.185857296,1.179206482,146,3.968623333,1409.999967,Non-calcareous,1.200744709,5.41352,0.91,0.487909439,0,0.204100306,5.080849239,4.994474802,0.84
QY110,QY110,1985,6.403145754,1.246596876,220.5,21.58848546,1379.999995,Non-calcareous,1.271920294,6.072904,1.47,0.095348555,0,0.197049089,9.442265003,9.281746498,0.3
QY110,QY110,1986,6.403145754,1.246596876,220.5,21.27977726,1379.999995,Non-calcareous,1.259384062,5.981296,1.48,0.098292859,0,0.197922839,10.05895374,9.887951528,0.3185
QY110,QY110,1987,6.403145754,1.246596876,220.5,20.97106906,1379.999995,Non-calcareous,1.250942033,5.911688,1.53,0.123887942,0,0.19848035,9.128769513,8.973580431,0.337
QY110,QY110,1988,6.403145754,1.246596876,220.5,20.66236087,1379.999995,Non-calcareous,1.24684783,5.892768,1.2,0.132500788,0,0.198942374,9.193467462,9.037178515,0.3555
QY110,QY110,1989,6.403145754,1.246596876,220.5,20.35365267,1379.999995,Non-calcareous,1.239094207,5.858976,1.2,0.156254482,0,0.199591813,9.192841076,9.036562778,0.374
QY110,QY110,1990,6.403145754,1.246596876,220.5,20.04494447,1379.999995,Non-calcareous,1.233333338,5.822632,1.47,0.180085469,0,0.200155437,9,8.847,0.3925
QY110,QY110,1991,6.903774905,1.246596876,220.5,19.73623627,1379.999995,Non-calcareous,1.228260874,5.784352,1.48,0.19101021,0,0.200424127,8.868999509,8.718226517,0.411
QY110,QY110,1992,7.404404056,1.246596876,220.5,19.42752807,1379.999995,Non-calcareous,1.224202903,5.7532,1.53,0.201057887,0,0.200767946,9.384515195,9.224978437,0.4295
QY110,QY110,1993,7.905033207,1.246596876,220.5,19.11881987,1379.999995,Non-calcareous,1.220362323,5.755752,1.2,0.208714521,0,0.201068011,9.384515195,9.224978437,0.448
QY110,QY110,1994,8.405662358,1.246596876,220.5,18.81011167,1379.999995,Non-calcareous,1.215652178,5.757336,1.95,0.206552319,0,0.201880068,9.30773302,9.149501558,0.4665
QY110,QY110,1995,8.906291509,1.246596876,220.5,18.50140347,1379.999995,Non-calcareous,1.210833338,5.69776,0.89,0.234373749,0,0.202147649,9.250625185,9.093364557,0.485
QY110,QY110,1996,9.40692066,1.246596876,220.5,18.19269527,1379.999995,Non-calcareous,1.21318841,5.709816,1.47,0.236511726,0,0.203503324,9.06791409,8.91375955,0.5035
QY110,QY110,1997,9.907549811,1.246596876,220.5,17.88398707,1379.999995,Non-calcareous,1.218405801,5.714656,1.98,0.227121827,0,0.204489012,9.300361508,9.142255363,0.522
QY110,QY110,1998,10.40817896,1.246596876,220.5,17.57527887,1379.999995,Non-calcareous,1.221630439,5.681216,1.33,0.23957312,0,0.205112003,9.498378252,9.336905822,0.5405
QY110,QY110,1999,10.90880811,1.246596876,220.5,17.26657067,1379.999995,Non-calcareous,1.225398555,5.67664,1,0.245384634,0,0.206484955,9.455707014,9.294959995,0.559
QY110,QY110,2000,11.40943726,1.246596876,220.5,16.95786247,1379.999995,Non-calcareous,1.239239135,5.655872,1.41,0.24346743,0,0.208413959,9.402634834,9.242790042,0.5775
QY110,QY110,2001,11.91006641,1.246596876,220.5,16.64915427,1379.999995,Non-calcareous,1.254818845,5.666344,1.14,0.248154237,0,0.210027455,9.330233761,9.171619787,0.596
QY110,QY110,2002,12.41069556,1.246596876,220.5,16.34044607,1379.999995,Non-calcareous,1.255471019,5.684648,2.09,0.242295504,0,0.212220529,9.35768875,9.198608041,0.6145
QY110,QY110,2003,12.91132472,1.246596876,220.5,16.03173787,1379.999995,Non-calcareous,1.255507251,5.586616,0.85,0.297597434,0,0.213579381,9.733709102,9.568236047,0.633
QY110,QY110,2004,13.41195387,1.246596876,220.5,15.72302967,1379.999995,Non-calcareous,1.257934787,5.628064,1.31,0.316137347,0,0.216204495,10.49039969,10.3120629,0.6515
QY110,QY110,2005,13.91258302,1.246596876,220.5,15.41432147,1379.999995,Non-calcareous,1.261956526,5.61328,1.31,0.344858808,0,0.218449978,9.838930109,9.671668297,0.67
QY110,QY110,2006,14.41321217,1.246596876,220.5,15.10561327,1379.999995,Non-calcareous,1.266557975,5.62604,1.55,0.346975551,0,0.220931491,8.92849574,8.776711313,0.6885
QY110,QY110,2007,14.91384132,1.246596876,220.5,14.79690507,1379.999995,Non-calcareous,1.271666671,5.607296,1.18,0.352136637,0,0.223473296,8.809454644,8.659693915,0.707
QY110,QY110,2008,15.41447047,1.246596876,220.5,14.48819687,1379.999995,Non-calcareous,1.273913048,5.615568,1.11,0.35809844,0,0.226622324,8.716942463,8.568754441,0.7255
QY110,QY110,2009,15.91509962,1.246596876,220.5,14.17948867,1379.999995,Non-calcareous,1.274601454,5.59436,0.95,0.368780031,0,0.230075476,8.22910413,8.089209359,0.744
QY110,QY110,2010,15.91509962,1.246596876,220.5,13.87078047,1379.999995,Non-calcareous,1.280253628,5.616272,0.91,0.37429728,0,0.233917209,7.700439562,7.56953209,0.7625
QY110,QY110,2011,14.73620335,1.246596876,220.5,13.56207227,1379.999995,Non-calcareous,1.285942033,5.575352,0.6,0.385251538,0,0.237948009,7.824506445,7.691489836,0.781
QY110,QY110,2012,13.55730708,1.246596876,220.5,13.25336407,1379.999995,Non-calcareous,1.2926087,5.61636,0.98,0.394543675,0,0.24186537,7.956905554,7.821638159,0.7995
QY110,QY110,2013,12.37841082,1.246596876,220.5,12.94465587,1379.999995,Non-calcareous,1.298913048,5.566992,0.43,0.401327578,0,0.244908024,7.971547801,7.836031489,0.818
QY110,QY110,2014,11.19951455,1.246596876,220.5,12.63594767,1379.999995,Non-calcareous,1.297318845,5.653848,1.16,0.426594107,0,0.248204962,7.93579629,7.800887753,0.8365
QY110,QY110,2015,10.02061828,1.246596876,220.5,12.32723947,1379.999995,Non-calcareous,1.302536236,5.592776,0.93,0.48483013,0,0.25026725,7.936496533,7.801576092,0.84
QY110,QY110,2016,8.841722012,1.246596876,220.5,12.01853127,1379.999995,Non-calcareous,1.308659425,5.619352,1.24,0.494038501,0,0.252039646,7.937231722,7.802298783,0.84
QY110,QY110,2017,7.662825743,1.246596876,220.5,11.70982307,1379.999995,Non-calcareous,1.312355077,5.616888,0.95,0.468428741,0,0.25300543,8.208233281,8.068693315,0.84
QY110,QY110,2018,6.483929475,1.246596876,220.5,11.40111487,1379.999995,Non-calcareous,1.314420294,5.590664,0.93,0.482426555,0,0.253882467,7.79422252,7.661720737,0.84
QY110,QY110,2019,5.305033207,1.246596876,220.5,11.09240667,1379.999995,Non-calcareous,1.331340584,5.610992,0.91,0.481625348,0,0.254324207,7.621273858,7.491712203,0.84
QY154,QY154,1985,6.632735098,1.137423059,112.295057,20.99382481,1389.999986,Non-calcareous,1.684316564,6.488088,1.47,0.050203291,1.723306049,0.374277115,8.393124447,8.250441332,0.3
QY154,QY154,1986,6.632735098,1.137423059,112.295057,20.69362006,1389.999986,Non-calcareous,1.665395701,6.39164,1.48,0.046451607,1.779276823,0.376201058,8.941292215,8.789290247,0.3185
QY154,QY154,1987,6.632735098,1.137423059,112.295057,20.39341531,1389.999986,Non-calcareous,1.64949642,6.3098,1.53,0.054502902,1.937656198,0.377884297,8.114461789,7.976515939,0.337
QY154,QY154,1988,6.632735098,1.137423059,112.295057,20.09321056,1389.999986,Non-calcareous,1.637482031,6.270464,1.2,0.060524169,2.062919161,0.37952504,8.171971077,8.033047569,0.3555
QY154,QY154,1989,6.632735098,1.137423059,112.295057,19.79300581,1389.999986,Non-calcareous,1.622338146,6.2306,1.2,0.065401198,2.066427916,0.381293335,8.17141429,8.032500247,0.374
QY154,QY154,1990,6.632735098,1.137423059,112.295057,19.49280106,1389.999986,Non-calcareous,1.60892088,6.180968,1.47,0.070337687,2.069996628,0.382967208,8,7.864,0.3925
QY154,QY154,1991,7.179282117,1.137423059,112.295057,19.19259631,1389.999986,Non-calcareous,1.596259009,6.13424,1.48,0.075273421,1.967037958,0.384365025,7.883555119,7.749534682,0.411
QY154,QY154,1992,7.725829137,1.137423059,112.295057,18.89239156,1389.999986,Non-calcareous,1.584496419,6.079856,1.53,0.077826342,1.86587538,0.385797815,8.341791284,8.199980833,0.4295
QY154,QY154,1993,8.272376156,1.137423059,112.295057,18.59218682,1389.999986,Non-calcareous,1.573021599,6.064456,1.2,0.082544947,2.081409649,0.387111295,8.341791284,8.199980833,0.448
QY154,QY154,1994,8.818923176,1.137423059,112.295057,18.29198207,1389.999986,Non-calcareous,1.561079153,6.079504,1.95,0.084622918,2.130968818,0.388914474,8.273540462,8.132890274,0.4665
QY154,QY154,1995,9.365470195,1.137423059,112.295057,17.99177732,1389.999986,Non-calcareous,1.549172678,5.975136,0.89,0.08999704,2.198375347,0.390335603,8.222777943,8.082990718,0.485
QY154,QY154,1996,9.912017215,1.137423059,112.295057,17.69157257,1389.999986,Non-calcareous,1.543705052,6.005408,1.47,0.099686114,2.345030136,0.392619781,8.06036808,7.923341823,0.5035
QY154,QY154,1997,10.45856423,1.137423059,112.295057,17.39136782,1389.999986,Non-calcareous,1.540971239,6.001008,1.98,0.102350172,2.582252206,0.394692363,8.266988007,8.126449211,0.522
QY154,QY154,1998,11.00511125,1.137423059,112.295057,17.09116307,1389.999986,Non-calcareous,1.536726635,5.888544,1.33,0.112285088,2.772157825,0.396493428,8.443002891,8.299471841,0.5405
QY154,QY154,1999,11.55165827,1.137423059,112.295057,16.79095832,1389.999986,Non-calcareous,1.533093541,5.883264,1,0.112554646,2.992146039,0.398786173,8.405072901,8.262186662,0.559
QY154,QY154,2000,12.09820529,1.137423059,112.295057,16.49075357,1389.999986,Non-calcareous,1.538525196,5.892856,1.41,0.105082056,3.072408031,0.401729297,8.35789763,8.21581337,0.5775
QY154,QY154,2001,12.64475231,1.137423059,112.295057,16.19054882,1389.999986,Non-calcareous,1.545539584,5.821048,1.14,0.115350239,3.167187715,0.404458987,8.293541121,8.152550922,0.596
QY154,QY154,2002,13.19129933,1.137423059,112.295057,15.89034407,1389.999986,Non-calcareous,1.539496419,5.899896,2.09,0.103258594,3.169634676,0.407527452,8.317945555,8.176540481,0.6145
QY154,QY154,2003,13.73784635,1.137423059,112.295057,15.59013932,1389.999986,Non-calcareous,1.533021599,5.680424,0.85,0.116360879,3.199437844,0.409903746,8.652185868,8.505098709,0.633
QY154,QY154,2004,14.28439337,1.137423059,112.295057,15.28993457,1389.999986,Non-calcareous,1.528741023,5.770184,1.31,0.122462379,3.335191263,0.413206232,9.324799729,9.166278133,0.6515
QY154,QY154,2005,14.83094039,1.137423059,112.295057,14.98972982,1389.999986,Non-calcareous,1.526043181,5.72196,1.31,0.126842308,3.480556394,0.416239464,8.745715653,8.597038487,0.67
QY154,QY154,2006,15.37748741,1.137423059,112.295057,14.68952507,1389.999986,Non-calcareous,1.523992821,5.750648,1.55,0.124241966,3.616588669,0.4194078,7.936440658,7.801521167,0.6885
QY154,QY154,2007,15.92403443,1.137423059,112.295057,14.38932033,1389.999986,Non-calcareous,1.522553973,5.673736,1.18,0.129992167,3.711872363,0.422721354,7.83062635,7.697505702,0.707
QY154,QY154,2008,16.47058145,1.137423059,112.295057,14.08911558,1389.999986,Non-calcareous,1.51866908,5.6542,1.11,0.132148033,3.064352771,0.426533828,7.7483933,7.616670614,0.7255
QY154,QY154,2009,17.01712847,1.137423059,112.295057,13.78891083,1389.999986,Non-calcareous,1.513021598,5.59832,0.95,0.136877885,3.143157344,0.430348457,7.314759226,7.19040832,0.744
QY154,QY154,2010,17.01712847,1.137423059,112.295057,13.48870608,1389.999986,Non-calcareous,1.512158289,5.602104,0.91,0.13948754,3.224602544,0.434529208,6.844835166,6.728472968,0.7625
QY154,QY154,2011,15.75660043,1.137423059,112.295057,13.18850133,1389.999986,Non-calcareous,1.511474836,5.468784,0.6,0.148458651,3.173414982,0.438928943,6.95511684,6.836879854,0.781
QY154,QY154,2012,14.4960724,1.137423059,112.295057,12.88829658,1389.999986,Non-calcareous,1.511690663,5.49756,0.98,0.154804331,3.223230702,0.443031064,7.072804937,6.952567253,0.7995
QY154,QY154,2013,13.23554436,1.137423059,112.295057,12.58809183,1389.999986,Non-calcareous,1.511726634,5.325608,0.43,0.156517318,3.186256712,0.445829439,7.085820268,6.965361323,0.818
QY154,QY154,2014,11.97501633,1.137423059,112.295057,12.28788708,1389.999986,Non-calcareous,1.504892102,5.512344,1.16,0.168813357,3.18,0.448992604,7.054041147,6.934122447,0.8365
QY154,QY154,2015,10.71448829,1.137423059,112.295057,11.98768233,1389.999986,Non-calcareous,1.504172677,5.429272,0.93,0.138139711,2.898386552,0.450484148,7.054663585,6.934734304,0.84
QY154,QY154,2016,9.45396026,1.137423059,112.295057,11.68747758,1389.999986,Non-calcareous,1.504172677,5.449336,1.24,0.139530382,2.919614682,0.451533123,7.055317086,6.935376696,0.84
QY154,QY154,2017,8.193432225,1.137423059,112.295057,11.38727283,1389.999986,Non-calcareous,1.502230231,5.380608,0.95,0.148828383,2.907243648,0.451343817,7.29620736,7.172171835,0.84
QY154,QY154,2018,6.932904191,1.137423059,112.295057,11.08706808,1389.999986,Non-calcareous,1.498920879,5.34576,0.93,0.142166219,2.700740917,0.451024294,6.928197795,6.810418433,0.84
QY154,QY154,2019,5.672376156,1.137423059,112.295057,10.78686333,1389.999986,Non-calcareous,1.508741023,5.293224,0.91,0.143508512,2.554104449,0.450080074,6.774465652,6.659299736,0.84
QY163,QY163,1985,9.223981762,1.176806098,164,14.21228131,1399.999976,Non-calcareous,2.075178607,5.86364,1.47,0.149901136,0,0.247403744,15.73710834,15.4695775,0.3
QY163,QY163,1986,9.223981762,1.176806098,164,14.00905039,1399.999976,Non-calcareous,2.055250035,5.840408,1.48,0.158777902,0,0.248528706,16.7649229,16.47991921,0.3185
QY163,QY163,1987,9.223981762,1.176806098,164,13.80581946,1399.999976,Non-calcareous,2.042107178,5.81656,1.53,0.189849019,0,0.249436373,15.21461585,14.95596738,0.337
QY163,QY163,1988,9.223981762,1.176806098,164,13.60258854,1399.999976,Non-calcareous,2.036071463,5.795528,1.2,0.194089789,0,0.25044096,15.32244577,15.06196419,0.3555
QY163,QY163,1989,9.223981762,1.176806098,164,13.39935762,1399.999976,Non-calcareous,2.024035749,5.773792,1.2,0.220502913,0,0.251563169,15.32140179,15.06093796,0.374
QY163,QY163,1990,9.223981762,1.176806098,164,13.1961267,1399.999976,Non-calcareous,2.015250034,5.752496,1.47,0.247165747,0,0.252625835,15,14.745,0.3925
QY163,QY163,1991,10.28877811,1.176806098,164,12.99289578,1399.999976,Non-calcareous,2.007642891,5.725744,1.48,0.255919548,0,0.253504499,14.78166585,14.53037753,0.411
QY163,QY163,1992,11.35357447,1.176806098,164,12.78966486,1399.999976,Non-calcareous,2.001642891,5.7026,1.53,0.263547909,0,0.254704409,15.64085866,15.37496406,0.4295
QY163,QY163,1993,12.41837082,1.176806098,164,12.58643394,1399.999976,Non-calcareous,1.996000034,5.682624,1.2,0.274996088,0,0.256058121,15.64085866,15.37496406,0.448
QY163,QY163,1994,13.48316717,1.176806098,164,12.38320302,1399.999976,Non-calcareous,1.988928605,5.685616,1.95,0.268047735,0,0.257965719,15.51288837,15.24916926,0.4665
QY163,QY163,1995,14.54796352,1.176806098,164,12.1799721,1399.999976,Non-calcareous,1.981678605,5.630968,0.89,0.316919622,0,0.259713173,15.41770864,15.1556076,0.485
QY163,QY163,1996,15.61275988,1.176806098,164,11.97674118,1399.999976,Non-calcareous,1.986178605,5.638624,1.47,0.308588911,0,0.262496863,15.11319015,14.85626592,0.5035
QY163,QY163,1997,16.67755623,1.176806098,164,11.77351026,1399.999976,Non-calcareous,1.995392891,5.63616,1.98,0.293506329,0,0.26525697,15.50060251,15.23709227,0.522
QY163,QY163,1998,17.74235258,1.176806098,164,11.57027934,1399.999976,Non-calcareous,2.001357177,5.5948,1.33,0.306055651,0,0.267921438,15.83063042,15.5615097,0.5405
QY163,QY163,1999,18.80714893,1.176806098,164,11.36704842,1399.999976,Non-calcareous,2.008250034,5.577024,1,0.312319875,0,0.271318618,15.75951169,15.49159999,0.559
QY163,QY163,2000,19.87194529,1.176806098,164,11.16381749,1399.999976,Non-calcareous,2.031607177,5.58072,1.41,0.32411289,0,0.275346671,15.67105806,15.40465007,0.5775
QY163,QY163,2001,20.93674164,1.176806098,164,10.96058657,1399.999976,Non-calcareous,2.057857178,5.551944,1.14,0.324962419,0,0.279441703,15.5503896,15.28603298,0.596
QY163,QY163,2002,22.00153799,1.176806098,164,10.75735565,1399.999976,Non-calcareous,2.059642892,5.572976,2.09,0.318196841,0,0.284117693,15.59614792,15.3310134,0.6145
QY163,QY163,2003,23.06633434,1.176806098,164,10.55412473,1399.999976,Non-calcareous,2.060428607,5.466672,0.85,0.392894741,0,0.288330475,16.2228485,15.94706008,0.633
QY163,QY163,2004,24.1311307,1.176806098,164,10.35089381,1399.999976,Non-calcareous,2.065000035,5.494392,1.31,0.432905337,0,0.293665023,17.48399949,17.1867715,0.6515
QY163,QY163,2005,25.19592705,1.176806098,164,10.14766289,1399.999976,Non-calcareous,2.072250035,5.468696,1.31,0.478524038,0,0.298782637,16.39821685,16.11944716,0.67
QY163,QY163,2006,26.2607234,1.176806098,164,9.94443197,1399.999976,Non-calcareous,2.080464321,5.473096,1.55,0.48032694,0,0.304341094,14.88082623,14.62785219,0.6885
QY163,QY163,2007,27.32551975,1.176806098,164,9.741201049,1399.999976,Non-calcareous,2.089500036,5.432704,1.18,0.485956671,0,0.310239893,14.68242441,14.43282319,0.707
QY163,QY163,2008,28.3903161,1.176806098,164,9.537970129,1399.999976,Non-calcareous,2.093821464,5.415016,1.11,0.492897618,0,0.316807295,14.52823744,14.2812574,0.7255
QY163,QY163,2009,29.45511246,1.176806098,164,9.334739208,1399.999976,Non-calcareous,2.095607179,5.37832,0.95,0.506334355,0,0.323770852,13.71517355,13.4820156,0.744
QY163,QY163,2010,29.45511246,1.176806098,164,9.131508287,1399.999976,Non-calcareous,2.10553575,5.373216,0.91,0.513077837,0,0.331289765,12.83406594,12.61588682,0.7625
QY163,QY163,2011,27.27325228,1.176806098,164,8.928277366,1399.999976,Non-calcareous,2.115464322,5.299472,0.6,0.529322272,0,0.338975544,13.04084408,12.81914973,0.781
QY163,QY163,2012,25.09139209,1.176806098,164,8.725046445,1399.999976,Non-calcareous,2.127035751,5.332648,0.98,0.540817032,0,0.346062604,13.26150926,13.0360636,0.7995
QY163,QY163,2013,22.90953191,1.176806098,164,8.521815525,1399.999976,Non-calcareous,2.137964322,5.217368,0.43,0.550471992,0,0.35183602,13.285913,13.06005248,0.818
QY163,QY163,2014,20.72767173,1.176806098,164,8.318584604,1399.999976,Non-calcareous,2.136000036,5.336256,1.16,0.581403073,0,0.357385989,13.22632715,13.00147959,0.8365
QY163,QY163,2015,18.54581155,1.176806098,164,8.115353683,1399.999976,Non-calcareous,2.145142894,5.287768,0.93,0.692866463,0,0.361329847,13.22749422,13.00262682,0.84
QY163,QY163,2016,16.36395137,1.176806098,164,7.912122762,1399.999976,Non-calcareous,2.155785751,5.308536,1.24,0.708109226,0,0.364671056,13.22871954,13.0038313,0.84
QY163,QY163,2017,14.18209118,1.176806098,164,7.708891842,1399.999976,Non-calcareous,2.162428608,5.276152,0.95,0.660557001,0,0.36674226,13.6803888,13.44782219,0.84
QY163,QY163,2018,12.000231,1.176806098,164,7.505660921,1399.999976,Non-calcareous,2.166392894,5.25512,0.93,0.687153893,0,0.368254102,12.99037087,12.76953456,0.84
QY163,QY163,2019,9.818370819,1.176806098,164,7.30243,1399.999976,Non-calcareous,2.194785752,5.242008,0.91,0.685249516,0,0.36901633,12.7021231,12.486187,0.84
QY165,QY165,1985,9.584098125,1.084520564,223,13.8576307,1399.999976,Calcareous,2.494857185,6.702456,1.47,0.373779557,0,0.330266858,12.58968667,12.375662,0.3
QY165,QY165,1986,9.584098125,1.084520564,223,13.65947117,1399.999976,Calcareous,2.465000042,6.700696,1.48,0.394811971,0,0.333162251,13.41193832,13.18393537,0.3185
QY165,QY165,1987,9.584098125,1.084520564,223,13.46131163,1399.999976,Calcareous,2.44057147,6.69876,1.53,0.476985409,0,0.335990668,12.17169268,11.96477391,0.337
QY165,QY165,1988,9.584098125,1.084520564,223,13.2631521,1399.999976,Calcareous,2.421892898,6.693392,1.2,0.491363707,0,0.338908627,12.25795662,12.04957135,0.3555
QY165,QY165,1989,9.584098125,1.084520564,223,13.06499256,1399.999976,Calcareous,2.398642898,6.69216,1.2,0.562985454,0,0.341862771,12.25712143,12.04875037,0.374
QY165,QY165,1990,9.584098125,1.084520564,223,12.86683303,1399.999976,Calcareous,2.378178612,6.69524,1.47,0.635172022,0,0.344829357,12,11.796,0.3925
QY165,QY165,1991,10.72091775,1.084520564,223,12.66867349,1399.999976,Calcareous,2.358857183,6.6926,1.48,0.66074163,0,0.347786827,11.82533268,11.62430202,0.411
QY165,QY165,1992,11.85773738,1.084520564,223,12.47051396,1399.999976,Calcareous,2.341035754,6.692336,1.53,0.683659855,0,0.351156499,12.51268693,12.29997125,0.4295
QY165,QY165,1993,12.994557,1.084520564,223,12.27235443,1399.999976,Calcareous,2.323714325,6.688288,1.2,0.712365391,0,0.354871844,12.51268693,12.29997125,0.448
QY165,QY165,1994,14.13137663,1.084520564,223,12.07419489,1399.999976,Calcareous,2.305500039,6.70096,1.95,0.69612704,0,0.35904626,12.41031069,12.19933541,0.4665
QY165,QY165,1995,15.26819625,1.084520564,223,11.87603536,1399.999976,Calcareous,2.287357182,6.682832,0.89,0.817052439,0,0.363492797,12.33416691,12.12448608,0.485
QY165,QY165,1996,16.40501588,1.084520564,223,11.67787582,1399.999976,Calcareous,2.278821467,6.691368,1.47,0.800141583,0,0.368556962,12.09055212,11.88501273,0.5035
QY165,QY165,1997,17.5418355,1.084520564,223,11.47971629,1399.999976,Calcareous,2.274214324,6.697968,1.98,0.761625026,0,0.37392765,12.40048201,12.18967382,0.522
QY165,QY165,1998,18.67865513,1.084520564,223,11.28155675,1399.999976,Calcareous,2.267214324,6.692864,1.33,0.79548042,0,0.379568502,12.66450434,12.44920776,0.5405
QY165,QY165,1999,19.81547475,1.084520564,223,11.08339722,1399.999976,Calcareous,2.261142896,6.686352,1,0.812721954,0,0.385719102,12.60760935,12.39327999,0.559
QY165,QY165,2000,20.95229438,1.084520564,223,10.88523768,1399.999976,Calcareous,2.26842861,6.688464,1.41,0.836634626,0,0.392336427,12.53684645,12.32372006,0.5775
QY165,QY165,2001,22.089114,1.084520564,223,10.68707815,1399.999976,Calcareous,2.278142896,6.684416,1.14,0.840490009,0,0.399288887,12.44031168,12.22882638,0.596
QY165,QY165,2002,23.22593363,1.084520564,223,10.48891862,1399.999976,Calcareous,2.26842861,6.70184,2.09,0.823804555,0,0.406707046,12.47691833,12.26481072,0.6145
QY165,QY165,2003,24.36275325,1.084520564,223,10.29075908,1399.999976,Calcareous,2.258142896,6.66708,0.85,1.017543859,0,0.41432653,12.9782788,12.75764806,0.633
QY165,QY165,2004,25.49957288,1.084520564,223,10.09259955,1399.999976,Calcareous,2.251142895,6.689608,1.31,1.113131691,0,0.422599044,13.98719959,13.7494172,0.6515
QY165,QY165,2005,26.6363925,1.084520564,223,9.894440012,1399.999976,Calcareous,2.24642861,6.680192,1.31,1.228159117,0,0.431143897,13.11857348,12.89555773,0.67
QY165,QY165,2006,27.77321213,1.084520564,223,9.696280478,1399.999976,Calcareous,2.24267861,6.692688,1.55,1.233822707,0,0.440176465,11.90466099,11.70228175,0.6885
QY165,QY165,2007,28.91003175,1.084520564,223,9.498120944,1399.999976,Calcareous,2.239750038,6.686176,1.18,1.248514189,0,0.449654653,11.74593953,11.54625855,0.707
QY165,QY165,2008,30.04685138,1.084520564,223,9.299961409,1399.999976,Calcareous,2.233178609,6.681336,1.11,1.267004813,0,0.459625912,11.62258995,11.42500592,0.7255
QY165,QY165,2009,31.183671,1.084520564,223,9.101801875,1399.999976,Calcareous,2.224785752,6.675088,0.95,1.302078921,0,0.470017607,10.97213884,10.78561248,0.744
QY165,QY165,2010,31.183671,1.084520564,223,8.90364234,1399.999976,Calcareous,2.223107181,6.673504,0.91,1.319766462,0,0.480899027,10.26725275,10.09270945,0.7625
QY165,QY165,2011,28.87376944,1.084520564,223,8.705482806,1399.999976,Calcareous,2.221535752,6.642176,0.6,1.360252776,0,0.491841673,10.43267526,10.25531978,0.781
QY165,QY165,2012,26.56386789,1.084520564,223,8.507323271,1399.999976,Calcareous,2.221500038,6.661448,0.98,1.39005729,0,0.50201094,10.6092074,10.42885088,0.7995
QY165,QY165,2013,24.25396633,1.084520564,223,8.309163737,1399.999976,Calcareous,2.221035752,6.625456,0.43,1.414823037,0,0.511255498,10.6287304,10.44804198,0.818
QY165,QY165,2014,21.94406478,1.084520564,223,8.111004202,1399.999976,Calcareous,2.210428609,6.679576,1.16,1.495877581,0,0.519812832,10.58106172,10.40118367,0.8365
QY165,QY165,2015,19.63416322,1.084520564,223,7.912844668,1399.999976,Calcareous,2.208892895,6.666552,0.93,1.773665466,0,0.527404449,10.58199538,10.40210146,0.84
QY165,QY165,2016,17.32426167,1.084520564,223,7.714685133,1399.999976,Calcareous,2.208714323,6.675792,1.24,1.811818726,0,0.534302216,10.58297563,10.40306504,0.84
QY165,QY165,2017,15.01436011,1.084520564,223,7.516525599,1399.999976,Calcareous,2.205464323,6.668224,0.95,1.693256468,0,0.540275983,10.94431104,10.75825775,0.84
QY165,QY165,2018,12.70445856,1.084520564,223,7.318366064,1399.999976,Calcareous,2.200214323,6.667344,0.93,1.759526965,0,0.545405774,10.39229669,10.21562765,0.84
QY165,QY165,2019,10.394557,1.084520564,223,7.12020653,1399.999976,Calcareous,2.214678609,6.664792,0.91,1.754813717,0,0.549758451,10.16169848,9.988949603,0.84
QY175,QY175,1985,6.104958022,1.336850399,181.5285171,33.97848605,1389.999986,Calcareous,2.280755419,6.707472,1.47,0.090011556,0,0.223373053,8.393124447,8.250441332,0.3
QY175,QY175,1986,6.104958022,1.336850399,181.5285171,33.49260494,1389.999986,Calcareous,2.251726642,6.706416,1.48,0.093324433,0,0.225665498,8.941292215,8.789290247,0.3185
QY175,QY175,1987,6.104958022,1.336850399,181.5285171,33.00672383,1389.999986,Calcareous,2.226330958,6.706416,1.53,0.11127538,0,0.22793173,8.114461789,7.976515939,0.337
QY175,QY175,1988,6.104958022,1.336850399,181.5285171,32.52084272,1389.999986,Calcareous,2.204892109,6.702984,1.2,0.115202145,0,0.230217702,8.171971077,8.033047569,0.3555
QY175,QY175,1989,6.104958022,1.336850399,181.5285171,32.03496161,1389.999986,Calcareous,2.180467648,6.702368,1.2,0.129871816,0,0.232532219,8.17141429,8.032500247,0.374
QY175,QY175,1990,6.104958022,1.336850399,181.5285171,31.5490805,1389.999986,Calcareous,2.158093547,6.705008,1.47,0.144684179,0,0.234844924,8,7.864,0.3925
QY175,QY175,1991,6.545949626,1.336850399,181.5285171,31.06319939,1389.999986,Calcareous,2.136618727,6.702544,1.48,0.1505418,0,0.237131146,7.883555119,7.749534682,0.411
QY175,QY175,1992,6.986941231,1.336850399,181.5285171,30.57731828,1389.999986,Calcareous,2.116294986,6.70228,1.53,0.155121857,0,0.23957262,8.341791284,8.199980833,0.4295
QY175,QY175,1993,7.427932835,1.336850399,181.5285171,30.09143717,1389.999986,Calcareous,2.096474842,6.6992,1.2,0.162261528,0,0.242145243,8.341791284,8.199980833,0.448
QY175,QY175,1994,7.868924439,1.336850399,181.5285171,29.60555606,1389.999986,Calcareous,2.076223043,6.707824,1.95,0.159410743,0,0.244912672,8.273540462,8.132890274,0.4665
QY175,QY175,1995,8.309916044,1.336850399,181.5285171,29.11967496,1389.999986,Calcareous,2.0561511,6.699288,0.89,0.185458923,0,0.247738608,8.222777943,8.082990718,0.485
QY175,QY175,1996,8.750907648,1.336850399,181.5285171,28.63379385,1389.999986,Calcareous,2.042697863,6.702016,1.47,0.18420029,0,0.250864031,8.06036808,7.923341823,0.5035
QY175,QY175,1997,9.191899253,1.336850399,181.5285171,28.14791274,1389.999986,Calcareous,2.032050381,6.705976,1.98,0.177458216,0,0.254068962,8.266988007,8.126449211,0.522
QY175,QY175,1998,9.632890857,1.336850399,181.5285171,27.66203163,1389.999986,Calcareous,2.020000021,6.706856,1.33,0.186713352,0,0.25734695,8.443002891,8.299471841,0.5405
QY175,QY175,1999,10.07388246,1.336850399,181.5285171,27.17615052,1389.999986,Calcareous,2.008669085,6.701928,1,0.189926331,0,0.260866937,8.405072901,8.262186662,0.559
QY175,QY175,2000,10.51487407,1.336850399,181.5285171,26.69026941,1389.999986,Calcareous,2.006510812,6.701136,1.41,0.193581062,0,0.264588293,8.35789763,8.21581337,0.5775
QY175,QY175,2001,10.95586567,1.336850399,181.5285171,26.2043883,1389.999986,Calcareous,2.006187071,6.700432,1.14,0.197086281,0,0.268405976,8.293541121,8.152550922,0.596
QY175,QY175,2002,11.39685727,1.336850399,181.5285171,25.71850719,1389.999986,Calcareous,1.993021603,6.710112,2.09,0.190075999,0,0.27242379,8.317945555,8.176540481,0.6145
QY175,QY175,2003,11.83784888,1.336850399,181.5285171,25.23262608,1389.999986,Calcareous,1.979532394,6.690576,0.85,0.231355634,0,0.276447061,8.652185868,8.505098709,0.633
QY175,QY175,2004,12.27884048,1.336850399,181.5285171,24.74674497,1389.999986,Calcareous,1.968345344,6.705448,1.31,0.253191382,0,0.28081051,9.324799729,9.166278133,0.6515
QY175,QY175,2005,12.71983209,1.336850399,181.5285171,24.26086386,1389.999986,Calcareous,1.958848941,6.698232,1.31,0.277314711,0,0.28524142,8.745715653,8.597038487,0.67
QY175,QY175,2006,13.16082369,1.336850399,181.5285171,23.77498275,1389.999986,Calcareous,1.950107934,6.707472,1.55,0.27743606,0,0.289849884,7.936440658,7.801521167,0.6885
QY175,QY175,2007,13.6018153,1.336850399,181.5285171,23.28910164,1389.999986,Calcareous,1.94205038,6.705624,1.18,0.281975986,0,0.294604345,7.83062635,7.697505702,0.707
QY175,QY175,2008,14.0428069,1.336850399,181.5285171,22.80322054,1389.999986,Calcareous,1.931726639,6.702192,1.11,0.286093219,0,0.299580099,7.7483933,7.616670614,0.7255
QY175,QY175,2009,14.48379851,1.336850399,181.5285171,22.31733943,1389.999986,Calcareous,1.920251818,6.699728,0.95,0.294230543,0,0.30472318,7.314759226,7.19040832,0.744
QY175,QY175,2010,14.48379851,1.336850399,181.5285171,21.83145832,1389.999986,Calcareous,1.913345343,6.698144,0.91,0.29838518,0,0.310066023,6.844835166,6.728472968,0.7625
QY175,QY175,2011,13.41092454,1.336850399,181.5285171,21.34557721,1389.999986,Calcareous,1.906726638,6.680104,0.6,0.309198731,0,0.315430172,6.95511684,6.836879854,0.781
QY175,QY175,2012,12.33805058,1.336850399,181.5285171,20.8596961,1389.999986,Calcareous,1.90118707,6.688464,0.98,0.316849815,0,0.320458197,7.072804937,6.952567253,0.7995
QY175,QY175,2013,11.26517662,1.336850399,181.5285171,20.37381499,1389.999986,Calcareous,1.895539588,6.676144,0.43,0.322191191,0,0.325021528,7.085820268,6.965361323,0.818
QY175,QY175,2014,10.19230265,1.336850399,181.5285171,19.88793388,1389.999986,Calcareous,1.883165487,6.70228,1.16,0.341345543,0,0.329308733,7.054041147,6.934122447,0.8365
QY175,QY175,2015,9.119428688,1.336850399,181.5285171,19.40205277,1389.999986,Calcareous,1.876942465,6.69612,0.93,0.387875145,0,0.333071722,7.054663585,6.934734304,0.84
QY175,QY175,2016,8.046554725,1.336850399,181.5285171,18.91617166,1389.999986,Calcareous,1.871762609,6.699728,1.24,0.395913727,0,0.336501641,7.055317086,6.935376696,0.84
QY175,QY175,2017,6.973680762,1.336850399,181.5285171,18.43029055,1389.999986,Calcareous,1.864604336,6.69744,0.95,0.374927015,0,0.339471989,7.29620736,7.172171835,0.84
QY175,QY175,2018,5.900806798,1.336850399,181.5285171,17.94440944,1389.999986,Calcareous,1.856223041,6.697352,0.93,0.386226812,0,0.342090548,6.928197795,6.810418433,0.84
QY175,QY175,2019,4.827932835,1.336850399,181.5285171,17.45852833,1389.999986,Calcareous,1.861151098,6.695856,0.91,0.385677312,0,0.344335509,6.774465652,6.659299736,0.84
QY182,QY182,1985,11.02211859,1.10363762,165.9297845,15.13024811,1360.000014,Calcareous,1.596801454,6.705272,1.47,0.184866256,0,0.102071631,6.294843335,6.187830999,0.3
QY182,QY182,1986,11.02211859,1.10363762,165.9297845,14.91389056,1360.000014,Calcareous,1.576544101,6.7036,1.48,0.196149797,0,0.106245763,6.705969161,6.591967685,0.3185
QY182,QY182,1987,11.02211859,1.10363762,165.9297845,14.69753302,1360.000014,Calcareous,1.559080866,6.703336,1.53,0.234586128,0,0.110389308,6.085846342,5.982386954,0.337
QY182,QY182,1988,11.02211859,1.10363762,165.9297845,14.48117548,1360.000014,Calcareous,1.544669101,6.699464,1.2,0.239586027,0,0.114549718,6.128978308,6.024785677,0.3555
QY182,QY182,1989,11.02211859,1.10363762,165.9297845,14.26481794,1360.000014,Calcareous,1.527904396,6.698672,1.2,0.272358581,0,0.118724373,6.128560717,6.024375185,0.374
QY182,QY182,1990,11.02211859,1.10363762,165.9297845,14.04846039,1360.000014,Calcareous,1.512683808,6.701928,1.47,0.305440299,0,0.122895272,6,5.898,0.3925
QY182,QY182,1991,12.44654231,1.10363762,165.9297845,13.83210285,1360.000014,Calcareous,1.498124984,6.699464,1.48,0.316135764,0,0.127041339,5.912666339,5.812151012,0.411
QY182,QY182,1992,13.87096603,1.10363762,165.9297845,13.61574531,1360.000014,Calcareous,1.484448514,6.699552,1.53,0.325543569,0,0.131700519,6.256343463,6.149985624,0.4295
QY182,QY182,1993,15.29538975,1.10363762,165.9297845,13.39938777,1360.000014,Calcareous,1.471066161,6.696384,1.2,0.339617862,0,0.136846858,6.256343463,6.149985624,0.448
QY182,QY182,1994,16.71981347,1.10363762,165.9297845,13.18303022,1360.000014,Calcareous,1.457352926,6.705712,1.95,0.330828522,0,0.142541433,6.205155346,6.099667706,0.4665
QY182,QY182,1995,18.14423719,1.10363762,165.9297845,12.96667268,1360.000014,Calcareous,1.44371322,6.695064,0.89,0.391649675,0,0.148645267,6.167083457,6.062243038,0.485
QY182,QY182,1996,19.56866091,1.10363762,165.9297845,12.75031514,1360.000014,Calcareous,1.435147044,6.699024,1.47,0.380751833,0,0.155412047,6.04527606,5.942506367,0.5035
QY182,QY182,1997,20.99308463,1.10363762,165.9297845,12.5339576,1360.000014,Calcareous,1.428676456,6.703512,1.98,0.361765403,0,0.162602198,6.200241006,6.094836908,0.522
QY182,QY182,1998,22.41750834,1.10363762,165.9297845,12.31760006,1360.000014,Calcareous,1.421066162,6.703688,1.33,0.376955309,0,0.170200244,6.332252168,6.224603881,0.5405
QY182,QY182,1999,23.84193206,1.10363762,165.9297845,12.10124251,1360.000014,Calcareous,1.414007338,6.697968,1,0.384772112,0,0.178396165,6.303804676,6.196639996,0.559
QY182,QY182,2000,25.26635578,1.10363762,165.9297845,11.88488497,1360.000014,Calcareous,1.413897044,6.697264,1.41,0.39988701,0,0.187147986,6.268423223,6.161860028,0.5775
QY182,QY182,2001,26.6907795,1.10363762,165.9297845,11.66852743,1360.000014,Calcareous,1.415147044,6.696736,1.14,0.400435512,0,0.196334159,6.220155841,6.114413192,0.596
QY182,QY182,2002,28.11520322,1.10363762,165.9297845,11.45216989,1360.000014,Calcareous,1.406507338,6.707384,2.09,0.392583121,0,0.206074339,6.238459166,6.132405361,0.6145
QY182,QY182,2003,29.53962694,1.10363762,165.9297845,11.23581234,1360.000014,Calcareous,1.397610279,6.685912,0.85,0.485300383,0,0.216120138,6.489139401,6.378824032,0.633
QY182,QY182,2004,30.96405066,1.10363762,165.9297845,11.0194548,1360.000014,Calcareous,1.390477927,6.700872,1.31,0.535008553,0,0.226917352,6.993599797,6.8747086,0.6515
QY182,QY182,2005,32.38847438,1.10363762,165.9297845,10.80309726,1360.000014,Calcareous,1.384558809,6.69348,1.31,0.591812932,0,0.238096332,6.55928674,6.447778865,0.67
QY182,QY182,2006,33.81289809,1.10363762,165.9297845,10.58673972,1360.000014,Calcareous,1.379227927,6.702984,1.55,0.594196577,0,0.249810938,5.952330494,5.851140875,0.6885
QY182,QY182,2007,35.23732181,1.10363762,165.9297845,10.37038217,1360.000014,Calcareous,1.37441175,6.700344,1.18,0.600946231,0,0.262009114,5.872969763,5.773129277,0.707
QY182,QY182,2008,36.66174553,1.10363762,165.9297845,10.15402463,1360.000014,Calcareous,1.367757339,6.696208,1.11,0.609514621,0,0.274800593,5.811294975,5.712502961,0.7255
QY182,QY182,2009,38.08616925,1.10363762,165.9297845,9.93766709,1360.000014,Calcareous,1.360220574,6.692864,0.95,0.626074049,0,0.288106243,5.48606942,5.39280624,0.744
QY182,QY182,2010,38.08616925,1.10363762,165.9297845,9.721309547,1360.000014,Calcareous,1.356213221,6.690488,0.91,0.634372919,0,0.301981044,5.133626375,5.046354726,0.7625
QY182,QY182,2011,35.26497153,1.10363762,165.9297845,9.504952005,1360.000014,Calcareous,1.352352927,6.67016,0.6,0.654229908,0,0.315871291,5.21633763,5.12765989,0.781
QY182,QY182,2012,32.44377381,1.10363762,165.9297845,9.288594463,1360.000014,Calcareous,1.349301456,6.680984,0.98,0.668281074,0,0.328789298,5.304603702,5.214425439,0.7995
QY182,QY182,2013,29.62257608,1.10363762,165.9297845,9.07223692,1360.000014,Calcareous,1.346139692,6.663384,0.43,0.680264124,0,0.340516157,5.314365201,5.224020992,0.818
QY182,QY182,2014,26.80137836,1.10363762,165.9297845,8.855879378,1360.000014,Calcareous,1.337794104,6.694624,1.16,0.718313173,0,0.351385732,5.29053086,5.200591836,0.8365
QY182,QY182,2015,23.98018064,1.10363762,165.9297845,8.639521836,1360.000014,Calcareous,1.334154398,6.687672,0.93,0.859176093,0,0.360955652,5.290997689,5.201050728,0.84
QY182,QY182,2016,21.15898292,1.10363762,165.9297845,8.423164294,1360.000014,Calcareous,1.331249986,6.692248,1.24,0.878160013,0,0.369593003,5.291487815,5.201532522,0.84
QY182,QY182,2017,18.33778519,1.10363762,165.9297845,8.206806751,1360.000014,Calcareous,1.326874986,6.68864,0.95,0.818254832,0,0.377043956,5.47215552,5.379128877,0.84
QY182,QY182,2018,15.51658747,1.10363762,165.9297845,7.990449209,1360.000014,Calcareous,1.321470574,6.688112,0.93,0.851834055,0,0.383502633,5.196148346,5.107813825,0.84
QY182,QY182,2019,12.69538975,1.10363762,165.9297845,7.774091667,1360.000014,Calcareous,1.326286751,6.686352,0.91,0.849386469,0,0.388943954,5.080849239,4.994474802,0.84
QY189,QY189,1985,5.107354188,1.493477194,146,160.7599521,1409.999967,Calcareous,1.694787274,6.710464,1.47,0.096480173,0,0.186155358,9.442265003,9.281746498,0.3
QY189,QY189,1986,5.107354188,1.493477194,146,158.461138,1409.999967,Calcareous,1.677659614,6.70932,1.48,0.100587275,0,0.188214728,10.05895374,9.887951528,0.3185
QY189,QY189,1987,5.107354188,1.493477194,146,156.1623238,1409.999967,Calcareous,1.664503586,6.710112,1.53,0.125106216,0,0.190257842,9.128769513,8.973580431,0.337
QY189,QY189,1988,5.107354188,1.493477194,146,153.8635097,1409.999967,Calcareous,1.655673798,6.705712,1.2,0.131984666,0,0.192313623,9.193467462,9.037178515,0.3555
QY189,QY189,1989,5.107354188,1.493477194,146,151.5646956,1409.999967,Calcareous,1.643439755,6.70492,1.2,0.154447583,0,0.194404815,9.192841076,9.036562778,0.374
QY189,QY189,1990,5.107354188,1.493477194,146,149.2658814,1409.999967,Calcareous,1.633191528,6.70844,1.47,0.177011574,0,0.196499181,9,8.847,0.3925
QY189,QY189,1991,5.348825026,1.493477194,146,146.9670673,1409.999967,Calcareous,1.623723443,6.70624,1.48,0.186537984,0,0.198567683,8.868999509,8.718226517,0.411
QY189,QY189,1992,5.590295863,1.493477194,146,144.6682532,1409.999967,Calcareous,1.615354648,6.707032,1.53,0.195344502,0,0.200720635,9.384515195,9.224978437,0.4295
QY189,QY189,1993,5.831766701,1.493477194,146,142.369439,1409.999967,Calcareous,1.607340464,6.703424,1.2,0.202938598,0,0.202943014,9.384515195,9.224978437,0.448
QY189,QY189,1994,6.073237539,1.493477194,146,140.0706249,1409.999967,Calcareous,1.598581598,6.709672,1.95,0.199884257,0,0.205292128,9.30773302,9.149501558,0.4665
QY189,QY189,1995,6.314708376,1.493477194,146,137.7718108,1409.999967,Calcareous,1.589787272,6.705976,0.89,0.229577926,0,0.20762271,9.250625185,9.093364557,0.485
QY189,QY189,1996,6.556179214,1.493477194,146,135.4729967,1409.999967,Calcareous,1.588120605,6.705448,1.47,0.229013833,0,0.210190929,9.06791409,8.91375955,0.5035
QY189,QY189,1997,6.797650052,1.493477194,146,133.1741825,1409.999967,Calcareous,1.589432662,6.708352,1.98,0.218976921,0,0.21276284,9.300361508,9.142255363,0.522
QY189,QY189,1998,7.039120889,1.493477194,146,130.8753684,1409.999967,Calcareous,1.589113513,6.713016,1.33,0.230047457,0,0.215338548,9.498378252,9.336905822,0.5405
QY189,QY189,1999,7.280591727,1.493477194,146,128.5765543,1409.999967,Calcareous,1.589432662,6.707912,1,0.235563787,0,0.218093462,9.455707014,9.294959995,0.559
QY189,QY189,2000,7.522062564,1.493477194,146,126.2777401,1409.999967,Calcareous,1.59971635,6.705624,1.41,0.236804111,0,0.220980882,9.402634834,9.242790042,0.5775
QY189,QY189,2001,7.763533402,1.493477194,146,123.978926,1409.999967,Calcareous,1.612056776,6.707296,1.14,0.239836741,0,0.223893713,9.330233761,9.171619787,0.596
QY189,QY189,2002,8.00500424,1.493477194,146,121.6801119,1409.999967,Calcareous,1.610106421,6.712312,2.09,0.234929873,0,0.226936386,9.35768875,9.198608041,0.6145
QY189,QY189,2003,8.246475077,1.493477194,146,119.3812977,1409.999967,Calcareous,1.607482308,6.701752,0.85,0.289593285,0,0.229918064,9.733709102,9.568236047,0.633
QY189,QY189,2004,8.487945915,1.493477194,146,117.0824836,1409.999967,Calcareous,1.607163159,6.710552,1.31,0.310618862,0,0.233180405,10.49039969,10.3120629,0.6515
QY189,QY189,2005,8.729416753,1.493477194,146,114.7836695,1409.999967,Calcareous,1.608510676,6.704568,1.31,0.340439719,0,0.236452442,9.838930109,9.671668297,0.67
QY189,QY189,2006,8.97088759,1.493477194,146,112.4848554,1409.999967,Calcareous,1.610567414,6.712048,1.55,0.342527842,0,0.239826313,8.92849574,8.776711313,0.6885
QY189,QY189,2007,9.212358428,1.493477194,146,110.1860412,1409.999967,Calcareous,1.613191528,6.712224,1.18,0.347094843,0,0.243263869,8.809454644,8.659693915,0.707
QY189,QY189,2008,9.453829265,1.493477194,146,107.8872271,1409.999967,Calcareous,1.613156067,6.70844,1.11,0.352732881,0,0.24684835,8.716942463,8.568754441,0.7255
QY189,QY189,2009,9.695300103,1.493477194,146,105.588413,1409.999967,Calcareous,1.611631244,6.707384,0.95,0.362967847,0,0.2505294,8.22910413,8.089209359,0.744
QY189,QY189,2010,9.695300103,1.493477194,146,103.2895988,1409.999967,Calcareous,1.615000038,6.70448,0.91,0.368207083,0,0.254331462,7.700439562,7.56953209,0.7625
QY189,QY189,2011,8.977129725,1.493477194,146,100.9907847,1409.999967,Calcareous,1.618510677,6.693128,0.6,0.378907914,0,0.2581484,7.824506445,7.691489836,0.781
QY189,QY189,2012,8.258959347,1.493477194,146,98.69197058,1409.999967,Calcareous,1.623120606,6.697088,0.98,0.387635679,0,0.2617628,7.956905554,7.821638159,0.7995
QY189,QY189,2013,7.540788969,1.493477194,146,96.39315645,1409.999967,Calcareous,1.627446847,6.694008,0.43,0.39442685,0,0.265056206,7.971547801,7.836031489,0.818
QY189,QY189,2014,6.822618591,1.493477194,146,94.09434232,1409.999967,Calcareous,1.624184436,6.707296,1.16,0.418407822,0,0.268196176,7.93579629,7.800887753,0.8365
QY189,QY189,2015,6.104448213,1.493477194,146,91.79552819,1409.999967,Calcareous,1.627482308,6.704392,0.93,0.484901327,0,0.270960224,7.936496533,7.801576092,0.84
QY189,QY189,2016,5.386277835,1.493477194,146,89.49671406,1409.999967,Calcareous,1.631773088,6.705712,1.24,0.494578707,0,0.273530685,7.937231722,7.802298783,0.84
QY189,QY189,2017,4.668107457,1.493477194,146,87.19789993,1409.999967,Calcareous,1.633794365,6.705008,0.95,0.46587422,0,0.275788929,8.208233281,8.068693315,0.84
QY189,QY189,2018,3.949937079,1.493477194,146,84.8990858,1409.999967,Calcareous,1.634255358,6.705184,0.93,0.481775882,0,0.27782742,7.79422252,7.661720737,0.84
QY189,QY189,2019,3.231766701,1.493477194,146,82.60027167,1409.999967,Calcareous,1.64932628,6.703864,0.91,0.480734013,0,0.279623124,7.621273858,7.491712203,0.84
QY193,QY193,1985,5.29672932,1.324394635,146.9239544,13.60463274,1379.999995,Calcareous,3.131739141,6.706944,1.47,0.244933021,0,0.260177418,14.68796778,14.43827233,0.3
QY193,QY193,1986,5.29672932,1.324394635,146.9239544,13.410091,1379.999995,Calcareous,3.093659431,6.705624,1.48,0.256747496,0,0.26193161,15.64726138,15.38125793,0.3185
QY193,QY193,1987,5.29672932,1.324394635,146.9239544,13.21554925,1379.999995,Calcareous,3.061992764,6.704744,1.53,0.306574689,0,0.263638459,14.20030813,13.95890289,0.337
QY193,QY193,1988,5.29672932,1.324394635,146.9239544,13.0210075,1379.999995,Calcareous,3.037210155,6.700256,1.2,0.315344351,0,0.265411104,14.30094939,14.05783325,0.3555
QY193,QY193,1989,5.29672932,1.324394635,146.9239544,12.82646575,1379.999995,Calcareous,3.006992764,6.69832,1.2,0.356914848,0,0.267204143,14.29997501,14.05687543,0.374
QY193,QY193,1990,5.29672932,1.324394635,146.9239544,12.63192401,1379.999995,Calcareous,2.980108706,6.700432,1.47,0.398883695,0,0.26900399,14,13.762,0.3925
QY193,QY193,1991,5.576075184,1.324394635,146.9239544,12.43738226,1379.999995,Calcareous,2.954637691,6.697528,1.48,0.413988691,0,0.270801279,13.79622146,13.56168569,0.411
QY193,QY193,1992,5.855421048,1.324394635,146.9239544,12.24284051,1379.999995,Calcareous,2.931014503,6.696736,1.53,0.4264524,0,0.272705061,14.59813475,14.34996646,0.4295
QY193,QY193,1993,6.134766912,1.324394635,146.9239544,12.04829876,1379.999995,Calcareous,2.908007256,6.692776,1.2,0.44551211,0,0.274668228,14.59813475,14.34996646,0.448
QY193,QY193,1994,6.414112776,1.324394635,146.9239544,11.85375702,1379.999995,Calcareous,2.883985517,6.703776,1.95,0.435920769,0,0.276764854,14.47869581,14.23255798,0.4665
QY193,QY193,1995,6.69345864,1.324394635,146.9239544,11.65921527,1379.999995,Calcareous,2.860108706,6.688464,0.89,0.511378248,0,0.278888554,14.3898614,14.14523376,0.485
QY193,QY193,1996,6.972804504,1.324394635,146.9239544,11.46467352,1379.999995,Calcareous,2.847644937,6.695152,1.47,0.502757813,0,0.281239789,14.10564414,13.86584819,0.5035
QY193,QY193,1997,7.252150368,1.324394635,146.9239544,11.27013178,1379.999995,Calcareous,2.839855082,6.701048,1.98,0.481199562,0,0.28364101,14.46722901,14.22128612,0.522
QY193,QY193,1998,7.531496232,1.324394635,146.9239544,11.07559003,1379.999995,Calcareous,2.829311604,6.697088,1.33,0.503997511,0,0.286066955,14.77525506,14.52407572,0.5405
QY193,QY193,1999,7.810842096,1.324394635,146.9239544,10.88104828,1379.999995,Calcareous,2.819855082,6.691984,1,0.513501671,0,0.288655295,14.70887758,14.45882666,0.559
QY193,QY193,2000,8.09018796,1.324394635,146.9239544,10.68650653,1379.999995,Calcareous,2.826304358,6.693568,1.41,0.528202158,0,0.29138361,14.62632085,14.3776734,0.5775
QY193,QY193,2001,8.369533824,1.324394635,146.9239544,10.49196479,1379.999995,Calcareous,2.835615952,6.68908,1.14,0.533583724,0,0.294180099,14.51369696,14.26696411,0.596
QY193,QY193,2002,8.648879688,1.324394635,146.9239544,10.29742304,1379.999995,Calcareous,2.821992763,6.704744,2.09,0.518598699,0,0.297117535,14.55640472,14.30894584,0.6145
QY193,QY193,2003,8.928225552,1.324394635,146.9239544,10.10288129,1379.999995,Calcareous,2.807717401,6.673768,0.85,0.635886463,0,0.300047133,15.14132527,14.88392274,0.633
QY193,QY193,2004,9.207571416,1.324394635,146.9239544,9.908339544,1379.999995,Calcareous,2.797355082,6.694712,1.31,0.698342958,0,0.303215879,16.31839953,16.04098673,0.6515
QY193,QY193,2005,9.48691728,1.324394635,146.9239544,9.713797796,1379.999995,Calcareous,2.789782618,6.685736,1.31,0.76852298,0,0.30641461,15.30500239,15.04481735,0.67
QY193,QY193,2006,9.766263144,1.324394635,146.9239544,9.519256049,1379.999995,Calcareous,2.783369575,6.697528,1.55,0.770187197,0,0.309776509,13.88877115,13.65266204,0.6885
QY193,QY193,2007,10.04560901,1.324394635,146.9239544,9.324714302,1379.999995,Calcareous,2.777934792,6.691984,1.18,0.780931874,0,0.313280222,13.70359611,13.47063498,0.707
QY193,QY193,2008,10.32495487,1.324394635,146.9239544,9.130172554,1379.999995,Calcareous,2.768260879,6.687848,1.11,0.792205641,0,0.316939718,13.55968828,13.32917358,0.7255
QY193,QY193,2009,10.60430074,1.324394635,146.9239544,8.935630807,1379.999995,Calcareous,2.756449285,6.682568,0.95,0.814252686,0,0.320715817,12.80082865,12.58321456,0.744
QY193,QY193,2010,10.60430074,1.324394635,146.9239544,8.74108906,1379.999995,Calcareous,2.752608705,6.681248,0.91,0.825411771,0,0.324650327,11.97846154,11.77482769,0.7625
QY193,QY193,2011,9.818796978,1.324394635,146.9239544,8.546547312,1379.999995,Calcareous,2.748985517,6.652824,0.6,0.853366869,0,0.32863014,12.17145447,11.96453974,0.781
QY193,QY193,2012,9.03329322,1.324394635,146.9239544,8.352005565,1379.999995,Calcareous,2.747137691,6.66928,0.98,0.873147281,0,0.33235642,12.37740864,12.16699269,0.7995
QY193,QY193,2013,8.247789461,1.324394635,146.9239544,8.157463818,1379.999995,Calcareous,2.744891314,6.639096,0.43,0.888314915,0,0.335754111,12.40018547,12.18938232,0.818
QY193,QY193,2014,7.462285703,1.324394635,146.9239544,7.96292207,1379.999995,Calcareous,2.730615951,6.68732,1.16,0.939629952,0,0.338940385,12.34457201,12.13471428,0.8365
QY193,QY193,2015,6.676781945,1.324394635,146.9239544,7.768380323,1379.999995,Calcareous,2.727137691,6.67588,0.93,1.094555578,0,0.341784375,12.34566127,12.13578503,0.84
QY193,QY193,2016,5.891278187,1.324394635,146.9239544,7.573838575,1379.999995,Calcareous,2.725253633,6.6838,1.24,1.117975991,0,0.344416222,12.3468049,12.13690922,0.84
QY193,QY193,2017,5.105774428,1.324394635,146.9239544,7.379296828,1379.999995,Calcareous,2.71981885,6.67764,0.95,1.050366855,0,0.346717598,12.76836288,12.55130071,0.84
QY193,QY193,2018,4.32027067,1.324394635,146.9239544,7.184755081,1379.999995,Calcareous,2.711992763,6.6772,0.93,1.087597326,0,0.348716586,12.12434614,11.91823226,0.84
QY193,QY193,2019,3.534766912,1.324394635,146.9239544,6.990213333,1379.999995,Calcareous,2.727572473,6.674736,0.91,1.085277679,0,0.350461425,11.85531489,11.65377454,0.84
QY199,QY199,1985,15.11617269,1.149688075,131.5,13.68905415,1399.999976,Calcareous,1.549321455,6.707208,1.47,0.227379626,0,0.152496952,9.442265003,9.281746498,0.3
QY199,QY199,1986,15.11617269,1.149688075,131.5,13.4933052,1399.999976,Calcareous,1.532392883,6.705536,1.48,0.241064741,0,0.157667108,10.05895374,9.887951528,0.3185
QY199,QY199,1987,15.11617269,1.149688075,131.5,13.29755626,1399.999976,Calcareous,1.51953574,6.705096,1.53,0.291069855,0,0.162775306,9.128769513,8.973580431,0.337
QY199,QY199,1988,15.11617269,1.149688075,131.5,13.10180731,1399.999976,Calcareous,1.510964311,6.700432,1.2,0.299030256,0,0.167923841,9.193467462,9.037178515,0.3555
QY199,QY199,1989,15.11617269,1.149688075,131.5,12.90605837,1399.999976,Calcareous,1.498892883,6.699288,1.2,0.342753266,0,0.173092317,9.192841076,9.036562778,0.374
QY199,QY199,1990,15.11617269,1.149688075,131.5,12.71030942,1399.999976,Calcareous,1.488821454,6.702632,1.47,0.386826197,0,0.178252221,9,8.847,0.3925
QY199,QY199,1991,17.35940723,1.149688075,131.5,12.51456047,1399.999976,Calcareous,1.479535739,6.700256,1.48,0.401917392,0,0.183378675,8.868999509,8.718226517,0.411
QY199,QY199,1992,19.60264177,1.149688075,131.5,12.31881153,1399.999976,Calcareous,1.471321454,6.700608,1.53,0.415633272,0,0.189294188,9.384515195,9.224978437,0.4295
QY199,QY199,1993,21.84587631,1.149688075,131.5,12.12306258,1399.999976,Calcareous,1.463357168,6.696648,1.2,0.432977602,0,0.195946865,9.384515195,9.224978437,0.448
QY199,QY199,1994,24.08911085,1.149688075,131.5,11.92731364,1399.999976,Calcareous,1.454642882,6.705624,1.95,0.422494812,0,0.203432893,9.30773302,9.149501558,0.4665
QY199,QY199,1995,26.33234539,1.149688075,131.5,11.73156469,1399.999976,Calcareous,1.445928596,6.695944,0.89,0.497462574,0,0.211559989,9.250625185,9.093364557,0.485
QY199,QY199,1996,28.57557993,1.149688075,131.5,11.53581575,1399.999976,Calcareous,1.444321453,6.698848,1.47,0.485417195,0,0.220677983,9.06791409,8.91375955,0.5035
QY199,QY199,1997,30.81881447,1.149688075,131.5,11.3400668,1399.999976,Calcareous,1.445571453,6.703424,1.98,0.461090852,0,0.230461672,9.300361508,9.142255363,0.522
QY199,QY199,1998,33.062049,1.149688075,131.5,11.14431786,1399.999976,Calcareous,1.445035739,6.70448,1.33,0.480832596,0,0.240882238,9.498378252,9.336905822,0.5405
QY199,QY199,1999,35.30528354,1.149688075,131.5,10.94856891,1399.999976,Calcareous,1.445071453,6.698408,1,0.491451731,0,0.252200174,9.455707014,9.294959995,0.559
QY199,QY199,2000,37.54851808,1.149688075,131.5,10.75281996,1399.999976,Calcareous,1.455071453,6.697704,1.41,0.507721225,0,0.264360555,9.402634834,9.242790042,0.5775
QY199,QY199,2001,39.79175262,1.149688075,131.5,10.55707102,1399.999976,Calcareous,1.466892882,6.697176,1.14,0.508738511,0,0.277202784,9.330233761,9.171619787,0.596
QY199,QY199,2002,42.03498716,1.149688075,131.5,10.36132207,1399.999976,Calcareous,1.464071454,6.707296,2.09,0.499785467,0,0.29089127,9.35768875,9.198608041,0.6145
QY199,QY199,2003,44.2782217,1.149688075,131.5,10.16557313,1399.999976,Calcareous,1.460750025,6.686968,0.85,0.618672702,0,0.305088928,9.733709102,9.568236047,0.633
QY199,QY199,2004,46.52145624,1.149688075,131.5,9.969824183,1399.999976,Calcareous,1.459785739,6.700784,1.31,0.677960841,0,0.320365377,10.49039969,10.3120629,0.6515
QY199,QY199,2005,48.76469078,1.149688075,131.5,9.774075237,1399.999976,Calcareous,1.460464311,6.693304,1.31,0.74920055,0,0.336226463,9.838930109,9.671668297,0.67
QY199,QY199,2006,51.00792531,1.149688075,131.5,9.578326292,1399.999976,Calcareous,1.461785739,6.702808,1.55,0.752971963,0,0.352918638,8.92849574,8.776711313,0.6885
QY199,QY199,2007,53.25115985,1.149688075,131.5,9.382577346,1399.999976,Calcareous,1.463678596,6.700256,1.18,0.761396158,0,0.370391373,8.809454644,8.659693915,0.707
QY199,QY199,2008,55.49439439,1.149688075,131.5,9.186828401,1399.999976,Calcareous,1.462821453,6.696208,1.11,0.77259656,0,0.388756004,8.716942463,8.568754441,0.7255
QY199,QY199,2009,57.73762893,1.149688075,131.5,8.991079455,1399.999976,Calcareous,1.460464311,6.692424,0.95,0.793813728,0,0.407907692,8.22910413,8.089209359,0.744
QY199,QY199,2010,57.73762893,1.149688075,131.5,8.79533051,1399.999976,Calcareous,1.463071453,6.68952,0.91,0.804479709,0,0.427930528,7.700439562,7.56953209,0.7625
QY199,QY199,2011,53.46076753,1.149688075,131.5,8.599581564,1399.999976,Calcareous,1.465750025,6.669104,0.6,0.828675669,0,0.447989927,7.824506445,7.691489836,0.781
QY199,QY199,2012,49.18390613,1.149688075,131.5,8.403832619,1399.999976,Calcareous,1.469500025,6.68028,0.98,0.846433419,0,0.466591364,7.956905554,7.821638159,0.7995
QY199,QY199,2013,44.90704472,1.149688075,131.5,8.208083673,1399.999976,Calcareous,1.472892882,6.661712,0.43,0.861645876,0,0.483469758,7.971547801,7.836031489,0.818
QY199,QY199,2014,40.63018332,1.149688075,131.5,8.012334728,1399.999976,Calcareous,1.468607168,6.693216,1.16,0.91048744,0,0.499041393,7.93579629,7.800887753,0.8365
QY199,QY199,2015,36.35332192,1.149688075,131.5,7.816585782,1399.999976,Calcareous,1.471035739,6.686528,0.93,1.087840884,0,0.512768904,7.936496533,7.801576092,0.84
QY199,QY199,2016,32.07646052,1.149688075,131.5,7.620836837,1399.999976,Calcareous,1.474428597,6.691104,1.24,1.111498635,0,0.525092203,7.937231722,7.802298783,0.84
QY199,QY199,2017,27.79959911,1.149688075,131.5,7.425087891,1399.999976,Calcareous,1.475464311,6.68732,0.95,1.036272976,0,0.535700245,8.208233281,8.068693315,0.84
QY199,QY199,2018,23.52273771,1.149688075,131.5,7.229338946,1399.999976,Calcareous,1.474964311,6.686792,0.93,1.078503785,0,0.54481674,7.79422252,7.661720737,0.84
QY199,QY199,2019,19.24587631,1.149688075,131.5,7.03359,1399.999976,Calcareous,1.489142883,6.685032,0.91,1.075391141,0,0.552443596,7.621273858,7.491712203,0.84
QY200,QY200,1985,14.25269094,1.131679777,220,17.8117873,1379.999995,Calcareous,1.666920296,6.705976,1.47,0.104394045,0,0.237622077,6.294843335,6.187830999,0.3
QY200,QY200,1986,14.25269094,1.131679777,220,17.55708463,1379.999995,Calcareous,1.645398556,6.70492,1.48,0.107877342,0,0.242536185,6.705969161,6.591967685,0.3185
QY200,QY200,1987,14.25269094,1.131679777,220,17.30238197,1379.999995,Calcareous,1.62663044,6.704656,1.53,0.128006705,0,0.247398382,6.085846342,5.982386954,0.337
QY200,QY200,1988,14.25269094,1.131679777,220,17.0476793,1379.999995,Calcareous,1.610833339,6.701224,1.2,0.132467964,0,0.252282038,6.128978308,6.024785677,0.3555
QY200,QY200,1989,14.25269094,1.131679777,220,16.79297664,1379.999995,Calcareous,1.592789861,6.700256,1.2,0.148558243,0,0.257208746,6.128560717,6.024375185,0.374
QY200,QY200,1990,14.25269094,1.131679777,220,16.53827397,1379.999995,Calcareous,1.576268121,6.70316,1.47,0.164818705,0,0.262122212,6,5.898,0.3925
QY200,QY200,1991,16.32322913,1.131679777,220,16.2835713,1379.999995,Calcareous,1.560398556,6.700784,1.48,0.171340374,0,0.266977794,5.912666339,5.812151012,0.411
QY200,QY200,1992,18.39376731,1.131679777,220,16.02886864,1379.999995,Calcareous,1.545434788,6.700696,1.53,0.176219604,0,0.272569283,6.256343463,6.149985624,0.4295
QY200,QY200,1993,20.4643055,1.131679777,220,15.77416597,1379.999995,Calcareous,1.530833339,6.69788,1.2,0.184545689,0,0.278852584,6.256343463,6.149985624,0.448
QY200,QY200,1994,22.53484369,1.131679777,220,15.51946331,1379.999995,Calcareous,1.51586957,6.70712,1.95,0.181433931,0,0.285942022,6.205155346,6.099667706,0.4665
QY200,QY200,1995,24.60538188,1.131679777,220,15.26476064,1379.999995,Calcareous,1.50105073,6.697088,0.89,0.210961499,0,0.293583091,6.167083457,6.062243038,0.485
QY200,QY200,1996,26.67592006,1.131679777,220,15.01005798,1379.999995,Calcareous,1.491231889,6.700784,1.47,0.209966155,0,0.302221412,6.04527606,5.942506367,0.5035
QY200,QY200,1997,28.74645825,1.131679777,220,14.75535531,1379.999995,Calcareous,1.483478266,6.70492,1.98,0.202799708,0,0.31144426,6.200241006,6.094836908,0.522
QY200,QY200,1998,30.81699644,1.131679777,220,14.50065264,1379.999995,Calcareous,1.474637686,6.704304,1.33,0.213659337,0,0.321234767,6.332252168,6.224603881,0.5405
QY200,QY200,1999,32.88753463,1.131679777,220,14.24594998,1379.999995,Calcareous,1.466376817,6.699376,1,0.217074871,0,0.331920751,6.303804676,6.196639996,0.559
QY200,QY200,2000,34.95807281,1.131679777,220,13.99124731,1379.999995,Calcareous,1.465000005,6.698936,1.41,0.221105886,0,0.343426298,6.268423223,6.161860028,0.5775
QY200,QY200,2001,37.028611,1.131679777,220,13.73654465,1379.999995,Calcareous,1.464927541,6.697616,1.14,0.225692837,0,0.355532169,6.220155841,6.114413192,0.596
QY200,QY200,2002,39.09914919,1.131679777,220,13.48184198,1379.999995,Calcareous,1.455144933,6.709056,2.09,0.21683878,0,0.368454859,6.238459166,6.132405361,0.6145
QY200,QY200,2003,41.16968738,1.131679777,220,13.22713932,1379.999995,Calcareous,1.445144933,6.68644,0.85,0.263031474,0,0.381775122,6.489139401,6.378824032,0.633
QY200,QY200,2004,43.24022556,1.131679777,220,12.97243665,1379.999995,Calcareous,1.436884063,6.703336,1.31,0.288297774,0,0.396208602,6.993599797,6.8747086,0.6515
QY200,QY200,2005,45.31076375,1.131679777,220,12.71773399,1379.999995,Calcareous,1.429891309,6.695856,1.31,0.315354031,0,0.41115852,6.55928674,6.447778865,0.67
QY200,QY200,2006,47.38130194,1.131679777,220,12.46303132,1379.999995,Calcareous,1.423442034,6.705624,1.55,0.315135832,0,0.426863417,5.952330494,5.851140875,0.6885
QY200,QY200,2007,49.45184013,1.131679777,220,12.20832865,1379.999995,Calcareous,1.417536237,6.702984,1.18,0.320605183,0,0.443257277,5.872969763,5.773129277,0.707
QY200,QY200,2008,51.52237831,1.131679777,220,11.95362599,1379.999995,Calcareous,1.409855077,6.699464,1.11,0.325236876,0,0.460524321,5.811294975,5.712502961,0.7255
QY200,QY200,2009,53.5929165,1.131679777,220,11.69892332,1379.999995,Calcareous,1.401340585,6.696208,0.95,0.334516662,0,0.478536103,5.48606942,5.39280624,0.744
QY200,QY200,2010,53.5929165,1.131679777,220,11.44422066,1379.999995,Calcareous,1.396268121,6.694888,0.91,0.339263427,0,0.497370955,5.133626375,5.046354726,0.7625
QY200,QY200,2011,49.62307083,1.131679777,220,11.18951799,1379.999995,Calcareous,1.391376816,6.675,0.6,0.352059627,0,0.516233229,5.21633763,5.12765989,0.781
QY200,QY200,2012,45.65322517,1.131679777,220,10.93481533,1379.999995,Calcareous,1.387318845,6.684944,0.98,0.360985076,0,0.533763624,5.304603702,5.214425439,0.7995
QY200,QY200,2013,41.6833795,1.131679777,220,10.68011266,1379.999995,Calcareous,1.383152179,6.669456,0.43,0.366994411,0,0.549620915,5.314365201,5.224020992,0.818
QY200,QY200,2014,37.71353383,1.131679777,220,10.42540999,1379.999995,Calcareous,1.373876816,6.699904,1.16,0.388912014,0,0.56432144,5.29053086,5.200591836,0.8365
QY200,QY200,2015,33.74368817,1.131679777,220,10.17070733,1379.999995,Calcareous,1.369311599,6.692688,0.93,0.438026167,0,0.577172663,5.290997689,5.201050728,0.84
QY200,QY200,2016,29.7738425,1.131679777,220,9.916004664,1379.999995,Calcareous,1.365471019,6.697352,1.24,0.447067264,0,0.588691439,5.291487815,5.201532522,0.84
QY200,QY200,2017,25.80399683,1.131679777,220,9.661301998,1379.999995,Calcareous,1.360181164,6.694008,0.95,0.424531186,0,0.598546113,5.47215552,5.379128877,0.84
QY200,QY200,2018,21.83415117,1.131679777,220,9.406599332,1379.999995,Calcareous,1.353913048,6.693744,0.93,0.436527765,0,0.607066489,5.196148346,5.107813825,0.84
QY200,QY200,2019,17.8643055,1.131679777,220,9.151896667,1379.999995,Calcareous,1.357717396,6.692424,0.91,0.436028241,0,0.614165894,5.080849239,4.994474802,0.84
QY207,QY207,1985,5.680344367,1.310014751,170.5272497,22.82929455,1379.999995,Non-calcareous,2.628043487,6.281024,1.47,0.24995335,1.517376395,0.135285851,15.73710834,15.4695775,0.3
QY207,QY207,1986,5.680344367,1.310014751,170.5272497,22.50284319,1379.999995,Non-calcareous,2.600833342,6.182904,1.48,0.261392656,1.566658838,0.137846608,16.7649229,16.47991921,0.3185
QY207,QY207,1987,5.680344367,1.310014751,170.5272497,22.17639183,1379.999995,Non-calcareous,2.579746386,6.109952,1.53,0.312024979,1.706112375,0.140316905,15.21461585,14.95596738,0.337
QY207,QY207,1988,5.680344367,1.310014751,170.5272497,21.84994048,1379.999995,Non-calcareous,2.565905806,6.07572,1.2,0.321396768,1.816406809,0.142833626,15.32244577,15.06196419,0.3555
QY207,QY207,1989,5.680344367,1.310014751,170.5272497,21.52348912,1379.999995,Non-calcareous,2.546014502,6.039728,1.2,0.363454968,1.819496278,0.145400996,15.32140179,15.06093796,0.374
QY207,QY207,1990,5.680344367,1.310014751,170.5272497,21.19703776,1379.999995,Non-calcareous,2.529420299,5.995816,1.47,0.405917464,1.82263854,0.147943552,15,14.745,0.3925
QY207,QY207,1991,6.03641324,1.310014751,170.5272497,20.8705864,1379.999995,Non-calcareous,2.514094212,5.955864,1.48,0.421516033,1.731983108,0.150417446,14.78166585,14.53037753,0.411
QY207,QY207,1992,6.392482114,1.310014751,170.5272497,20.54413504,1379.999995,Non-calcareous,2.500362327,5.915296,1.53,0.434235034,1.64290914,0.15294915,15.64085866,15.37496406,0.4295
QY207,QY207,1993,6.748550987,1.310014751,170.5272497,20.21768368,1379.999995,Non-calcareous,2.487065226,5.906232,1.2,0.453766605,1.832687741,0.155479882,15.64085866,15.37496406,0.448
QY207,QY207,1994,7.10461986,1.310014751,170.5272497,19.89123232,1379.999995,Non-calcareous,2.472681168,5.89708,1.95,0.444383061,1.876324745,0.1582653,15.51288837,15.24916926,0.4665
QY207,QY207,1995,7.460688734,1.310014751,170.5272497,19.56478096,1379.999995,Non-calcareous,2.458188414,5.839616,0.89,0.520377952,1.935676406,0.160995822,15.41770864,15.1556076,0.485
QY207,QY207,1996,7.816757607,1.310014751,170.5272497,19.2383296,1379.999995,Non-calcareous,2.455760878,5.84912,1.47,0.512726424,2.064806409,0.164093666,15.11319015,14.85626592,0.5035
QY207,QY207,1997,8.172826481,1.310014751,170.5272497,18.91187824,1379.999995,Non-calcareous,2.458260878,5.839704,1.98,0.491434579,2.273681188,0.167222902,15.50060251,15.23709227,0.522
QY207,QY207,1998,8.528895354,1.310014751,170.5272497,18.58542688,1379.999995,Non-calcareous,2.4577174,5.774584,1.33,0.51522602,2.440893682,0.170367893,15.83063042,15.5615097,0.5405
QY207,QY207,1999,8.884964227,1.310014751,170.5272497,18.25897552,1379.999995,Non-calcareous,2.458260878,5.781008,1,0.524757136,2.634593997,0.173783874,15.75951169,15.49159999,0.559
QY207,QY207,2000,9.241033101,1.310014751,170.5272497,17.93252416,1379.999995,Non-calcareous,2.475688414,5.771592,1.41,0.538710363,2.705264933,0.177505692,15.67105806,15.40465007,0.5775
QY207,QY207,2001,9.597101974,1.310014751,170.5272497,17.6060728,1379.999995,Non-calcareous,2.496050733,5.737624,1.14,0.545118748,2.788718743,0.18124554,15.5503896,15.28603298,0.596
QY207,QY207,2002,9.953170847,1.310014751,170.5272497,17.27962144,1379.999995,Non-calcareous,2.491702907,5.767104,2.09,0.528924558,2.7908733,0.185198248,15.59614792,15.3310134,0.6145
QY207,QY207,2003,10.30923972,1.310014751,170.5272497,16.95317008,1379.999995,Non-calcareous,2.486340588,5.628504,0.85,0.647522551,2.817115083,0.188970356,16.2228485,15.94706008,0.633
QY207,QY207,2004,10.66530859,1.310014751,170.5272497,16.62671872,1379.999995,Non-calcareous,2.485000009,5.68192,1.31,0.710589196,2.936646395,0.193132321,17.48399949,17.1867715,0.6515
QY207,QY207,2005,11.02137747,1.310014751,170.5272497,16.30026737,1379.999995,Non-calcareous,2.486521748,5.648304,1.31,0.781207211,3.06464085,0.197286761,16.39821685,16.11944716,0.67
QY207,QY207,2006,11.37744634,1.310014751,170.5272497,15.97381601,1379.999995,Non-calcareous,2.489202907,5.659832,1.55,0.782611393,3.184417696,0.201634093,14.88082623,14.62785219,0.6885
QY207,QY207,2007,11.73351521,1.310014751,170.5272497,15.64736465,1379.999995,Non-calcareous,2.492789864,5.613808,1.18,0.793931091,3.268315288,0.206138729,14.68242441,14.43282319,0.707
QY207,QY207,2008,12.08958409,1.310014751,170.5272497,15.32091329,1379.999995,Non-calcareous,2.491702907,5.605888,1.11,0.805420444,2.698172251,0.210897677,14.52823744,14.2812574,0.7255
QY207,QY207,2009,12.44565296,1.310014751,170.5272497,14.99446193,1379.999995,Non-calcareous,2.487500009,5.57148,0.95,0.827940475,2.767559926,0.215596512,13.71517355,13.4820156,0.744
QY207,QY207,2010,12.44565296,1.310014751,170.5272497,14.66801057,1379.999995,Non-calcareous,2.492028994,5.588552,0.91,0.839360525,2.83927268,0.220520898,12.83406594,12.61588682,0.7625
QY207,QY207,2011,11.52375274,1.310014751,170.5272497,14.34155921,1379.999995,Non-calcareous,2.496702907,5.507944,0.6,0.868212734,2.794201871,0.225564061,13.04084408,12.81914973,0.781
QY207,QY207,2012,10.60185252,1.310014751,170.5272497,14.01510785,1379.999995,Non-calcareous,2.503079719,5.548072,0.98,0.888627714,2.838064769,0.230319413,13.26150926,13.0360636,0.7995
QY207,QY207,2013,9.679952303,1.310014751,170.5272497,13.68865649,1379.999995,Non-calcareous,2.508985516,5.425664,0.43,0.903966647,2.805509054,0.234567519,13.285913,13.06005248,0.818
QY207,QY207,2014,8.758052084,1.310014751,170.5272497,13.36220513,1379.999995,Non-calcareous,2.501811603,5.573152,1.16,0.956511287,2.8,0.238666323,13.22632715,13.00147959,0.8365
QY207,QY207,2015,7.836151864,1.310014751,170.5272497,13.03575377,1379.999995,Non-calcareous,2.506050733,5.509792,0.93,1.10836955,2.552038474,0.242173818,13.22749422,13.00262682,0.84
QY207,QY207,2016,6.914251645,1.310014751,170.5272497,12.70930241,1379.999995,Non-calcareous,2.511630443,5.532848,1.24,1.131929029,2.570729909,0.245327607,13.22871954,13.0038313,0.84
QY207,QY207,2017,5.992351426,1.310014751,170.5272497,12.38285105,1379.999995,Non-calcareous,2.513442038,5.50416,0.95,1.065249693,2.559837174,0.247969064,13.6803888,13.44782219,0.84
QY207,QY207,2018,5.070451206,1.310014751,170.5272497,12.05639969,1379.999995,Non-calcareous,2.512572472,5.487,0.93,1.101813948,2.378010871,0.250331218,12.99037087,12.76953456,0.84
QY207,QY207,2019,4.148550987,1.310014751,170.5272497,11.72994833,1379.999995,Non-calcareous,2.536449284,5.477408,0.91,1.09962853,2.248896999,0.252308642,12.7021231,12.486187,0.84
QY208,QY208,1985,4.766155594,1.32196822,152.9467681,15.1775612,1379.999995,Calcareous,3.068876822,6.693568,1.47,0.724326821,13.4396195,0.221960285,11.54054611,11.34435683,0.3
QY208,QY208,1986,4.766155594,1.32196822,152.9467681,14.9605271,1379.999995,Calcareous,3.03750001,6.689432,1.48,0.775058907,13.87612114,0.228784841,12.2942768,12.08527409,0.3185
QY208,QY208,1987,4.766155594,1.32196822,152.9467681,14.74349299,1379.999995,Calcareous,3.006666677,6.68688,1.53,0.925126886,15.11128104,0.23573829,11.15738496,10.96770942,0.337
QY208,QY208,1988,4.766155594,1.32196822,152.9467681,14.52645889,1379.999995,Calcareous,2.981195662,6.68028,1.2,0.938566527,16.08817459,0.243211392,11.23646023,11.04544041,0.3555
QY208,QY208,1989,4.766155594,1.32196822,152.9467681,14.30942478,1379.999995,Calcareous,2.951231894,6.677376,1.2,1.067273972,16.11553846,0.251048039,11.23569465,11.04468784,0.374
QY208,QY208,1990,4.766155594,1.32196822,152.9467681,14.09239068,1379.999995,Calcareous,2.923297112,6.6816,1.47,1.197246019,16.14336993,0.258921077,11,10.813,0.3925
QY208,QY208,1991,4.939386713,1.32196822,152.9467681,13.87535658,1379.999995,Calcareous,2.896231894,6.678784,1.48,1.235319,15.34042181,0.266818524,10.83988829,10.65561019,0.411
QY208,QY208,1992,5.112617832,1.32196822,152.9467681,13.65832247,1379.999995,Calcareous,2.87000001,6.677728,1.53,1.270024537,14.55148095,0.274486469,11.46996302,11.27497364,0.4295
QY208,QY208,1993,5.285848951,1.32196822,152.9467681,13.44128837,1379.999995,Calcareous,2.844021749,6.671832,1.2,1.324303343,16.23237714,0.281892307,11.46996302,11.27497364,0.448
QY208,QY208,1994,5.45908007,1.32196822,152.9467681,13.22425426,1379.999995,Calcareous,2.818586966,6.690224,1.95,1.28539108,16.61887631,0.290003938,11.37611814,11.18272413,0.4665
QY208,QY208,1995,5.632311189,1.32196822,152.9467681,13.00722016,1379.999995,Calcareous,2.793007256,6.658896,0.89,1.533878935,17.14456245,0.298215816,11.30631967,11.11411224,0.485
QY208,QY208,1996,5.805542308,1.32196822,152.9467681,12.79018606,1379.999995,Calcareous,2.776630444,6.675616,1.47,1.478071245,18.28828534,0.306859462,11.08300611,10.89459501,0.5035
QY208,QY208,1997,5.978773427,1.32196822,152.9467681,12.57315195,1379.999995,Calcareous,2.764456531,6.685912,1.98,1.397399841,20.13831909,0.315891876,11.36710851,11.17386767,0.522
QY208,QY208,1998,6.152004545,1.32196822,152.9467681,12.35611785,1379.999995,Calcareous,2.750869575,6.674296,1.33,1.450457256,21.61934404,0.325538828,11.60912897,11.41177378,0.5405
QY208,QY208,1999,6.325235664,1.32196822,152.9467681,12.13908374,1379.999995,Calcareous,2.738405807,6.66444,1,1.481794216,23.3349754,0.335849637,11.55697524,11.36050666,0.559
QY208,QY208,2000,6.498466783,1.32196822,152.9467681,11.92204964,1379.999995,Calcareous,2.738876821,6.67016,1.41,1.554098638,23.96091797,0.346879464,11.49210924,11.29674338,0.5775
QY208,QY208,2001,6.671697902,1.32196822,152.9467681,11.70501554,1379.999995,Calcareous,2.741304357,6.662944,1.14,1.546508985,24.70008029,0.35815725,11.40361904,11.20975752,0.596
QY208,QY208,2002,6.844929021,1.32196822,152.9467681,11.48798143,1379.999995,Calcareous,2.725833343,6.688992,2.09,1.524278722,24.71916351,0.36978774,11.43717514,11.24274316,0.6145
QY208,QY208,2003,7.01816014,1.32196822,152.9467681,11.27094733,1379.999995,Calcareous,2.709492763,6.635488,0.85,1.893890338,24.95159073,0.38132999,11.89675557,11.69451072,0.633
QY208,QY208,2004,7.191391259,1.32196822,152.9467681,11.05391323,1379.999995,Calcareous,2.696304357,6.6662,1.31,2.097382102,26.01029664,0.393262968,12.82159963,12.60363243,0.6515
QY208,QY208,2005,7.364622378,1.32196822,152.9467681,10.83687912,1379.999995,Calcareous,2.685833343,6.65432,1.31,2.328822566,27.14396182,0.405589302,12.02535902,11.82092792,0.67
QY208,QY208,2006,7.537853496,1.32196822,152.9467681,10.61984502,1379.999995,Calcareous,2.67655798,6.669808,1.55,2.340332393,28.20484245,0.418485941,10.9126059,10.7270916,0.6885
QY208,QY208,2007,7.711084615,1.32196822,152.9467681,10.40281091,1379.999995,Calcareous,2.668297111,6.657664,1.18,2.363018722,28.94793541,0.43184647,10.76711123,10.58407034,0.707
QY208,QY208,2008,7.884315734,1.32196822,152.9467681,10.18577681,1379.999995,Calcareous,2.656702908,6.651328,1.11,2.396083991,23.89809708,0.445595896,10.65404079,10.47292209,0.7255
QY208,QY208,2009,8.057546853,1.32196822,152.9467681,9.968742706,1379.999995,Calcareous,2.640036241,6.64068,0.95,2.459894952,24.51267363,0.457586062,10.05779394,9.886811439,0.744
QY208,QY208,2010,8.057546853,1.32196822,152.9467681,9.751708602,1379.999995,Calcareous,2.63173914,6.637336,0.91,2.491619092,25.14784374,0.469929382,9.411648354,9.251650332,0.7625
QY208,QY208,2011,7.460691531,1.32196822,152.9467681,9.534674498,1379.999995,Calcareous,2.624021748,6.593952,0.6,2.566327644,24.74864514,0.482547985,9.563285655,9.400709799,0.781
QY208,QY208,2012,6.863836208,1.32196822,152.9467681,9.317640394,1379.999995,Calcareous,2.617391313,6.624048,0.98,2.61855508,25.1371451,0.494853447,9.725106788,9.559779972,0.7995
QY208,QY208,2013,6.266980886,1.32196822,152.9467681,9.10060629,1379.999995,Calcareous,2.610905806,6.566936,0.43,2.666460333,24.84879448,0.507011195,9.743002868,9.577371819,0.818
QY208,QY208,2014,5.670125563,1.32196822,152.9467681,8.883572186,1379.999995,Calcareous,2.594782618,6.643584,1.16,2.811663898,24.8,0.518955638,9.699306577,9.534418365,0.8365
QY208,QY208,2015,5.073270241,1.32196822,152.9467681,8.666538082,1379.999995,Calcareous,2.587355081,6.6222,0.93,3.42344824,22.60376934,0.530578481,9.70016243,9.535259668,0.84
QY208,QY208,2016,4.476414918,1.32196822,152.9467681,8.449503978,1379.999995,Calcareous,2.579927545,6.636544,1.24,3.501014385,22.76932205,0.54142475,9.701060994,9.536142957,0.84
QY208,QY208,2017,3.879559596,1.32196822,152.9467681,8.232469874,1379.999995,Calcareous,2.570688415,6.623696,0.95,3.244118173,22.67284355,0.552040626,10.03228512,9.861736274,0.84
QY208,QY208,2018,3.282704273,1.32196822,152.9467681,8.015435771,1379.999995,Calcareous,2.559673922,6.62044,0.93,3.389400777,21.062382,0.562323836,9.526271968,9.364325345,0.84
QY208,QY208,2019,2.685848951,1.32196822,152.9467681,7.798401667,1379.999995,Calcareous,2.566268125,6.616568,0.91,3.378050491,19.91880199,0.571865945,9.314890271,9.156537136,0.84
QY222,QY222,1985,5.691935981,1.351477982,184.0697085,26.64263718,1379.999995,Non-calcareous,1.295326091,6.393928,1.47,0.313712792,1.517376395,0.183700131,15.73710834,15.4695775,0.3
QY222,QY222,1986,5.691935981,1.351477982,184.0697085,26.26165628,1379.999995,Non-calcareous,1.289384062,6.29044,1.48,0.334214273,1.566658838,0.185286418,16.7649229,16.47991921,0.3185
QY222,QY222,1987,5.691935981,1.351477982,184.0697085,25.88067538,1379.999995,Non-calcareous,1.289565222,6.2152,1.53,0.404996848,1.706112375,0.186619231,15.21461585,14.95596738,0.337
QY222,QY222,1988,5.691935981,1.351477982,184.0697085,25.49969448,1379.999995,Non-calcareous,1.296811599,6.165392,1.2,0.415605384,1.816406809,0.187993452,15.32244577,15.06196419,0.3555
QY222,QY222,1989,5.691935981,1.351477982,184.0697085,25.11871359,1379.999995,Non-calcareous,1.297753628,6.120512,1.2,0.478429187,1.819496278,0.189456665,15.32140179,15.06093796,0.374
QY222,QY222,1990,5.691935981,1.351477982,184.0697085,24.73773269,1379.999995,Non-calcareous,1.301702903,6.07836,1.47,0.541728626,1.82263854,0.190857987,15,14.745,0.3925
QY222,QY222,1991,6.050323177,1.351477982,184.0697085,24.35675179,1379.999995,Non-calcareous,1.306521744,6.035504,1.48,0.562888704,1.731983108,0.192099324,14.78166585,14.53037753,0.411
QY222,QY222,1992,6.408710373,1.351477982,184.0697085,23.97577089,1379.999995,Non-calcareous,1.312644932,5.997664,1.53,0.582751024,1.64290914,0.193372782,15.64085866,15.37496406,0.4295
QY222,QY222,1993,6.767097569,1.351477982,184.0697085,23.59479,1379.999995,Non-calcareous,1.318840584,5.964048,1.2,0.606471143,1.832687741,0.194559512,15.64085866,15.37496406,0.448
QY222,QY222,1994,7.125484765,1.351477982,184.0697085,23.2138091,1379.999995,Non-calcareous,1.323586961,5.950672,1.95,0.591034793,1.876324745,0.196081888,15.51288837,15.24916926,0.4665
QY222,QY222,1995,7.483871961,1.351477982,184.0697085,22.8328282,1379.999995,Non-calcareous,1.327898555,5.888808,0.89,0.697323865,1.935676406,0.197270095,15.41770864,15.1556076,0.485
QY222,QY222,1996,7.842259157,1.351477982,184.0697085,22.45184731,1379.999995,Non-calcareous,1.343913048,5.889336,1.47,0.678135604,2.064806409,0.199197702,15.11319015,14.85626592,0.5035
QY222,QY222,1997,8.200646354,1.351477982,184.0697085,22.07086641,1379.999995,Non-calcareous,1.364565222,5.878512,1.98,0.642190866,2.273681188,0.200963501,15.50060251,15.23709227,0.522
QY222,QY222,1998,8.55903355,1.351477982,184.0697085,21.68988551,1379.999995,Non-calcareous,1.381847831,5.83504,1.33,0.668438218,2.440893682,0.202547783,15.83063042,15.5615097,0.5405
QY222,QY222,1999,8.917420746,1.351477982,184.0697085,21.30890461,1379.999995,Non-calcareous,1.399891309,5.805736,1,0.683992395,2.634593997,0.204665909,15.75951169,15.49159999,0.559
QY222,QY222,2000,9.275807942,1.351477982,184.0697085,20.92792372,1379.999995,Non-calcareous,1.43452899,5.804504,1.41,0.708319478,2.705264933,0.207200713,15.67105806,15.40465007,0.5775
QY222,QY222,2001,9.634195138,1.351477982,184.0697085,20.54694282,1379.999995,Non-calcareous,1.471811599,5.777664,1.14,0.707341797,2.788718743,0.209664884,15.5503896,15.28603298,0.596
QY222,QY222,2002,9.992582334,1.351477982,184.0697085,20.16596192,1379.999995,Non-calcareous,1.48413044,5.793416,2.09,0.697788977,2.7908733,0.212503145,15.59614792,15.3310134,0.6145
QY222,QY222,2003,10.35096953,1.351477982,184.0697085,19.78498102,1379.999995,Non-calcareous,1.495108701,5.690456,0.85,0.866957778,2.817115083,0.214811868,16.2228485,15.94706008,0.633
QY222,QY222,2004,10.70935673,1.351477982,184.0697085,19.40400013,1379.999995,Non-calcareous,1.509782614,5.715096,1.31,0.949797287,2.936646395,0.217962049,17.48399949,17.1867715,0.6515
QY222,QY222,2005,11.06774392,1.351477982,184.0697085,19.02301923,1379.999995,Non-calcareous,1.527028991,5.694856,1.31,1.051449069,3.06464085,0.220880612,16.39821685,16.11944716,0.67
QY222,QY222,2006,11.42613112,1.351477982,184.0697085,18.64203833,1379.999995,Non-calcareous,1.545144933,5.699168,1.55,1.057832088,3.184417696,0.22408794,14.88082623,14.62785219,0.6885
QY222,QY222,2007,11.78451831,1.351477982,184.0697085,18.26105743,1379.999995,Non-calcareous,1.563949281,5.663088,1.18,1.068528546,3.268315288,0.227452424,14.68242441,14.43282319,0.707
QY222,QY222,2008,12.14290551,1.351477982,184.0697085,17.88007654,1379.999995,Non-calcareous,1.577753629,5.649184,1.11,1.084313794,2.698172251,0.231245511,14.52823744,14.2812574,0.7255
QY222,QY222,2009,12.50129271,1.351477982,184.0697085,17.49909564,1379.999995,Non-calcareous,1.588188411,5.62164,0.95,1.113900284,2.767559926,0.235020219,13.71517355,13.4820156,0.744
QY222,QY222,2010,12.50129271,1.351477982,184.0697085,17.11811474,1379.999995,Non-calcareous,1.607101455,5.617504,0.91,1.12872761,2.83927268,0.239129482,12.83406594,12.61588682,0.7625
QY222,QY222,2011,11.57527103,1.351477982,184.0697085,16.73713385,1379.999995,Non-calcareous,1.625905803,5.55564,0.6,1.161115815,2.794201871,0.243406264,13.04084408,12.81914973,0.781
QY222,QY222,2012,10.64924934,1.351477982,184.0697085,16.35615295,1379.999995,Non-calcareous,1.646195658,5.603424,0.98,1.185191083,2.838064769,0.24752761,13.26150926,13.0360636,0.7995
QY222,QY222,2013,9.723227661,1.351477982,184.0697085,15.97517205,1379.999995,Non-calcareous,1.665688412,5.500904,0.43,1.206772246,2.805509054,0.251045434,13.285913,13.06005248,0.818
QY222,QY222,2014,8.797205979,1.351477982,184.0697085,15.59419115,1379.999995,Non-calcareous,1.671920296,5.618824,1.16,1.274560803,2.8,0.254633052,13.22632715,13.00147959,0.8365
QY222,QY222,2015,7.871184297,1.351477982,184.0697085,15.21321026,1379.999995,Non-calcareous,1.689275368,5.573416,0.93,1.53828598,2.552038474,0.25738968,13.22749422,13.00262682,0.84
QY222,QY222,2016,6.945162615,1.351477982,184.0697085,14.83222936,1379.999995,Non-calcareous,1.707789861,5.598056,1.24,1.572002748,2.570729909,0.259932743,13.22871954,13.0038313,0.84
QY222,QY222,2017,6.019140933,1.351477982,184.0697085,14.45124846,1379.999995,Non-calcareous,1.722246383,5.57148,0.95,1.461144445,2.559837174,0.261886915,13.6803888,13.44782219,0.84
QY222,QY222,2018,5.093119251,1.351477982,184.0697085,14.07026756,1379.999995,Non-calcareous,1.733840586,5.554408,0.93,1.523763693,2.378010871,0.263639718,12.99037087,12.76953456,0.84
QY222,QY222,2019,4.167097569,1.351477982,184.0697085,13.68928667,1379.999995,Non-calcareous,1.769927542,5.549744,0.91,1.518922507,2.248896999,0.265042527,12.7021231,12.486187,0.84
QY231,QY231,1985,4.843748772,1.352801285,188.5,29.05374957,1409.999967,Calcareous,2.848227018,6.70184,1.47,0.547973297,0,0.188329099,13.63882723,13.40696716,0.3
QY231,QY231,1986,4.843748772,1.352801285,188.5,28.63829056,1409.999967,Calcareous,2.814822762,6.699024,1.48,0.586785686,0,0.190321306,14.52959985,14.28259665,0.3185
QY231,QY231,1987,4.843748772,1.352801285,188.5,28.22283155,1409.999967,Calcareous,2.787234109,6.697264,1.53,0.699782554,0,0.192298431,13.18600041,12.9618384,0.337
QY231,QY231,1988,4.843748772,1.352801285,188.5,27.80737254,1409.999967,Calcareous,2.76588659,6.689784,1.2,0.709243293,0,0.194335986,13.279453,13.0537023,0.3555
QY231,QY231,1989,4.843748772,1.352801285,188.5,27.39191354,1409.999967,Calcareous,2.739645455,6.68688,1.2,0.806005159,0,0.196390342,13.27854822,13.0528129,0.374
QY231,QY231,1990,4.843748772,1.352801285,188.5,26.97645453,1409.999967,Calcareous,2.716383043,6.691016,1.47,0.903732545,0,0.198472515,13,12.779,0.3925
QY231,QY231,1991,5.032498526,1.352801285,188.5,26.56099552,1409.999967,Calcareous,2.694432688,6.6882,1.48,0.93194699,0,0.200572317,12.81077707,12.59299386,0.411
QY231,QY231,1992,5.221248281,1.352801285,188.5,26.14553652,1409.999967,Calcareous,2.674148999,6.688288,1.53,0.957677609,0,0.202746499,13.55541084,13.32496885,0.4295
QY231,QY231,1993,5.409998035,1.352801285,188.5,25.73007751,1409.999967,Calcareous,2.654397226,6.682392,1.2,0.998682232,0,0.204969941,13.55541084,13.32496885,0.448
QY231,QY231,1994,5.598747789,1.352801285,188.5,25.3146185,1409.999967,Calcareous,2.633723467,6.696472,1.95,0.968911662,0,0.207293915,13.44450325,13.2159467,0.4665
QY231,QY231,1995,5.787497544,1.352801285,188.5,24.8991595,1409.999967,Calcareous,2.613191551,6.674824,0.89,1.157489627,0,0.209616721,13.36201416,13.13485992,0.485
QY231,QY231,1996,5.976247298,1.352801285,188.5,24.48370049,1409.999967,Calcareous,2.602978785,6.68512,1.47,1.11422271,0,0.212149442,13.09809813,12.87543046,0.5035
QY231,QY231,1997,6.164997053,1.352801285,188.5,24.06824148,1409.999967,Calcareous,2.597127721,6.69304,1.98,1.052989467,0,0.214691467,13.43385551,13.20547997,0.522
QY231,QY231,1998,6.353746807,1.352801285,188.5,23.65278248,1409.999967,Calcareous,2.588794388,6.687936,1.33,1.092541593,0,0.217227248,13.7198797,13.48664174,0.5405
QY231,QY231,1999,6.542496561,1.352801285,188.5,23.23732347,1409.999967,Calcareous,2.581453962,6.679048,1,1.116107457,0,0.219888505,13.65824346,13.42605333,0.559
QY231,QY231,2000,6.731246316,1.352801285,188.5,22.82186446,1409.999967,Calcareous,2.588617083,6.682304,1.41,1.172029889,0,0.222650336,13.58158365,13.35069673,0.5775
QY231,QY231,2001,6.91999607,1.352801285,188.5,22.40640546,1409.999967,Calcareous,2.5985107,6.678168,1.14,1.165632861,0,0.225465134,13.47700432,13.24789525,0.596
QY231,QY231,2002,7.108745824,1.352801285,188.5,21.99094645,1409.999967,Calcareous,2.587659636,6.69656,2.09,1.149204667,0,0.22837175,13.51666153,13.28687828,0.6145
QY231,QY231,2003,7.297495579,1.352801285,188.5,21.57548744,1409.999967,Calcareous,2.576099352,6.658192,0.85,1.428320713,0,0.231254906,14.05980204,13.8207854,0.633
QY231,QY231,2004,7.486245333,1.352801285,188.5,21.16002844,1409.999967,Calcareous,2.568085167,6.680368,1.31,1.583138909,0,0.234388426,15.15279956,14.89520197,0.6515
QY231,QY231,2005,7.674995088,1.352801285,188.5,20.74456943,1409.999967,Calcareous,2.562553252,6.670688,1.31,1.758517678,0,0.237578122,14.21178794,13.97018754,0.67
QY231,QY231,2006,7.863744842,1.352801285,188.5,20.32911042,1409.999967,Calcareous,2.558085167,6.68336,1.55,1.767202932,0,0.240913477,12.89671607,12.6774719,0.6885
QY231,QY231,2007,8.052494596,1.352801285,188.5,19.91365142,1409.999967,Calcareous,2.554574529,6.675,1.18,1.784114642,0,0.244330913,12.72476782,12.50844677,0.707
QY231,QY231,2008,8.241244351,1.352801285,188.5,19.49819241,1409.999967,Calcareous,2.547198642,6.669104,1.11,1.80897708,0,0.24785836,12.59113911,12.37708975,0.7255
QY231,QY231,2009,8.429994105,1.352801285,188.5,19.0827334,1409.999967,Calcareous,2.537801479,6.661008,0.95,1.857030631,0,0.251467598,11.88648374,11.68441352,0.744
QY231,QY231,2010,8.429994105,1.352801285,188.5,18.66727439,1409.999967,Calcareous,2.535673819,6.6574,0.91,1.880898408,0,0.255190438,11.12285715,10.93376857,0.7625
QY231,QY231,2011,7.805550097,1.352801285,188.5,18.25181539,1409.999967,Calcareous,2.533723464,6.621936,0.6,1.93727116,0,0.258943327,11.30206487,11.10992976,0.781
QY231,QY231,2012,7.181106089,1.352801285,188.5,17.83635638,1409.999967,Calcareous,2.533404315,6.64596,0.98,1.976523436,0,0.262514281,11.49330802,11.29792179,0.7995
QY231,QY231,2013,6.556662082,1.352801285,188.5,17.42089737,1409.999967,Calcareous,2.532766017,6.600728,0.43,2.012736102,0,0.265835935,11.51445794,11.31871215,0.818
QY231,QY231,2014,5.932218074,1.352801285,188.5,17.00543837,1409.999967,Calcareous,2.521170272,6.662504,1.16,2.121975598,0,0.269002868,11.46281686,11.26794898,0.8365
QY231,QY231,2015,5.307774066,1.352801285,188.5,16.58997936,1409.999967,Calcareous,2.519326301,6.647368,0.93,2.587695838,0,0.271918633,11.46382833,11.26894324,0.84
QY231,QY231,2016,4.683330058,1.352801285,188.5,16.17452035,1409.999967,Calcareous,2.518971691,6.65828,1.24,2.646513872,0,0.274793642,11.46489027,11.26998713,0.84
QY231,QY231,2017,4.058886051,1.352801285,188.5,15.75906135,1409.999967,Calcareous,2.515319208,6.648248,0.95,2.451099458,0,0.277424852,11.85633696,11.65477923,0.84
QY231,QY231,2018,3.434442043,1.352801285,188.5,15.34360234,1409.999967,Calcareous,2.509574527,6.646224,0.93,2.561673168,0,0.279778632,11.25832142,11.06692995,0.84
QY231,QY231,2019,2.809998035,1.352801285,188.5,14.92814333,1409.999967,Calcareous,2.52500006,6.643144,0.91,2.552998074,0,0.281958416,11.00850668,10.82136207,0.84
QY233,QY233,1985,4.883355761,1.410878666,408.2192649,40.80038484,1259.99999,Calcareous,2.425396844,6.700784,1.47,0.50467263,0,0.173594768,12.58968667,12.375662,0.3
QY233,QY233,1986,4.883355761,1.410878666,408.2192649,40.21695283,1259.99999,Calcareous,2.400476209,6.69832,1.48,0.536681444,0,0.175880918,13.41193832,13.18393537,0.3185
QY233,QY233,1987,4.883355761,1.410878666,408.2192649,39.63352083,1259.99999,Calcareous,2.381547637,6.696032,1.53,0.63921857,0,0.178150796,12.17169268,11.96477391,0.337
QY233,QY233,1988,4.883355761,1.410878666,408.2192649,39.05008882,1259.99999,Calcareous,2.369007954,6.68952,1.2,0.65035494,0,0.180478954,12.25795662,12.04957135,0.3555
QY233,QY233,1989,4.883355761,1.410878666,408.2192649,38.46665682,1259.99999,Calcareous,2.351349224,6.686352,1.2,0.736984893,0,0.182830828,12.25712143,12.04875037,0.374
QY233,QY233,1990,4.883355761,1.410878666,408.2192649,37.88322481,1259.99999,Calcareous,2.336666684,6.690224,1.47,0.824492996,0,0.185210077,12,11.796,0.3925
QY233,QY233,1991,5.080026913,1.410878666,408.2192649,37.29979281,1259.99999,Calcareous,2.323134938,6.68732,1.48,0.851442198,0,0.187601583,11.82533268,11.62430202,0.411
QY233,QY233,1992,5.276698065,1.410878666,408.2192649,36.7163608,1259.99999,Calcareous,2.311190494,6.687056,1.53,0.874968087,0,0.190078519,12.51268693,12.29997125,0.4295
QY233,QY233,1993,5.473369217,1.410878666,408.2192649,36.1329288,1259.99999,Calcareous,2.29972224,6.681952,1.2,0.913223394,0,0.192615392,12.51268693,12.29997125,0.448
QY233,QY233,1994,5.670040369,1.410878666,408.2192649,35.54949679,1259.99999,Calcareous,2.287142874,6.696824,1.95,0.888237025,0,0.195271004,12.41031069,12.19933541,0.4665
QY233,QY233,1995,5.866711521,1.410878666,408.2192649,34.96606479,1259.99999,Calcareous,2.274523827,6.673944,0.89,1.05576708,0,0.197922926,12.33416691,12.12448608,0.485
QY233,QY233,1996,6.063382673,1.410878666,408.2192649,34.38263278,1259.99999,Calcareous,2.272500017,6.685296,1.47,1.022773848,0,0.200815195,12.09055212,11.88501273,0.5035
QY233,QY233,1997,6.260053826,1.410878666,408.2192649,33.79920078,1259.99999,Calcareous,2.274841287,6.693392,1.98,0.970761411,0,0.203718766,12.40048201,12.18967382,0.522
QY233,QY233,1998,6.456724978,1.410878666,408.2192649,33.21576877,1259.99999,Calcareous,2.274642874,6.687056,1.33,1.010302193,0,0.206618908,12.66450434,12.44920776,0.5405
QY233,QY233,1999,6.65339613,1.410878666,408.2192649,32.63233677,1259.99999,Calcareous,2.27535716,6.678872,1,1.030905883,0,0.209670408,12.60760935,12.39327999,0.559
QY233,QY233,2000,6.850067282,1.410878666,408.2192649,32.04890476,1259.99999,Calcareous,2.290952398,6.681952,1.41,1.076220827,0,0.212840679,12.53684645,12.32372006,0.5775
QY233,QY233,2001,7.046738434,1.410878666,408.2192649,31.46547276,1259.99999,Calcareous,2.309444462,6.677728,1.14,1.075872455,0,0.21606521,12.44031168,12.22882638,0.596
QY233,QY233,2002,7.243409586,1.410878666,408.2192649,30.88204075,1259.99999,Calcareous,2.306468271,6.697,2.09,1.055204056,0,0.219401163,12.47691833,12.26481072,0.6145
QY233,QY233,2003,7.440080738,1.410878666,408.2192649,30.29860875,1259.99999,Calcareous,2.302579383,6.65652,0.85,1.305231288,0,0.222703689,12.9782788,12.75764806,0.633
QY233,QY233,2004,7.63675189,1.410878666,408.2192649,29.71517674,1259.99999,Calcareous,2.302142875,6.681248,1.31,1.443890784,0,0.226293021,13.98719959,13.7494172,0.6515
QY233,QY233,2005,7.833423043,1.410878666,408.2192649,29.13174474,1259.99999,Calcareous,2.304127002,6.671216,1.31,1.599221461,0,0.229942852,13.11857348,12.89555773,0.67
QY233,QY233,2006,8.030094195,1.410878666,408.2192649,28.54831273,1259.99999,Calcareous,2.307182557,6.684504,1.55,1.605365919,0,0.233747262,11.90466099,11.70228175,0.6885
QY233,QY233,2007,8.226765347,1.410878666,408.2192649,27.96488073,1259.99999,Calcareous,2.311071446,6.67632,1.18,1.62308789,0,0.237637876,11.74593953,11.54625855,0.707
QY233,QY233,2008,8.423436499,1.410878666,408.2192649,27.38144872,1259.99999,Calcareous,2.310912716,6.671128,1.11,1.645838987,0,0.241658516,11.62258995,11.42500592,0.7255
QY233,QY233,2009,8.620107651,1.410878666,408.2192649,26.79801672,1259.99999,Calcareous,2.308571446,6.663296,0.95,1.690156034,0,0.245773795,10.97213884,10.78561248,0.744
QY233,QY233,2010,8.620107651,1.410878666,408.2192649,26.21458471,1259.99999,Calcareous,2.313531764,6.660392,0.91,1.712297286,0,0.250016765,10.26725275,10.09270945,0.7625
QY233,QY233,2011,7.981581158,1.410878666,408.2192649,25.63115271,1259.99999,Calcareous,2.318650811,6.626336,0.6,1.766203521,0,0.254290121,10.43267526,10.25531978,0.781
QY233,QY233,2012,7.343054666,1.410878666,408.2192649,25.0477207,1259.99999,Calcareous,2.32535716,6.649744,0.98,1.803708955,0,0.25835894,10.6092074,10.42885088,0.7995
QY233,QY233,2013,6.704528173,1.410878666,408.2192649,24.4642887,1259.99999,Calcareous,2.331627002,6.607592,0.43,1.836174067,0,0.262138796,10.6287304,10.44804198,0.818
QY233,QY233,2014,6.06600168,1.410878666,408.2192649,23.88085669,1259.99999,Calcareous,2.326547637,6.66708,1.16,1.937699874,0,0.265746498,10.58106172,10.40118367,0.8365
QY233,QY233,2015,5.427475188,1.410878666,408.2192649,23.29742469,1259.99999,Calcareous,2.331309541,6.650448,0.93,2.328350685,0,0.269054618,10.58199538,10.40210146,0.84
QY233,QY233,2016,4.788948695,1.410878666,408.2192649,22.71399268,1259.99999,Calcareous,2.337579383,6.66136,1.24,2.380424065,0,0.272285241,10.58297563,10.40306504,0.84
QY233,QY233,2017,4.150422202,1.410878666,408.2192649,22.13056068,1259.99999,Calcareous,2.340357161,6.652296,0.95,2.214647547,0,0.27523371,10.94431104,10.75825775,0.84
QY233,QY233,2018,3.51189571,1.410878666,408.2192649,21.54712867,1259.99999,Calcareous,2.340833351,6.650008,0.93,2.307722751,0,0.27788543,10.39229669,10.21562765,0.84
QY233,QY233,2019,2.873369217,1.410878666,408.2192649,20.96369667,1259.99999,Calcareous,2.363095256,6.64728,0.91,2.300846074,0,0.280329175,10.16169848,9.988949603,0.84
QY236,QY236,1985,5.613456034,1.366924558,208.2484157,12.47422088,1379.999995,Calcareous,2.259347834,6.708528,1.47,0.139860478,0,0.122374241,8.393124447,8.250441332,0.3
QY236,QY236,1986,5.613456034,1.366924558,208.2484157,12.29584364,1379.999995,Calcareous,2.22985508,6.707032,1.48,0.149487581,0,0.124598197,8.941292215,8.789290247,0.3185
QY236,QY236,1987,5.613456034,1.366924558,208.2484157,12.11746641,1379.999995,Calcareous,2.204021747,6.707472,1.53,0.178948438,0,0.126797279,8.114461789,7.976515939,0.337
QY236,QY236,1988,5.613456034,1.366924558,208.2484157,11.93908918,1379.999995,Calcareous,2.182210152,6.70316,1.2,0.181984955,0,0.129022099,8.171971077,8.033047569,0.3555
QY236,QY236,1989,5.613456034,1.366924558,208.2484157,11.76071195,1379.999995,Calcareous,2.15735508,6.702104,1.2,0.207422673,0,0.131258991,8.17141429,8.032500247,0.374
QY236,QY236,1990,5.613456034,1.366924558,208.2484157,11.58233472,1379.999995,Calcareous,2.134565225,6.705272,1.47,0.233098209,0,0.133496614,8,7.864,0.3925
QY236,QY236,1991,5.956147241,1.366924558,208.2484157,11.40395749,1379.999995,Calcareous,2.112681167,6.702984,1.48,0.240864864,0,0.135723173,7.883555119,7.749534682,0.411
QY236,QY236,1992,6.298838448,1.366924558,208.2484157,11.22558025,1379.999995,Calcareous,2.091992761,6.703688,1.53,0.24798264,0,0.13807105,8.341791284,8.199980833,0.4295
QY236,QY236,1993,6.641529655,1.366924558,208.2484157,11.04720302,1379.999995,Calcareous,2.071775369,6.699992,1.2,0.258487098,0,0.140517232,8.341791284,8.199980833,0.448
QY236,QY236,1994,6.984220862,1.366924558,208.2484157,10.86882579,1379.999995,Calcareous,2.051123195,6.707736,1.95,0.251123151,0,0.143107675,8.273540462,8.132890274,0.4665
QY236,QY236,1995,7.326912069,1.366924558,208.2484157,10.69044856,1379.999995,Calcareous,2.030652181,6.701224,0.89,0.298920214,0,0.145754576,8.222777943,8.082990718,0.485
QY236,QY236,1996,7.669603276,1.366924558,208.2484157,10.51207133,1379.999995,Calcareous,2.016847833,6.70228,1.47,0.288651688,0,0.148622571,8.06036808,7.923341823,0.5035
QY236,QY236,1997,8.012294483,1.366924558,208.2484157,10.3336941,1379.999995,Calcareous,2.00583334,6.705888,1.98,0.273036295,0,0.151559317,8.266988007,8.126449211,0.522
QY236,QY236,1998,8.354985689,1.366924558,208.2484157,10.15531686,1379.999995,Calcareous,1.99333334,6.709496,1.33,0.283598633,0,0.154554144,8.443002891,8.299471841,0.5405
QY236,QY236,1999,8.697676896,1.366924558,208.2484157,9.976939632,1379.999995,Calcareous,1.98159421,6.703688,1,0.289808946,0,0.157723187,8.405072901,8.262186662,0.559
QY236,QY236,2000,9.040368103,1.366924558,208.2484157,9.798562401,1379.999995,Calcareous,1.979057978,6.701752,1.41,0.303096479,0,0.161041559,8.35789763,8.21581337,0.5775
QY236,QY236,2001,9.38305931,1.366924558,208.2484157,9.620185169,1379.999995,Calcareous,1.978297108,6.702896,1.14,0.301892371,0,0.164444287,8.293541121,8.152550922,0.596
QY236,QY236,2002,9.725750517,1.366924558,208.2484157,9.441807938,1379.999995,Calcareous,1.96449276,6.70976,2.09,0.297545122,0,0.167996186,8.317945555,8.176540481,0.6145
QY236,QY236,2003,10.06844172,1.366924558,208.2484157,9.263430706,1379.999995,Calcareous,1.950434789,6.695768,0.85,0.369622565,0,0.171565263,8.652185868,8.505098709,0.633
QY236,QY236,2004,10.41113293,1.366924558,208.2484157,9.085053474,1379.999995,Calcareous,1.938731891,6.706064,1.31,0.408412862,0,0.175386724,9.324799729,9.166278133,0.6515
QY236,QY236,2005,10.75382414,1.366924558,208.2484157,8.906676243,1379.999995,Calcareous,1.928731891,6.699464,1.31,0.453155576,0,0.1792637,8.745715653,8.597038487,0.67
QY236,QY236,2006,11.09651534,1.366924558,208.2484157,8.728299011,1379.999995,Calcareous,1.91949276,6.707472,1.55,0.455478547,0,0.183293431,7.936440658,7.801521167,0.6885
QY236,QY236,2007,11.43920655,1.366924558,208.2484157,8.549921779,1379.999995,Calcareous,1.910905804,6.706944,1.18,0.459958238,0,0.187450161,7.83062635,7.697505702,0.707
QY236,QY236,2008,11.78189776,1.366924558,208.2484157,8.371544548,1379.999995,Calcareous,1.900000007,6.702808,1.11,0.466468012,0,0.191773479,7.7483933,7.616670614,0.7255
QY236,QY236,2009,12.12458897,1.366924558,208.2484157,8.193167316,1379.999995,Calcareous,1.887971021,6.700608,0.95,0.478958778,0,0.196225448,7.314759226,7.19040832,0.744
QY236,QY236,2010,12.12458897,1.366924558,208.2484157,8.014790085,1379.999995,Calcareous,1.880615949,6.697352,0.91,0.485180329,0,0.200836954,6.844835166,6.728472968,0.7625
QY236,QY236,2011,11.22647126,1.366924558,208.2484157,7.836412853,1379.999995,Calcareous,1.873442035,6.682656,0.6,0.499630542,0,0.205469462,6.95511684,6.836879854,0.781
QY236,QY236,2012,10.32835356,1.366924558,208.2484157,7.658035621,1379.999995,Calcareous,1.867391311,6.689608,0.98,0.509856166,0,0.209809315,7.072804937,6.952567253,0.7995
QY236,QY236,2013,9.430235862,1.366924558,208.2484157,7.47965839,1379.999995,Calcareous,1.861195659,6.680984,0.43,0.519168529,0,0.21376562,7.085820268,6.965361323,0.818
QY236,QY236,2014,8.532118161,1.366924558,208.2484157,7.301281158,1379.999995,Calcareous,1.848224644,6.700256,1.16,0.547640401,0,0.217475417,7.054041147,6.934122447,0.8365
QY236,QY236,2015,7.634000459,1.366924558,208.2484157,7.122903926,1379.999995,Calcareous,1.841521745,6.696032,0.93,0.66523852,0,0.220764381,7.054663585,6.934734304,0.84
QY236,QY236,2016,6.735882758,1.366924558,208.2484157,6.944526695,1379.999995,Calcareous,1.835797108,6.69876,1.24,0.680203149,0,0.22379238,7.055317086,6.935376696,0.84
QY236,QY236,2017,5.837765057,1.366924558,208.2484157,6.766149463,1379.999995,Calcareous,1.828115948,6.696912,0.95,0.630791324,0,0.226439226,7.29620736,7.172171835,0.84
QY236,QY236,2018,4.939647356,1.366924558,208.2484157,6.587772232,1379.999995,Calcareous,1.819202905,6.696296,0.93,0.658720649,0,0.228762921,6.928197795,6.810418433,0.84
QY236,QY236,2019,4.041529655,1.366924558,208.2484157,6.409395,1379.999995,Calcareous,1.823695658,6.694888,0.91,0.656547813,0,0.230779178,6.774465652,6.659299736,0.84
QY242,QY242,1985,24.62383118,1.284953888,143.2813688,18.78031417,1250,Calcareous,2.21524,6.709144,1.47,0.176133224,0,0.077665355,12.58968667,12.375662,0.3
QY242,QY242,1986,24.62383118,1.284953888,143.2813688,18.51176189,1250,Calcareous,2.19352,6.708088,1.48,0.182438596,0,0.087801012,13.41193832,13.18393537,0.3185
QY242,QY242,1987,24.62383118,1.284953888,143.2813688,18.24320961,1250,Calcareous,2.17784,6.707736,1.53,0.221173891,0,0.097882772,12.17169268,11.96477391,0.337
QY242,QY242,1988,24.62383118,1.284953888,143.2813688,17.97465733,1250,Calcareous,2.16856,6.703072,1.2,0.23118176,0,0.107967206,12.25795662,12.04957135,0.3555
QY242,QY242,1989,24.62383118,1.284953888,143.2813688,17.70610505,1250,Calcareous,2.15404,6.7014,1.2,0.264412552,0,0.118037068,12.25712143,12.04875037,0.374
QY242,QY242,1990,24.62383118,1.284953888,143.2813688,17.43755277,1250,Calcareous,2.14252,6.70404,1.47,0.297883019,0,0.128085648,12,11.796,0.3925
QY242,QY242,1991,28.76859741,1.284953888,143.2813688,17.16900049,1250,Calcareous,2.13208,6.70096,1.48,0.311863292,0,0.138103198,11.82533268,11.62430202,0.411
QY242,QY242,1992,32.91336365,1.284953888,143.2813688,16.90044821,1250,Calcareous,2.12324,6.701224,1.53,0.323640044,0,0.149753998,12.51268693,12.29997125,0.4295
QY242,QY242,1993,37.05812988,1.284953888,143.2813688,16.63189593,1250,Calcareous,2.11476,6.697616,1.2,0.337644616,0,0.163001741,12.51268693,12.29997125,0.448
QY242,QY242,1994,41.20289612,1.284953888,143.2813688,16.36334365,1250,Calcareous,2.10512,6.706592,1.95,0.332446394,0,0.177898481,12.41031069,12.19933541,0.4665
QY242,QY242,1995,45.34766235,1.284953888,143.2813688,16.09479137,1250,Calcareous,2.09536,6.69656,0.89,0.38375161,0,0.194332078,12.33416691,12.12448608,0.485
QY242,QY242,1996,49.49242859,1.284953888,143.2813688,15.82623909,1250,Calcareous,2.09624,6.700168,1.47,0.38292992,0,0.212507822,12.09055212,11.88501273,0.5035
QY242,QY242,1997,53.63719482,1.284953888,143.2813688,15.55768681,1250,Calcareous,2.10152,6.704568,1.98,0.368371621,0,0.232229729,12.40048201,12.18967382,0.522
QY242,QY242,1998,57.78196106,1.284953888,143.2813688,15.28913453,1250,Calcareous,2.10408,6.704656,1.33,0.387806123,0,0.253463394,12.66450434,12.44920776,0.5405
QY242,QY242,1999,61.92672729,1.284953888,143.2813688,15.02058226,1250,Calcareous,2.10756,6.699464,1,0.395432608,0,0.276383028,12.60760935,12.39327999,0.559
QY242,QY242,2000,66.07149353,1.284953888,143.2813688,14.75202998,1250,Calcareous,2.12596,6.698936,1.41,0.399667441,0,0.300955899,12.53684645,12.32372006,0.5775
QY242,QY242,2001,70.21625976,1.284953888,143.2813688,14.4834777,1250,Calcareous,2.14724,6.69788,1.14,0.406862588,0,0.327062351,12.44031168,12.22882638,0.596
QY242,QY242,2002,74.361026,1.284953888,143.2813688,14.21492542,1250,Calcareous,2.1468,6.708528,2.09,0.394182117,0,0.354830106,12.47691833,12.26481072,0.6145
QY242,QY242,2003,78.50579223,1.284953888,143.2813688,13.94637314,1250,Calcareous,2.1454,6.68688,0.85,0.481455373,0,0.383985553,12.9782788,12.75764806,0.633
QY242,QY242,2004,82.65055847,1.284953888,143.2813688,13.67782086,1250,Calcareous,2.1474,6.70272,1.31,0.521836512,0,0.414979268,13.98719959,13.7494172,0.6515
QY242,QY242,2005,86.7953247,1.284953888,143.2813688,13.40926858,1250,Calcareous,2.15188,6.694976,1.31,0.570965347,0,0.447403793,13.11857348,12.89555773,0.67
QY242,QY242,2006,90.94009094,1.284953888,143.2813688,13.1407163,1250,Calcareous,2.15732,6.704832,1.55,0.572341125,0,0.481481717,11.90466099,11.70228175,0.6885
QY242,QY242,2007,95.08485717,1.284953888,143.2813688,12.87216402,1250,Calcareous,2.1636,6.702368,1.18,0.581341397,0,0.51718028,11.74593953,11.54625855,0.707
QY242,QY242,2008,99.22962341,1.284953888,143.2813688,12.60361174,1250,Calcareous,2.16572,6.69832,1.11,0.590268078,0,0.554589325,11.62258995,11.42500592,0.7255
QY242,QY242,2009,103.3743896,1.284953888,143.2813688,12.33505946,1250,Calcareous,2.16556,6.694976,0.95,0.607303466,0,0.593614124,10.97213884,10.78561248,0.744
QY242,QY242,2010,103.3743896,1.284953888,143.2813688,12.06650718,1250,Calcareous,2.1728,6.693304,0.91,0.616031117,0,0.634343084,10.26725275,10.09270945,0.7625
QY242,QY242,2011,95.71702744,1.284953888,143.2813688,11.7979549,1250,Calcareous,2.18008,6.6728,0.6,0.636852188,0,0.675093118,10.43267526,10.25531978,0.781
QY242,QY242,2012,88.05966525,1.284953888,143.2813688,11.52940262,1250,Calcareous,2.189,6.68336,0.98,0.65241907,0,0.712820974,10.6092074,10.42885088,0.7995
QY242,QY242,2013,80.40230305,1.284953888,143.2813688,11.26085034,1250,Calcareous,2.1974,6.665496,0.43,0.663509944,0,0.747272838,10.6287304,10.44804198,0.818
QY242,QY242,2014,72.74494086,1.284953888,143.2813688,10.99229806,1250,Calcareous,2.19432,6.697704,1.16,0.703649365,0,0.778863996,10.58106172,10.40118367,0.8365
QY242,QY242,2015,65.08757866,1.284953888,143.2813688,10.72374578,1250,Calcareous,2.20112,6.6904,0.93,0.800847162,0,0.807065804,10.58199538,10.40210146,0.84
QY242,QY242,2016,57.43021647,1.284953888,143.2813688,10.4551935,1250,Calcareous,2.20936,6.694976,1.24,0.817023556,0,0.832286691,10.58297563,10.40306504,0.84
QY242,QY242,2017,49.77285427,1.284953888,143.2813688,10.18664123,1250,Calcareous,2.21412,6.691544,0.95,0.773643729,0,0.854237616,10.94431104,10.75825775,0.84
QY242,QY242,2018,42.11549208,1.284953888,143.2813688,9.918088946,1250,Calcareous,2.21648,6.691632,0.93,0.797151789,0,0.873153446,10.39229669,10.21562765,0.84
QY242,QY242,2019,34.45812988,1.284953888,143.2813688,9.649536667,1250,Calcareous,2.24072,6.689696,0.91,0.795919908,0,0.889038396,10.16169848,9.988949603,0.84
QY243,QY243,1985,30.71457949,1.260113576,139.234474,21,1379.999995,Calcareous,2.581014502,6.709144,1.47,0.209392667,0,0.111604851,13.63882723,13.40696716,0.3
QY243,QY243,1986,30.71457949,1.260113576,139.234474,20.69970695,1379.999995,Calcareous,2.552318849,6.707824,1.48,0.220737094,0,0.122944956,14.52959985,14.28259665,0.3185
QY243,QY243,1987,30.71457949,1.260113576,139.234474,20.3994139,1379.999995,Calcareous,2.529565226,6.707736,1.53,0.266311549,0,0.134237026,13.18600041,12.9618384,0.337
QY243,QY243,1988,30.71457949,1.260113576,139.234474,20.09912084,1379.999995,Calcareous,2.513152183,6.70272,1.2,0.27448239,0,0.145539109,13.279453,13.0537023,0.3555
QY243,QY243,1989,30.71457949,1.260113576,139.234474,19.79882779,1379.999995,Calcareous,2.491666675,6.700872,1.2,0.313960681,0,0.156829989,13.27854822,13.0528129,0.374
QY243,QY243,1990,30.71457949,1.260113576,139.234474,19.49853474,1379.999995,Calcareous,2.473152182,6.703512,1.47,0.353757056,0,0.168104752,13,12.779,0.3925
QY243,QY243,1991,36.07749539,1.260113576,139.234474,19.19824169,1379.999995,Calcareous,2.455905806,6.700696,1.48,0.368006265,0,0.17935377,12.81077707,12.59299386,0.411
QY243,QY243,1992,41.44041128,1.260113576,139.234474,18.89794863,1379.999995,Calcareous,2.4402174,6.700696,1.53,0.380610392,0,0.192524718,13.55541084,13.32496885,0.4295
QY243,QY243,1993,46.80332718,1.260113576,139.234474,18.59765558,1379.999995,Calcareous,2.425072472,6.69656,1.2,0.396748077,0,0.207581958,13.55541084,13.32496885,0.448
QY243,QY243,1994,52.16624308,1.260113576,139.234474,18.29736253,1379.999995,Calcareous,2.40887682,6.705712,1.95,0.387916206,0,0.224576666,13.44450325,13.2159467,0.4665
QY243,QY243,1995,57.52915898,1.260113576,139.234474,17.99706948,1379.999995,Calcareous,2.392681168,6.695768,0.89,0.45489095,0,0.243400222,13.36201416,13.13485992,0.485
QY243,QY243,1996,62.89207487,1.260113576,139.234474,17.69677642,1379.999995,Calcareous,2.387028994,6.698936,1.47,0.446120864,0,0.264254266,13.09809813,12.87543046,0.5035
QY243,QY243,1997,68.25499077,1.260113576,139.234474,17.39648337,1379.999995,Calcareous,2.385688414,6.7036,1.98,0.425177067,0,0.2869439,13.43385551,13.20547997,0.522
QY243,QY243,1998,73.61790667,1.260113576,139.234474,17.09619032,1379.999995,Calcareous,2.381775371,6.704128,1.33,0.444418548,0,0.311437112,13.7198797,13.48664174,0.5405
QY243,QY243,1999,78.98082257,1.260113576,139.234474,16.79589727,1379.999995,Calcareous,2.378840588,6.698408,1,0.45384256,0,0.337900216,13.65824346,13.42605333,0.559
QY243,QY243,2000,84.34373846,1.260113576,139.234474,16.49560421,1379.999995,Calcareous,2.39061595,6.698056,1.41,0.466712579,0,0.366302194,13.58158365,13.35069673,0.5775
QY243,QY243,2001,89.70665436,1.260113576,139.234474,16.19531116,1379.999995,Calcareous,2.405144936,6.697088,1.14,0.469516575,0,0.39653224,13.47700432,13.24789525,0.596
QY243,QY243,2002,95.06957026,1.260113576,139.234474,15.89501811,1379.999995,Calcareous,2.398405805,6.707472,2.09,0.459421277,0,0.428705219,13.51666153,13.28687828,0.6145
QY243,QY243,2003,100.4324862,1.260113576,139.234474,15.59472506,1379.999995,Calcareous,2.390869573,6.686176,0.85,0.566610838,0,0.46256634,14.05980204,13.8207854,0.633
QY243,QY243,2004,105.7954021,1.260113576,139.234474,15.294432,1379.999995,Calcareous,2.386847834,6.701136,1.31,0.619863691,0,0.498544576,15.15279956,14.89520197,0.6515
QY243,QY243,2005,111.158318,1.260113576,139.234474,14.99413895,1379.999995,Calcareous,2.385326095,6.693392,1.31,0.683408236,0,0.536251289,14.21178794,13.97018754,0.67
QY243,QY243,2006,116.5212338,1.260113576,139.234474,14.6938459,1379.999995,Calcareous,2.384818849,6.703248,1.55,0.686270369,0,0.575899944,12.89671607,12.6774719,0.6885
QY243,QY243,2007,121.8841497,1.260113576,139.234474,14.39355285,1379.999995,Calcareous,2.385181168,6.700168,1.18,0.694751091,0,0.617456228,12.72476782,12.50844677,0.707
QY243,QY243,2008,127.2470656,1.260113576,139.234474,14.09325979,1379.999995,Calcareous,2.381594211,6.695768,1.11,0.705025711,0,0.66100146,12.59113911,12.37708975,0.7255
QY243,QY243,2009,132.6099815,1.260113576,139.234474,13.79296674,1379.999995,Calcareous,2.375833342,6.692512,0.95,0.724597096,0,0.706446809,11.88648374,11.68441352,0.744
QY243,QY243,2010,132.6099815,1.260113576,139.234474,13.49267369,1379.999995,Calcareous,2.377427544,6.689872,0.91,0.734479526,0,0.753878323,11.12285715,10.93376857,0.7625
QY243,QY243,2011,122.7870199,1.260113576,139.234474,13.19238064,1379.999995,Calcareous,2.379166675,6.668576,0.6,0.757426071,0,0.801326895,11.30206487,11.10992976,0.781
QY243,QY243,2012,112.9640583,1.260113576,139.234474,12.89208758,1379.999995,Calcareous,2.38253624,6.680016,0.98,0.774241099,0,0.845250933,11.49330802,11.29792179,0.7995
QY243,QY243,2013,103.1410968,1.260113576,139.234474,12.59179453,1379.999995,Calcareous,2.385434791,6.660128,0.43,0.787959316,0,0.885408559,11.51445794,11.31871215,0.818
QY243,QY243,2014,93.31813516,1.260113576,139.234474,12.29150148,1379.999995,Calcareous,2.377173921,6.694008,1.16,0.833275176,0,0.922196043,11.46281686,11.26794898,0.8365
QY243,QY243,2015,83.49517356,1.260113576,139.234474,11.99120843,1379.999995,Calcareous,2.378731892,6.687144,0.93,0.983801519,0,0.955109594,11.46382833,11.26894324,0.84
QY243,QY243,2016,73.67221197,1.260113576,139.234474,11.69091537,1379.999995,Calcareous,2.381811602,6.69172,1.24,1.004887795,0,0.984556156,11.46489027,11.26998713,0.84
QY243,QY243,2017,63.84925037,1.260113576,139.234474,11.39062232,1379.999995,Calcareous,2.381449284,6.68776,0.95,0.940359988,0,1.010238921,11.85633696,11.65477923,0.84
QY243,QY243,2018,54.02628878,1.260113576,139.234474,11.09032927,1379.999995,Calcareous,2.37887682,6.68776,0.93,0.976320185,0,1.032376067,11.25832142,11.06692995,0.84
QY243,QY243,2019,44.20332718,1.260113576,139.234474,10.79003622,1379.999995,Calcareous,2.397862327,6.68556,0.91,0.973826186,0,1.050985262,11.00850668,10.82136207,0.84
QY246,QY246,1985,4.856684321,1.339023974,191.287706,39.5962202,1409.999967,Calcareous,2.161312108,6.70624,1.47,0.240767731,0,0.397206864,8.393124447,8.250441332,0.3
QY246,QY246,1986,4.856684321,1.339023974,191.287706,39.03000736,1409.999967,Calcareous,2.134539058,6.704304,1.48,0.257636656,0,0.398763333,8.941292215,8.789290247,0.3185
QY246,QY246,1987,4.856684321,1.339023974,191.287706,38.46379451,1409.999967,Calcareous,2.111276646,6.703952,1.53,0.307049921,0,0.400283451,8.114461789,7.976515939,0.337
QY246,QY246,1988,4.856684321,1.339023974,191.287706,37.89758166,1409.999967,Calcareous,2.091950404,6.699112,1.2,0.311230596,0,0.401844898,8.171971077,8.033047569,0.3555
QY246,QY246,1989,4.856684321,1.339023974,191.287706,37.33136881,1409.999967,Calcareous,2.069645439,6.697704,1.2,0.353421736,0,0.403463655,8.17141429,8.032500247,0.374
QY246,QY246,1990,4.856684321,1.339023974,191.287706,36.76515596,1409.999967,Calcareous,2.04932629,6.701312,1.47,0.396038249,0,0.405088749,8,7.864,0.3925
QY246,QY246,1991,5.048021186,1.339023974,191.287706,36.19894311,1409.999967,Calcareous,2.029893665,6.69876,1.48,0.408375485,0,0.406674409,7.883555119,7.749534682,0.411
QY246,QY246,1992,5.23935805,1.339023974,191.287706,35.63273026,1409.999967,Calcareous,2.011560331,6.699112,1.53,0.419550148,0,0.408326619,8.341791284,8.199980833,0.4295
QY246,QY246,1993,5.430694914,1.339023974,191.287706,35.06651741,1409.999967,Calcareous,1.99368799,6.695152,1.2,0.43759047,0,0.410007519,8.341791284,8.199980833,0.448
QY246,QY246,1994,5.622031778,1.339023974,191.287706,34.50030456,1409.999967,Calcareous,1.975354657,6.70448,1.95,0.424618449,0,0.411829096,8.273540462,8.132890274,0.4665
QY246,QY246,1995,5.813368643,1.339023974,191.287706,33.93409171,1409.999967,Calcareous,1.957198628,6.694008,0.89,0.507145092,0,0.413541751,8.222777943,8.082990718,0.485
QY246,QY246,1996,6.004705507,1.339023974,191.287706,33.36787886,1409.999967,Calcareous,1.945531961,6.697528,1.47,0.488415776,0,0.415591808,8.06036808,7.923341823,0.5035
QY246,QY246,1997,6.196042371,1.339023974,191.287706,32.80166601,1409.999967,Calcareous,1.936595791,6.702368,1.98,0.461795666,0,0.417568963,8.266988007,8.126449211,0.522
QY246,QY246,1998,6.387379235,1.339023974,191.287706,32.23545317,1409.999967,Calcareous,1.926312102,6.703248,1.33,0.479276706,0,0.41946852,8.443002891,8.299471841,0.5405
QY246,QY246,1999,6.5787161,1.339023974,191.287706,31.66924032,1409.999967,Calcareous,1.916702173,6.696736,1,0.489516436,0,0.421590784,8.405072901,8.262186662,0.559
QY246,QY246,2000,6.770052964,1.339023974,191.287706,31.10302747,1409.999967,Calcareous,1.916134797,6.696208,1.41,0.513895853,0,0.423862119,8.35789763,8.21581337,0.5775
QY246,QY246,2001,6.961389828,1.339023974,191.287706,30.53681462,1409.999967,Calcareous,1.917375932,6.695768,1.14,0.51135552,0,0.426108298,8.293541121,8.152550922,0.596
QY246,QY246,2002,7.152726692,1.339023974,191.287706,29.97060177,1409.999967,Calcareous,1.905992953,6.706064,2.09,0.503807656,0,0.42849682,8.317945555,8.176540481,0.6145
QY246,QY246,2003,7.344063557,1.339023974,191.287706,29.40438892,1409.999967,Calcareous,1.894219903,6.685032,0.85,0.62580205,0,0.430707612,8.652185868,8.505098709,0.633
QY246,QY246,2004,7.535400421,1.339023974,191.287706,28.83817607,1409.999967,Calcareous,1.884680896,6.69876,1.31,0.6937258,0,0.433316615,9.324799729,9.166278133,0.6515
QY246,QY246,2005,7.726737285,1.339023974,191.287706,28.27196322,1409.999967,Calcareous,1.876773094,6.69128,1.31,0.770381851,0,0.435866288,8.745715653,8.597038487,0.67
QY246,QY246,2006,7.918074149,1.339023974,191.287706,27.70575037,1409.999967,Calcareous,1.869645434,6.700784,1.55,0.774053289,0,0.438532391,7.936440658,7.801521167,0.6885
QY246,QY246,2007,8.109411014,1.339023974,191.287706,27.13953752,1409.999967,Calcareous,1.863156072,6.697968,1.18,0.781589228,0,0.441250162,7.83062635,7.697505702,0.707
QY246,QY246,2008,8.300747878,1.339023974,191.287706,26.57332467,1409.999967,Calcareous,1.854361746,6.69348,1.11,0.79246799,0,0.444142637,7.7483933,7.616670614,0.7255
QY246,QY246,2009,8.492084742,1.339023974,191.287706,26.00711182,1409.999967,Calcareous,1.844432668,6.68952,0.95,0.813536591,0,0.447124901,7.314759226,7.19040832,0.744
QY246,QY246,2010,8.492084742,1.339023974,191.287706,25.44089898,1409.999967,Calcareous,1.839042597,6.68644,0.91,0.824005862,0,0.450245675,6.844835166,6.728472968,0.7625
QY246,QY246,2011,7.863041428,1.339023974,191.287706,24.87468613,1409.999967,Calcareous,1.833865292,6.665232,0.6,0.848891723,0,0.453403588,6.95511684,6.836879854,0.781
QY246,QY246,2012,7.233998114,1.339023974,191.287706,24.30847328,1409.999967,Calcareous,1.829751816,6.6772,0.98,0.866182175,0,0.456423407,7.072804937,6.952567253,0.7995
QY246,QY246,2013,6.604954799,1.339023974,191.287706,23.74226043,1409.999967,Calcareous,1.825496497,6.657312,0.43,0.882019999,0,0.459111203,7.085820268,6.965361323,0.818
QY246,QY246,2014,5.975911485,1.339023974,191.287706,23.17604758,1409.999967,Calcareous,1.814609972,6.690048,1.16,0.929949468,0,0.461744852,7.054041147,6.934122447,0.8365
QY246,QY246,2015,5.346868171,1.339023974,191.287706,22.60983473,1409.999967,Calcareous,1.809787277,6.68292,0.93,1.132343148,0,0.463963216,7.054663585,6.934734304,0.84
QY246,QY246,2016,4.717824857,1.339023974,191.287706,22.04362188,1409.999967,Calcareous,1.805922029,6.688024,1.24,1.158059379,0,0.466088954,7.055317086,6.935376696,0.84
QY246,QY246,2017,4.088781542,1.339023974,191.287706,21.47740903,1409.999967,Calcareous,1.800141887,6.6838,0.95,1.073028537,0,0.467895351,7.29620736,7.172171835,0.84
QY246,QY246,2018,3.459738228,1.339023974,191.287706,20.91119618,1409.999967,Calcareous,1.793085149,6.682832,0.93,1.121101334,0,0.469514659,6.928197795,6.810418433,0.84
QY246,QY246,2019,2.830694914,1.339023974,191.287706,20.34498333,1409.999967,Calcareous,1.799148979,6.680984,0.91,1.117353684,0,0.470941354,6.774465652,6.659299736,0.84
QY248,QY248,1985,4.418090844,1.295719614,181.4359949,45.12721369,1379.999995,Calcareous,1.815688412,6.708528,1.47,0.190760473,0,0.11834481,11.54054611,11.34435683,0.3
QY248,QY248,1986,4.418090844,1.295719614,181.4359949,44.48190946,1379.999995,Calcareous,1.797246383,6.707208,1.48,0.201311876,0,0.120150792,12.2942768,12.08527409,0.3185
QY248,QY248,1987,4.418090844,1.295719614,181.4359949,43.83660524,1379.999995,Calcareous,1.783804354,6.706944,1.53,0.235795726,0,0.121937317,11.15738496,10.96770942,0.337
QY248,QY248,1988,4.418090844,1.295719614,181.4359949,43.19130101,1379.999995,Calcareous,1.775724644,6.70272,1.2,0.238824674,0,0.123749407,11.23646023,11.04544041,0.3555
QY248,QY248,1989,4.418090844,1.295719614,181.4359949,42.54599678,1379.999995,Calcareous,1.763260876,6.701576,1.2,0.265949605,0,0.125580851,11.23569465,11.04468784,0.374
QY248,QY248,1990,4.418090844,1.295719614,181.4359949,41.90069256,1379.999995,Calcareous,1.753260876,6.703952,1.47,0.293440458,0,0.127416645,11,10.813,0.3925
QY248,QY248,1991,4.521709013,1.295719614,181.4359949,41.25538833,1379.999995,Calcareous,1.744202905,6.701224,1.48,0.301581887,0,0.12924123,10.83988829,10.65561019,0.411
QY248,QY248,1992,4.625327182,1.295719614,181.4359949,40.61008411,1379.999995,Calcareous,1.736413049,6.701136,1.53,0.307612666,0,0.131103099,11.46996302,11.27497364,0.4295
QY248,QY248,1993,4.728945351,1.295719614,181.4359949,39.96477988,1379.999995,Calcareous,1.728949281,6.697704,1.2,0.322265651,0,0.132982424,11.46996302,11.27497364,0.448
QY248,QY248,1994,4.83256352,1.295719614,181.4359949,39.31947565,1379.999995,Calcareous,1.720507252,6.706504,1.95,0.313566399,0,0.134928131,11.37611814,11.18272413,0.4665
QY248,QY248,1995,4.936181689,1.295719614,181.4359949,38.67417143,1379.999995,Calcareous,1.71199276,6.696032,0.89,0.37372624,0,0.136841497,11.30631967,11.11411224,0.485
QY248,QY248,1996,5.039799858,1.295719614,181.4359949,38.0288672,1379.999995,Calcareous,1.712282615,6.699464,1.47,0.362792965,0,0.138904445,11.08300611,10.89459501,0.5035
QY248,QY248,1997,5.143418027,1.295719614,181.4359949,37.38356298,1379.999995,Calcareous,1.716159426,6.703952,1.98,0.34650329,0,0.140950294,11.36710851,11.17386767,0.522
QY248,QY248,1998,5.247036195,1.295719614,181.4359949,36.73825875,1379.999995,Calcareous,1.717789861,6.70316,1.33,0.361575795,0,0.14297337,11.60912897,11.41177378,0.5405
QY248,QY248,1999,5.350654364,1.295719614,181.4359949,36.09295452,1379.999995,Calcareous,1.720144933,6.698672,1,0.367532403,0,0.145094241,11.55697524,11.36050666,0.559
QY248,QY248,2000,5.454272533,1.295719614,181.4359949,35.4476503,1379.999995,Calcareous,1.734855078,6.698232,1.41,0.384691354,0,0.147285259,11.49210924,11.29674338,0.5775
QY248,QY248,2001,5.557890702,1.295719614,181.4359949,34.80234607,1379.999995,Calcareous,1.751847832,6.696032,1.14,0.386782964,0,0.149482374,11.40361904,11.20975752,0.596
QY248,QY248,2002,5.661508871,1.295719614,181.4359949,34.15704184,1379.999995,Calcareous,1.750797107,6.70756,2.09,0.37539171,0,0.151748284,11.43717514,11.24274316,0.6145
QY248,QY248,2003,5.76512704,1.295719614,181.4359949,33.51173762,1379.999995,Calcareous,1.748949281,6.68292,0.85,0.460232263,0,0.153953781,11.89675557,11.69451072,0.633
QY248,QY248,2004,5.868745209,1.295719614,181.4359949,32.86643339,1379.999995,Calcareous,1.750000006,6.699728,1.31,0.513154458,0,0.156332511,12.82159963,12.60363243,0.6515
QY248,QY248,2005,5.972363378,1.295719614,181.4359949,32.22112917,1379.999995,Calcareous,1.753079716,6.69128,1.31,0.567111053,0,0.158704747,12.02535902,11.82092792,0.67
QY248,QY248,2006,6.075981546,1.295719614,181.4359949,31.57582494,1379.999995,Calcareous,1.756956528,6.701576,1.55,0.567453154,0,0.161146428,10.9126059,10.7270916,0.6885
QY248,QY248,2007,6.179599715,1.295719614,181.4359949,30.93052071,1379.999995,Calcareous,1.761485513,6.69744,1.18,0.575026259,0,0.163626783,10.76711123,10.58407034,0.707
QY248,QY248,2008,6.283217884,1.295719614,181.4359949,30.28521649,1379.999995,Calcareous,1.76257247,6.692952,1.11,0.582697989,0,0.166188366,10.65404079,10.47292209,0.7255
QY248,QY248,2009,6.386836053,1.295719614,181.4359949,29.63991226,1379.999995,Calcareous,1.7618116,6.688376,0.95,0.598377507,0,0.168797496,10.05779394,9.886811439,0.744
QY248,QY248,2010,6.386836053,1.295719614,181.4359949,28.99460804,1379.999995,Calcareous,1.767173919,6.686176,0.91,0.606229041,0,0.171477533,9.411648354,9.251650332,0.7625
QY248,QY248,2011,5.913737086,1.295719614,181.4359949,28.34930381,1379.999995,Calcareous,1.77257247,6.661624,0.6,0.627856442,0,0.174177939,9.563285655,9.400709799,0.781
QY248,QY248,2012,5.440638119,1.295719614,181.4359949,27.70399958,1379.999995,Calcareous,1.779275368,6.675,0.98,0.642069111,0,0.176742166,9.725106788,9.559779972,0.7995
QY248,QY248,2013,4.967539152,1.295719614,181.4359949,27.05869536,1379.999995,Calcareous,1.785579716,6.649744,0.43,0.653300334,0,0.179095206,9.743002868,9.577371819,0.818
QY248,QY248,2014,4.494440185,1.295719614,181.4359949,26.41339113,1379.999995,Calcareous,1.782282615,6.690488,1.16,0.689470996,0,0.181343894,9.699306577,9.534418365,0.8365
QY248,QY248,2015,4.021341219,1.295719614,181.4359949,25.7680869,1379.999995,Calcareous,1.787318847,6.681336,0.93,0.813409266,0,0.183355779,9.70016243,9.535259668,0.84
QY248,QY248,2016,3.548242252,1.295719614,181.4359949,25.12278268,1379.999995,Calcareous,1.793478267,6.687496,1.24,0.83168409,0,0.185262674,9.701060994,9.536142957,0.84
QY248,QY248,2017,3.075143285,1.295719614,181.4359949,24.47747845,1379.999995,Calcareous,1.796739137,6.682744,0.95,0.777854784,0,0.186963054,10.03228512,9.861736274,0.84
QY248,QY248,2018,2.602044318,1.295719614,181.4359949,23.83217423,1379.999995,Calcareous,1.798043484,6.682216,0.93,0.807615936,0,0.188495147,9.526271968,9.364325345,0.84
QY248,QY248,2019,2.128945351,1.295719614,181.4359949,23.18687,1379.999995,Calcareous,1.817536238,6.680192,0.91,0.80568459,0,0.18987422,9.314890271,9.156537136,0.84
QY264,QY264,1985,6.543369556,1.366166785,211.5,32.26640143,1250,Non-calcareous,3.00404,6.397536,1.47,0.052447679,0,0.27489806,5.245702779,5.156525832,0.3
QY264,QY264,1986,6.543369556,1.366166785,211.5,31.80500257,1250,Non-calcareous,2.96284,6.315344,1.48,0.056057843,0,0.27763612,5.588307634,5.493306404,0.3185
QY264,QY264,1987,6.543369556,1.366166785,211.5,31.3436037,1250,Non-calcareous,2.92404,6.255504,1.53,0.067105664,0,0.280301367,5.071538618,4.985322462,0.337
QY264,QY264,1988,6.543369556,1.366166785,211.5,30.88220484,1250,Non-calcareous,2.88812,6.237464,1.2,0.068244358,0,0.28293354,5.107481923,5.020654731,0.3555
QY264,QY264,1989,6.543369556,1.366166785,211.5,30.42080597,1250,Non-calcareous,2.85044,6.210712,1.2,0.077783502,0,0.285613322,5.107133931,5.020312654,0.374
QY264,QY264,1990,6.543369556,1.366166785,211.5,29.9594071,1250,Non-calcareous,2.8144,6.1756,1.47,0.087411828,0,0.288269052,5,4.915,0.3925
QY264,QY264,1991,7.072043467,1.366166785,211.5,29.49800824,1250,Non-calcareous,2.77936,6.146384,1.48,0.090324324,0,0.290829327,4.92722195,4.843459176,0.411
QY264,QY264,1992,7.600717378,1.366166785,211.5,29.03660937,1250,Non-calcareous,2.74552,6.120248,1.53,0.09299349,0,0.293565781,5.213619553,5.12498802,0.4295
QY264,QY264,1993,8.129391289,1.366166785,211.5,28.57521051,1250,Non-calcareous,2.71232,6.12368,1.2,0.096932662,0,0.296446736,5.213619553,5.12498802,0.448
QY264,QY264,1994,8.6580652,1.366166785,211.5,28.11381164,1250,Non-calcareous,2.6792,6.089712,1.95,0.094171182,0,0.299628334,5.170962789,5.083056421,0.4665
QY264,QY264,1995,9.186739111,1.366166785,211.5,27.65241278,1250,Non-calcareous,2.64652,6.094552,0.89,0.11209508,0,0.30273279,5.139236214,5.051869198,0.485
QY264,QY264,1996,9.715413022,1.366166785,211.5,27.19101391,1250,Non-calcareous,2.61876,6.066568,1.47,0.108244383,0,0.306399029,5.03773005,4.952088639,0.5035
QY264,QY264,1997,10.24408693,1.366166785,211.5,26.72961504,1250,Non-calcareous,2.59336,6.045976,1.98,0.102388611,0,0.310039395,5.166867505,5.079030757,0.522
QY264,QY264,1998,10.77276084,1.366166785,211.5,26.26821618,1250,Non-calcareous,2.56736,6.03744,1.33,0.106349487,0,0.313645653,5.276876807,5.187169901,0.5405
QY264,QY264,1999,11.30143476,1.366166785,211.5,25.80681731,1250,Non-calcareous,2.54224,6.054512,1,0.108678355,0,0.317681228,5.253170563,5.163866664,0.559
QY264,QY264,2000,11.83010867,1.366166785,211.5,25.34541845,1250,Non-calcareous,2.52376,6.018344,1.41,0.11366118,0,0.322062846,5.223686019,5.134883357,0.5775
QY264,QY264,2001,12.35878258,1.366166785,211.5,24.88401958,1250,Non-calcareous,2.507,6.026792,1.14,0.113209639,0,0.32643668,5.183463201,5.095344326,0.596
QY264,QY264,2002,12.88745649,1.366166785,211.5,24.42262072,1250,Non-calcareous,2.48164,6.00092,2.09,0.111579421,0,0.331135879,5.198715972,5.1103378,0.6145
QY264,QY264,2003,13.4161304,1.366166785,211.5,23.96122185,1250,Non-calcareous,2.45636,6.011656,0.85,0.138608462,0,0.335552642,5.407616168,5.315686693,0.633
QY264,QY264,2004,13.94480431,1.366166785,211.5,23.49982299,1250,Non-calcareous,2.43292,5.9952,1.31,0.153154823,0,0.340754203,5.82799983,5.728923833,0.6515
QY264,QY264,2005,14.47347822,1.366166785,211.5,23.03842412,1250,Non-calcareous,2.41092,5.984552,1.31,0.169933341,0,0.345881765,5.466072283,5.373149054,0.67
QY264,QY264,2006,15.00215213,1.366166785,211.5,22.57702525,1250,Non-calcareous,2.3898,5.975752,1.55,0.170804455,0,0.351215428,4.960275411,4.875950729,0.6885
QY264,QY264,2007,15.53082604,1.366166785,211.5,22.11562639,1250,Non-calcareous,2.3694,5.979096,1.18,0.172484339,0,0.356629584,4.894141469,4.810941064,0.707
QY264,QY264,2008,16.05949996,1.366166785,211.5,21.65422752,1250,Non-calcareous,2.34772,5.979976,1.11,0.174925504,0,0.36244626,4.842745813,4.760419134,0.7255
QY264,QY264,2009,16.58817387,1.366166785,211.5,21.19282866,1250,Non-calcareous,2.32548,5.978392,0.95,0.179609542,0,0.368497258,4.571724516,4.4940052,0.744
QY264,QY264,2010,16.58817387,1.366166785,211.5,20.73142979,1250,Non-calcareous,2.30672,5.985608,0.91,0.181942623,0,0.374851456,4.278021979,4.205295605,0.7625
QY264,QY264,2011,15.35942025,1.366166785,211.5,20.27003093,1250,Non-calcareous,2.2884,6.000304,0.6,0.187361453,0,0.381241087,4.346948025,4.273049909,0.781
QY264,QY264,2012,14.13066663,1.366166785,211.5,19.80863206,1250,Non-calcareous,2.27112,5.970472,0.98,0.191196062,0,0.387324491,4.420503085,4.345354533,0.7995
QY264,QY264,2013,12.90191301,1.366166785,211.5,19.34723319,1250,Non-calcareous,2.254,6.01852,0.43,0.194688198,0,0.392624696,4.428637667,4.353350827,0.818
QY264,QY264,2014,11.67315939,1.366166785,211.5,18.88583433,1250,Non-calcareous,2.23244,5.974344,1.16,0.20536515,0,0.397822897,4.408775717,4.33382653,0.8365
QY264,QY264,2015,10.44440577,1.366166785,211.5,18.42443546,1250,Non-calcareous,2.2154,5.960704,0.93,0.249464445,0,0.401990368,4.409164741,4.33420894,0.84
QY264,QY264,2016,9.215652148,1.366166785,211.5,17.9630366,1250,Non-calcareous,2.19932,5.953576,1.24,0.255076181,0,0.405802561,4.409573179,4.334610435,0.84
QY264,QY264,2017,7.986898529,1.366166785,211.5,17.50163773,1250,Non-calcareous,2.18212,5.959824,0.95,0.236546747,0,0.40885893,4.5601296,4.482607397,0.84
QY264,QY264,2018,6.758144909,1.366166785,211.5,17.04023887,1250,Non-calcareous,2.16428,5.945568,0.93,0.247020243,0,0.411604316,4.330123622,4.25651152,0.84
QY264,QY264,2019,5.529391289,1.366166785,211.5,16.57884,1250,Non-calcareous,2.15588,5.953048,0.91,0.24620543,0,0.413851339,4.234041032,4.162062335,0.84
QY267,QY267,1985,5.081464016,1.3332554,168.2179975,21,1379.999995,Calcareous,2.224130442,6.703248,1.47,0.447781598,0,0.198,12.58968667,12.375662,0.3
QY267,QY267,1986,5.081464016,1.3332554,168.2179975,20.69970695,1379.999995,Calcareous,2.200072471,6.700696,1.48,0.478991897,0,0.199860721,13.41193832,13.18393537,0.3185
QY267,QY267,1987,5.081464016,1.3332554,168.2179975,20.3994139,1379.999995,Calcareous,2.181485515,6.699112,1.53,0.563859243,0,0.201689085,12.17169268,11.96477391,0.337
QY267,QY267,1988,5.081464016,1.3332554,168.2179975,20.09912084,1379.999995,Calcareous,2.168768123,6.693304,1.2,0.567560768,0,0.203582468,12.25795662,12.04957135,0.3555
QY267,QY267,1989,5.081464016,1.3332554,168.2179975,19.79882779,1379.999995,Calcareous,2.151304355,6.69084,1.2,0.637135728,0,0.205500351,12.25712143,12.04875037,0.374
QY267,QY267,1990,5.081464016,1.3332554,168.2179975,19.49853474,1379.999995,Calcareous,2.136557978,6.693568,1.47,0.707575136,0,0.207435448,12,11.796,0.3925
QY267,QY267,1991,5.31775682,1.3332554,168.2179975,19.19824169,1379.999995,Calcareous,2.12293479,6.6904,1.48,0.725884616,0,0.209371817,11.82533268,11.62430202,0.411
QY267,QY267,1992,5.554049623,1.3332554,168.2179975,18.89794863,1379.999995,Calcareous,2.110760877,6.690048,1.53,0.741319866,0,0.211398544,12.51268693,12.29997125,0.4295
QY267,QY267,1993,5.790342426,1.3332554,168.2179975,18.59765558,1379.999995,Calcareous,2.098985514,6.684944,1.2,0.774872905,0,0.213477242,12.51268693,12.29997125,0.448
QY267,QY267,1994,6.026635229,1.3332554,168.2179975,18.29736253,1379.999995,Calcareous,2.086231891,6.69832,1.95,0.750352306,0,0.215684631,12.41031069,12.19933541,0.4665
QY267,QY267,1995,6.262928033,1.3332554,168.2179975,17.99706948,1379.999995,Calcareous,2.073442036,6.677464,0.89,0.902384048,0,0.217885111,12.33416691,12.12448608,0.485
QY267,QY267,1996,6.499220836,1.3332554,168.2179975,17.69677642,1379.999995,Calcareous,2.070326094,6.687408,1.47,0.86535973,0,0.220341203,12.09055212,11.88501273,0.5035
QY267,QY267,1997,6.735513639,1.3332554,168.2179975,17.39648337,1379.999995,Calcareous,2.071159427,6.6948,1.98,0.819018669,0,0.222809772,12.40048201,12.18967382,0.522
QY267,QY267,1998,6.971806442,1.3332554,168.2179975,17.09619032,1379.999995,Calcareous,2.069601456,6.688816,1.33,0.849439867,0,0.225273686,12.66450434,12.44920776,0.5405
QY267,QY267,1999,7.208099246,1.3332554,168.2179975,16.79589727,1379.999995,Calcareous,2.068876819,6.681512,1,0.865803374,0,0.227901013,12.60760935,12.39327999,0.559
QY267,QY267,2000,7.444392049,1.3332554,168.2179975,16.49560421,1379.999995,Calcareous,2.081702906,6.68424,1.41,0.915837573,0,0.230660097,12.53684645,12.32372006,0.5775
QY267,QY267,2001,7.680684852,1.3332554,168.2179975,16.19531116,1379.999995,Calcareous,2.097065225,6.679312,1.14,0.911215675,0,0.233476895,12.44031168,12.22882638,0.596
QY267,QY267,2002,7.916977655,1.3332554,168.2179975,15.89501811,1379.999995,Calcareous,2.092717399,6.69788,2.09,0.894478039,0,0.236419727,12.47691833,12.26481072,0.6145
QY267,QY267,2003,8.153270459,1.3332554,168.2179975,15.59472506,1379.999995,Calcareous,2.087644935,6.65784,0.85,1.108134165,0,0.239322743,12.9782788,12.75764806,0.633
QY267,QY267,2004,8.389563262,1.3332554,168.2179975,15.294432,1379.999995,Calcareous,2.085760877,6.681512,1.31,1.238375774,0,0.242509559,13.98719959,13.7494172,0.6515
QY267,QY267,2005,8.625856065,1.3332554,168.2179975,14.99413895,1379.999995,Calcareous,2.086123196,6.671392,1.31,1.37647536,0,0.245737011,13.11857348,12.89555773,0.67
QY267,QY267,2006,8.862148868,1.3332554,168.2179975,14.6938459,1379.999995,Calcareous,2.087427543,6.684768,1.55,1.380902923,0,0.249126841,11.90466099,11.70228175,0.6885
QY267,QY267,2007,9.098441672,1.3332554,168.2179975,14.39355285,1379.999995,Calcareous,2.089492761,6.676496,1.18,1.394983745,0,0.25262584,11.74593953,11.54625855,0.707
QY267,QY267,2008,9.334734475,1.3332554,168.2179975,14.09325979,1379.999995,Calcareous,2.087862326,6.670952,1.11,1.413550457,0,0.256270288,11.62258995,11.42500592,0.7255
QY267,QY267,2009,9.571027278,1.3332554,168.2179975,13.79296674,1379.999995,Calcareous,2.084239138,6.663032,0.95,1.450637637,0,0.260017592,10.97213884,10.78561248,0.744
QY267,QY267,2010,9.571027278,1.3332554,168.2179975,13.49267369,1379.999995,Calcareous,2.08735508,6.660128,0.91,1.468998569,0,0.263908065,10.26725275,10.09270945,0.7625
QY267,QY267,2011,8.862062294,1.3332554,168.2179975,13.19238064,1379.999995,Calcareous,2.090543485,6.624576,0.6,1.516187176,0,0.267838533,10.43267526,10.25531978,0.781
QY267,QY267,2012,8.153097311,1.3332554,168.2179975,12.89208758,1379.999995,Calcareous,2.095217399,6.64816,0.98,1.547398318,0,0.27155717,10.6092074,10.42885088,0.7995
QY267,QY267,2013,7.444132327,1.3332554,168.2179975,12.59179453,1379.999995,Calcareous,2.099492761,6.603896,0.43,1.575526782,0,0.274973511,10.6287304,10.44804198,0.818
QY267,QY267,2014,6.735167344,1.3332554,168.2179975,12.29150148,1379.999995,Calcareous,2.093333341,6.666112,1.16,1.659759405,0,0.278219501,10.58106172,10.40118367,0.8365
QY267,QY267,2015,6.02620236,1.3332554,168.2179975,11.99120843,1379.999995,Calcareous,2.096304355,6.6508,0.93,2.019439904,0,0.281146906,10.58199538,10.40210146,0.84
QY267,QY267,2016,5.317237377,1.3332554,168.2179975,11.69091537,1379.999995,Calcareous,2.100579717,6.661712,1.24,2.066142812,0,0.283970267,10.58297563,10.40306504,0.84
QY267,QY267,2017,4.608272393,1.3332554,168.2179975,11.39062232,1379.999995,Calcareous,2.101702906,6.65212,0.95,1.914269916,0,0.28649592,10.94431104,10.75825775,0.84
QY267,QY267,2018,3.89930741,1.3332554,168.2179975,11.09032927,1379.999995,Calcareous,2.100724645,6.650184,0.93,1.999866182,0,0.288728832,10.39229669,10.21562765,0.84
QY267,QY267,2019,3.190342426,1.3332554,168.2179975,10.79003622,1379.999995,Calcareous,2.11967392,6.64728,0.91,1.99334088,0,0.2907494,10.16169848,9.988949603,0.84
QY270,QY270,1985,5.163778925,1.207096556,249.5,13.3958985,1379.999995,Calcareous,3.294528997,6.700784,1.47,0.218480633,0,0.406252464,8.393124447,8.250441332,0.3
QY270,QY270,1986,5.163778925,1.207096556,249.5,13.20434159,1379.999995,Calcareous,3.248695663,6.699464,1.48,0.227252177,0,0.407950576,8.941292215,8.789290247,0.3185
QY270,QY270,1987,5.163778925,1.207096556,249.5,13.01278467,1379.999995,Calcareous,3.206557982,6.697704,1.53,0.271079376,0,0.409606666,8.114461789,7.976515939,0.337
QY270,QY270,1988,5.163778925,1.207096556,249.5,12.82122775,1379.999995,Calcareous,3.168550736,6.694008,1.2,0.280110906,0,0.411311517,8.171971077,8.033047569,0.3555
QY270,QY270,1989,5.163778925,1.207096556,249.5,12.62967084,1379.999995,Calcareous,3.127753634,6.692336,1.2,0.316148948,0,0.41305111,8.17141429,8.032500247,0.374
QY270,QY270,1990,5.163778925,1.207096556,249.5,12.43811392,1379.999995,Calcareous,3.089239141,6.695152,1.47,0.352535968,0,0.414794435,8,7.864,0.3925
QY270,QY270,1991,5.41653471,1.207096556,249.5,12.246557,1379.999995,Calcareous,3.0519203,6.692512,1.48,0.366536228,0,0.416516537,7.883555119,7.749534682,0.411
QY270,QY270,1992,5.669290495,1.207096556,249.5,12.05500009,1379.999995,Calcareous,3.016050735,6.691544,1.53,0.37765338,0,0.41833091,8.341791284,8.199980833,0.4295
QY270,QY270,1993,5.92204628,1.207096556,249.5,11.86344317,1379.999995,Calcareous,2.980942039,6.689168,1.2,0.394887087,0,0.420195245,8.341791284,8.199980833,0.448
QY270,QY270,1994,6.174802065,1.207096556,249.5,11.67188625,1379.999995,Calcareous,2.945652184,6.702544,1.95,0.387489085,0,0.422198661,8.273540462,8.132890274,0.4665
QY270,QY270,1995,6.42755785,1.207096556,249.5,11.48032934,1379.999995,Calcareous,2.910833343,6.68336,0.89,0.451908563,0,0.424179652,8.222777943,8.082990718,0.485
QY270,QY270,1996,6.680313635,1.207096556,249.5,11.28877242,1379.999995,Calcareous,2.882898561,6.692952,1.47,0.447498188,0,0.426426073,8.06036808,7.923341823,0.5035
QY270,QY270,1997,6.93306942,1.207096556,249.5,11.0972155,1379.999995,Calcareous,2.858043488,6.699464,1.98,0.430295518,0,0.428678194,8.266988007,8.126449211,0.522
QY270,QY270,1998,7.185825205,1.207096556,249.5,10.90565859,1379.999995,Calcareous,2.831956532,6.6926,1.33,0.452137499,0,0.430916459,8.443002891,8.299471841,0.5405
QY270,QY270,1999,7.43858099,1.207096556,249.5,10.71410167,1379.999995,Calcareous,2.806884068,6.687496,1,0.460134788,0,0.433340329,8.405072901,8.262186662,0.559
QY270,QY270,2000,7.691336775,1.207096556,249.5,10.52254475,1379.999995,Calcareous,2.791268126,6.68952,1.41,0.4702463,0,0.435909744,8.35789763,8.21581337,0.5775
QY270,QY270,2001,7.94409256,1.207096556,249.5,10.33098784,1379.999995,Calcareous,2.777608705,6.684944,1.14,0.47767002,0,0.438503891,8.293541121,8.152550922,0.596
QY270,QY270,2002,8.196848345,1.207096556,249.5,10.13943092,1379.999995,Calcareous,2.751231894,6.7036,2.09,0.461721484,0,0.441240041,8.317945555,8.176540481,0.6145
QY270,QY270,2003,8.44960413,1.207096556,249.5,9.947874002,1379.999995,Calcareous,2.724782618,6.666464,0.85,0.56321158,0,0.443896633,8.652185868,8.505098709,0.633
QY270,QY270,2004,8.702359915,1.207096556,249.5,9.756317085,1379.999995,Calcareous,2.700942038,6.692512,1.31,0.617005102,0,0.446854198,9.324799729,9.166278133,0.6515
QY270,QY270,2005,8.9551157,1.207096556,249.5,9.564760169,1379.999995,Calcareous,2.678985517,6.68292,1.31,0.676742129,0,0.449804956,8.745715653,8.597038487,0.67
QY270,QY270,2006,9.207871485,1.207096556,249.5,9.373203252,1379.999995,Calcareous,2.658043487,6.695944,1.55,0.677384676,0,0.452893987,7.936440658,7.801521167,0.6885
QY270,QY270,2007,9.46062727,1.207096556,249.5,9.181646335,1379.999995,Calcareous,2.637971024,6.689344,1.18,0.687984464,0,0.456086799,7.83062635,7.697505702,0.707
QY270,QY270,2008,9.713383055,1.207096556,249.5,8.990089418,1379.999995,Calcareous,2.61579711,6.685648,1.11,0.697996348,0,0.459446522,7.7483933,7.616670614,0.7255
QY270,QY270,2009,9.96613884,1.207096556,249.5,8.798532501,1379.999995,Calcareous,2.592681168,6.679928,0.95,0.71772272,0,0.462914063,7.314759226,7.19040832,0.744
QY270,QY270,2010,9.96613884,1.207096556,249.5,8.606975585,1379.999995,Calcareous,2.574420299,6.679488,0.91,0.727768924,0,0.466534474,6.844835166,6.728472968,0.7625
QY270,QY270,2011,9.227906333,1.207096556,249.5,8.415418668,1379.999995,Calcareous,2.556594212,6.649128,0.6,0.753632657,0,0.47019558,6.95511684,6.836879854,0.781
QY270,QY270,2012,8.489673827,1.207096556,249.5,8.223861751,1379.999995,Calcareous,2.540072473,6.667344,0.98,0.771932669,0,0.473641371,7.072804937,6.952567253,0.7995
QY270,QY270,2013,7.75144132,1.207096556,249.5,8.032304834,1379.999995,Calcareous,2.523586965,6.634608,0.43,0.785062676,0,0.476740972,7.085820268,6.965361323,0.818
QY270,QY270,2014,7.013208813,1.207096556,249.5,7.840747917,1379.999995,Calcareous,2.500507255,6.68732,1.16,0.831344725,0,0.479689256,7.054041147,6.934122447,0.8365
QY270,QY270,2015,6.274976307,1.207096556,249.5,7.649191001,1379.999995,Calcareous,2.48387682,6.674032,0.93,0.951669639,0,0.48224605,7.054663585,6.934734304,0.84
QY270,QY270,2016,5.5367438,1.207096556,249.5,7.457634084,1379.999995,Calcareous,2.468442038,6.682744,1.24,0.971584703,0,0.484610946,7.055317086,6.935376696,0.84
QY270,QY270,2017,4.798511293,1.207096556,249.5,7.266077167,1379.999995,Calcareous,2.451231893,6.67632,0.95,0.91790514,0,0.486630794,7.29620736,7.172171835,0.84
QY270,QY270,2018,4.060278787,1.207096556,249.5,7.07452025,1379.999995,Calcareous,2.432898559,6.675792,0.93,0.94702361,0,0.488396582,6.928197795,6.810418433,0.84
QY270,QY270,2019,3.32204628,1.207096556,249.5,6.882963333,1379.999995,Calcareous,2.428188414,6.673768,0.91,0.945474777,0,0.489918817,6.774465652,6.659299736,0.84
QY274,QY274,1985,5.153609181,1.377063064,182.6476553,42.80423353,1379.999995,Calcareous,2.196086964,6.703248,1.47,0.489117788,0,0.117472391,11.54054611,11.34435683,0.3
QY274,QY274,1986,5.153609181,1.377063064,182.6476553,42.19214716,1379.999995,Calcareous,2.171630442,6.700432,1.48,0.527278468,0,0.119746804,12.2942768,12.08527409,0.3185
QY274,QY274,1987,5.153609181,1.377063064,182.6476553,41.58006078,1379.999995,Calcareous,2.15217392,6.699376,1.53,0.622290505,0,0.122014221,11.15738496,10.96770942,0.337
QY274,QY274,1988,5.153609181,1.377063064,182.6476553,40.9679744,1379.999995,Calcareous,2.138079718,6.692776,1.2,0.624080784,0,0.124325308,11.23646023,11.04544041,0.3555
QY274,QY274,1989,5.153609181,1.377063064,182.6476553,40.35588802,1379.999995,Calcareous,2.119710152,6.690136,1.2,0.703596817,0,0.126648971,11.23569465,11.04468784,0.374
QY274,QY274,1990,5.153609181,1.377063064,182.6476553,39.74380164,1379.999995,Calcareous,2.103876819,6.693656,1.47,0.784062341,0,0.128995012,11,10.813,0.3925
QY274,QY274,1991,5.404331017,1.377063064,182.6476553,39.13171526,1379.999995,Calcareous,2.08909421,6.690488,1.48,0.803443926,0,0.13135189,10.83988829,10.65561019,0.411
QY274,QY274,1992,5.655052853,1.377063064,182.6476553,38.51962888,1379.999995,Calcareous,2.075652181,6.690576,1.53,0.820984009,0,0.133802136,11.46996302,11.27497364,0.4295
QY274,QY274,1993,5.905774689,1.377063064,182.6476553,37.90754251,1379.999995,Calcareous,2.062644935,6.684416,1.2,0.857101724,0,0.136328877,11.46996302,11.27497364,0.448
QY274,QY274,1994,6.156496525,1.377063064,182.6476553,37.29545613,1379.999995,Calcareous,2.048768123,6.697352,1.95,0.827715611,0,0.138975919,11.37611814,11.18272413,0.4665
QY274,QY274,1995,6.407218361,1.377063064,182.6476553,36.68336975,1379.999995,Calcareous,2.034927543,6.677816,0.89,1.000584972,0,0.141646999,11.30631967,11.11411224,0.485
QY274,QY274,1996,6.657940197,1.377063064,182.6476553,36.07128337,1379.999995,Calcareous,2.029963775,6.686968,1.47,0.952907831,0,0.144541936,11.08300611,10.89459501,0.5035
QY274,QY274,1997,6.908662034,1.377063064,182.6476553,35.45919699,1379.999995,Calcareous,2.028695659,6.694184,1.98,0.897241719,0,0.147466837,11.36710851,11.17386767,0.522
QY274,QY274,1998,7.15938387,1.377063064,182.6476553,34.84711061,1379.999995,Calcareous,2.025217398,6.691016,1.33,0.927285503,0,0.150413841,11.60912897,11.41177378,0.5405
QY274,QY274,1999,7.410105706,1.377063064,182.6476553,34.23502424,1379.999995,Calcareous,2.022608703,6.681952,1,0.946600636,0,0.153505441,11.55697524,11.36050666,0.559
QY274,QY274,2000,7.660827542,1.377063064,182.6476553,33.62293786,1379.999995,Calcareous,2.032427543,6.684152,1.41,1.007534728,0,0.156717093,11.49210924,11.29674338,0.5775
QY274,QY274,2001,7.911549378,1.377063064,182.6476553,33.01085148,1379.999995,Calcareous,2.044601456,6.681336,1.14,0.996462377,0,0.160006137,11.40361904,11.20975752,0.596
QY274,QY274,2002,8.162271214,1.377063064,182.6476553,32.3987651,1379.999995,Calcareous,2.038804355,6.697528,2.09,0.984438096,0,0.163405547,11.43717514,11.24274316,0.6145
QY274,QY274,2003,8.41299305,1.377063064,182.6476553,31.78667872,1379.999995,Calcareous,2.032318848,6.663384,0.85,1.226670338,0,0.166806066,11.89675557,11.69451072,0.633
QY274,QY274,2004,8.663714886,1.377063064,182.6476553,31.17459234,1379.999995,Calcareous,2.028804355,6.682656,1.31,1.372831894,0,0.170473202,12.82159963,12.60363243,0.6515
QY274,QY274,2005,8.914436723,1.377063064,182.6476553,30.56250596,1379.999995,Calcareous,2.027391311,6.673592,1.31,1.530808182,0,0.174223174,12.02535902,11.82092792,0.67
QY274,QY274,2006,9.165158559,1.377063064,182.6476553,29.95041959,1379.999995,Calcareous,2.026847833,6.685208,1.55,1.537878294,0,0.178129246,10.9126059,10.7270916,0.6885
QY274,QY274,2007,9.415880395,1.377063064,182.6476553,29.33833321,1379.999995,Calcareous,2.027065224,6.677992,1.18,1.550923847,0,0.18212715,10.76711123,10.58407034,0.707
QY274,QY274,2008,9.666602231,1.377063064,182.6476553,28.72624683,1379.999995,Calcareous,2.02391305,6.672008,1.11,1.571517539,0,0.18625486,10.65404079,10.47292209,0.7255
QY274,QY274,2009,9.917324067,1.377063064,182.6476553,28.11416045,1379.999995,Calcareous,2.018949282,6.66444,0.95,1.612156144,0,0.19048414,10.05779394,9.886811439,0.744
QY274,QY274,2010,9.917324067,1.377063064,182.6476553,27.50207407,1379.999995,Calcareous,2.020181166,6.660304,0.91,1.632141483,0,0.194842176,9.411648354,9.251650332,0.7625
QY274,QY274,2011,9.182707469,1.377063064,182.6476553,26.88998769,1379.999995,Calcareous,2.021557978,6.627832,0.6,1.681445564,0,0.199221392,9.563285655,9.400709799,0.781
QY274,QY274,2012,8.448090872,1.377063064,182.6476553,26.27790132,1379.999995,Calcareous,2.024311601,6.649568,0.98,1.714155239,0,0.203374763,9.725106788,9.559779972,0.7995
QY274,QY274,2013,7.713474274,1.377063064,182.6476553,25.66581494,1379.999995,Calcareous,2.026702906,6.60856,0.43,1.745964226,0,0.207228114,9.743002868,9.577371819,0.818
QY274,QY274,2014,6.978857677,1.377063064,182.6476553,25.05372856,1379.999995,Calcareous,2.019637688,6.664352,1.16,1.837429389,0,0.210884582,9.699306577,9.534418365,0.8365
QY274,QY274,2015,6.244241079,1.377063064,182.6476553,24.44164218,1379.999995,Calcareous,2.020869572,6.6508,0.93,2.27337959,0,0.21422907,9.70016243,9.535259668,0.84
QY274,QY274,2016,5.509624482,1.377063064,182.6476553,23.8295558,1379.999995,Calcareous,2.023369572,6.660656,1.24,2.326772735,0,0.217483596,9.701060994,9.536142957,0.84
QY274,QY274,2017,4.775007884,1.377063064,182.6476553,23.21746942,1379.999995,Calcareous,2.023007253,6.651504,0.95,2.144898108,0,0.220446345,10.03228512,9.861736274,0.84
QY274,QY274,2018,4.040391287,1.377063064,182.6476553,22.60538305,1379.999995,Calcareous,2.020760877,6.649304,0.93,2.248253573,0,0.223096684,9.526271968,9.364325345,0.84
QY274,QY274,2019,3.305774689,1.377063064,182.6476553,21.99329667,1379.999995,Calcareous,2.036775369,6.646136,0.91,2.23987733,0,0.22552374,9.314890271,9.156537136,0.84
QY278,QY278,1985,4.983659351,1.664208361,235.5,21,1389.999986,Calcareous,2.703345352,6.70844,1.47,0.240229362,4.075239462,0.198,14.68796778,14.43827233,0.3
QY278,QY278,1986,4.983659351,1.664208361,235.5,20.69970695,1389.999986,Calcareous,2.676187078,6.706944,1.48,0.2524256,4.207598022,0.201393504,15.64726138,15.38125793,0.3185
QY278,QY278,1987,4.983659351,1.664208361,235.5,20.3994139,1389.999986,Calcareous,2.653956862,6.706328,1.53,0.308286671,4.58213038,0.204796716,14.20030813,13.95890289,0.337
QY278,QY278,1988,4.983659351,1.664208361,235.5,20.09912084,1389.999986,Calcareous,2.638453265,6.700608,1.2,0.32053816,4.878349715,0.208384283,14.30094939,14.05783325,0.3555
QY278,QY278,1989,4.983659351,1.664208361,235.5,19.79882779,1389.999986,Calcareous,2.617410099,6.698848,1.2,0.370217275,4.886647147,0.212095169,14.29997501,14.05687543,0.374
QY278,QY278,1990,4.983659351,1.664208361,235.5,19.49853474,1389.999986,Calcareous,2.599352545,6.702632,1.47,0.420217447,4.895086365,0.215816025,14,13.762,0.3925
QY278,QY278,1991,5.200391221,1.664208361,235.5,19.19824169,1389.999986,Calcareous,2.582410099,6.699904,1.48,0.439402416,4.651611775,0.219536478,13.79622146,13.56168569,0.411
QY278,QY278,1992,5.417123091,1.664208361,235.5,18.89794863,1389.999986,Calcareous,2.566978444,6.700256,1.53,0.456823162,4.412384546,0.223249074,14.59813475,14.34996646,0.4295
QY278,QY278,1993,5.633854961,1.664208361,235.5,18.59765558,1389.999986,Calcareous,2.551906501,6.696208,1.2,0.475456114,4.922075648,0.226919943,14.59813475,14.34996646,0.448
QY278,QY278,1994,5.850586831,1.664208361,235.5,18.29736253,1389.999986,Calcareous,2.536115134,6.70536,1.95,0.466137761,5.039272172,0.230879392,14.47869581,14.23255798,0.4665
QY278,QY278,1995,6.067318701,1.664208361,235.5,17.99706948,1389.999986,Calcareous,2.520179882,6.69524,0.89,0.542293667,5.198673775,0.234882332,14.3898614,14.14523376,0.485
QY278,QY278,1996,6.284050571,1.664208361,235.5,17.69677642,1389.999986,Calcareous,2.515503623,6.698584,1.47,0.535132026,5.54548007,0.239141719,14.10564414,13.86584819,0.5035
QY278,QY278,1997,6.500782442,1.664208361,235.5,17.39648337,1389.999986,Calcareous,2.515575565,6.7036,1.98,0.510393139,6.106458048,0.24354713,14.46722901,14.22128612,0.522
QY278,QY278,1998,6.717514312,1.664208361,235.5,17.09619032,1389.999986,Calcareous,2.513021609,6.7036,1.33,0.534400262,6.555543033,0.248155052,14.77525506,14.52407572,0.5405
QY278,QY278,1999,6.934246182,1.664208361,235.5,16.79589727,1389.999986,Calcareous,2.51158276,6.698056,1,0.546449044,7.075766734,0.253063116,14.70887758,14.45882666,0.559
QY278,QY278,2000,7.150978052,1.664208361,235.5,16.49560421,1389.999986,Calcareous,2.525935278,6.697616,1.41,0.557072115,7.265568676,0.258270083,14.62632085,14.3776734,0.5775
QY278,QY278,2001,7.367709922,1.664208361,235.5,16.19531116,1389.999986,Calcareous,2.543093551,6.696208,1.14,0.561581632,7.489701766,0.263582592,14.51369696,14.26696411,0.596
QY278,QY278,2002,7.584441792,1.664208361,235.5,15.89501811,1389.999986,Calcareous,2.537482041,6.70712,2.09,0.550166485,7.495488291,0.269088849,14.55640472,14.30894584,0.6145
QY278,QY278,2003,7.801173662,1.664208361,235.5,15.59472506,1389.999986,Calcareous,2.530863335,6.684768,0.85,0.678856088,7.565966223,0.274559113,15.14132527,14.88392274,0.633
QY278,QY278,2004,8.017905532,1.664208361,235.5,15.294432,1389.999986,Calcareous,2.527949666,6.700432,1.31,0.736796446,7.886993174,0.280282901,16.31839953,16.04098673,0.6515
QY278,QY278,2005,8.234637403,1.664208361,235.5,14.99413895,1389.999986,Calcareous,2.527805781,6.692424,1.31,0.810698615,8.230749713,0.286126544,15.30500239,15.04481735,0.67
QY278,QY278,2006,8.451369273,1.664208361,235.5,14.6938459,1389.999986,Calcareous,2.528848947,6.702456,1.55,0.814878295,8.552436098,0.292223391,13.88877115,13.65266204,0.6885
QY278,QY278,2007,8.668101143,1.664208361,235.5,14.39355285,1389.999986,Calcareous,2.530791393,6.6992,1.18,0.825094092,8.77776106,0.298536904,13.70359611,13.47063498,0.707
QY278,QY278,2008,8.884833013,1.664208361,235.5,14.09325979,1389.999986,Calcareous,2.528453263,6.694888,1.11,0.837781255,7.246519759,0.305060752,13.55968828,13.32917358,0.7255
QY278,QY278,2009,9.101564883,1.664208361,235.5,13.79296674,1389.999986,Calcareous,2.522733839,6.69128,0.95,0.861426597,7.43287523,0.311122592,12.80082865,12.58321456,0.744
QY278,QY278,2010,9.101564883,1.664208361,235.5,13.49267369,1389.999986,Calcareous,2.525431681,6.688992,0.91,0.873426363,7.625475199,0.317380532,11.97846154,11.77482769,0.7625
QY278,QY278,2011,8.427374892,1.664208361,235.5,13.19238064,1389.999986,Calcareous,2.528381321,6.666904,0.6,0.899727946,7.504427881,0.323744348,12.17145447,11.96453974,0.781
QY278,QY278,2012,7.7531849,1.664208361,235.5,12.89208758,1389.999986,Calcareous,2.532913695,6.67896,0.98,0.919880274,7.622231095,0.329857608,12.37740864,12.16699269,0.7995
QY278,QY278,2013,7.078994909,1.664208361,235.5,12.59179453,1389.999986,Calcareous,2.537086357,6.657576,0.43,0.936147839,7.534795746,0.335719345,12.40018547,12.18938232,0.818
QY278,QY278,2014,6.404804918,1.664208361,235.5,12.29150148,1389.999986,Calcareous,2.529172688,6.693392,1.16,0.991115844,7.52,0.341387616,12.34457201,12.13471428,0.8365
QY278,QY278,2015,5.730614926,1.664208361,235.5,11.99120843,1389.999986,Calcareous,2.531798587,6.685472,0.93,1.163882621,6.854046187,0.346733057,12.34566127,12.13578503,0.84
QY278,QY278,2016,5.056424935,1.664208361,235.5,11.69091537,1389.999986,Calcareous,2.535575566,6.690664,1.24,1.188194689,6.904246041,0.351678304,12.3468049,12.13690922,0.84
QY278,QY278,2017,4.382234944,1.664208361,235.5,11.39062232,1389.999986,Calcareous,2.53600722,6.686352,0.95,1.114102904,6.874991269,0.356347558,12.76836288,12.55130071,0.84
QY278,QY278,2018,3.708044952,1.664208361,235.5,11.09032927,1389.999986,Calcareous,2.533992832,6.686176,0.93,1.155363826,6.386657767,0.360750161,12.12434614,11.91823226,0.84
QY278,QY278,2019,3.033854961,1.664208361,235.5,10.79003622,1389.999986,Calcareous,2.554784199,6.68424,0.91,1.152524012,6.039894797,0.364762233,11.85531489,11.65377454,0.84
QY284,QY284,1985,5.114194268,1.37913174,169.1609632,55.06741647,1379.999995,Calcareous,3.696739143,6.705536,1.47,0.100052214,0,0.093027777,8.393124447,8.250441332,0.3
QY284,QY284,1986,5.114194268,1.37913174,169.1609632,54.27997063,1379.999995,Calcareous,3.646376824,6.704656,1.48,0.102614754,0,0.09533363,8.941292215,8.789290247,0.3185
QY284,QY284,1987,5.114194268,1.37913174,169.1609632,53.4925248,1379.999995,Calcareous,3.600036244,6.704128,1.53,0.12217596,0,0.097633691,8.114461789,7.976515939,0.337
QY284,QY284,1988,5.114194268,1.37913174,169.1609632,52.70507896,1379.999995,Calcareous,3.55764494,6.700872,1.2,0.127306979,0,0.099941953,8.171971077,8.033047569,0.3555
QY284,QY284,1989,5.114194268,1.37913174,169.1609632,51.91763312,1379.999995,Calcareous,3.512536244,6.700168,1.2,0.142952055,0,0.102256656,8.17141429,8.032500247,0.374
QY284,QY284,1990,5.114194268,1.37913174,169.1609632,51.13018728,1379.999995,Calcareous,3.469782621,6.702544,1.47,0.158751717,0,0.104574281,8,7.864,0.3925
QY284,QY284,1991,5.357033122,1.37913174,169.1609632,50.34274145,1379.999995,Calcareous,3.428260881,6.699992,1.48,0.165596484,0,0.10688916,7.883555119,7.749534682,0.411
QY284,QY284,1992,5.599871975,1.37913174,169.1609632,49.55529561,1379.999995,Calcareous,3.388260881,6.699376,1.53,0.170687125,0,0.109291854,8.341791284,8.199980833,0.4295
QY284,QY284,1993,5.842710829,1.37913174,169.1609632,48.76784977,1379.999995,Calcareous,3.349130446,6.696648,1.2,0.178770517,0,0.111776478,8.341791284,8.199980833,0.448
QY284,QY284,1994,6.085549683,1.37913174,169.1609632,47.98040393,1379.999995,Calcareous,3.309891316,6.70668,1.95,0.176335326,0,0.114358487,8.273540462,8.132890274,0.4665
QY284,QY284,1995,6.328388536,1.37913174,169.1609632,47.1929581,1379.999995,Calcareous,3.271159432,6.695064,0.89,0.203458331,0,0.11700281,8.222777943,8.082990718,0.485
QY284,QY284,1996,6.57122739,1.37913174,169.1609632,46.40551226,1379.999995,Calcareous,3.239456533,6.699904,1.47,0.204137513,0,0.119774692,8.06036808,7.923341823,0.5035
QY284,QY284,1997,6.814066244,1.37913174,169.1609632,45.61806642,1379.999995,Calcareous,3.210905808,6.70448,1.98,0.19792825,0,0.122614274,8.266988007,8.126449211,0.522
QY284,QY284,1998,7.056905097,1.37913174,169.1609632,44.83062058,1379.999995,Calcareous,3.181340591,6.702808,1.33,0.20917037,0,0.125517386,8.443002891,8.299471841,0.5405
QY284,QY284,1999,7.299743951,1.37913174,169.1609632,44.04317475,1379.999995,Calcareous,3.152826098,6.698144,1,0.212437261,0,0.128530605,8.405072901,8.262186662,0.559
QY284,QY284,2000,7.542582804,1.37913174,169.1609632,43.25572891,1379.999995,Calcareous,3.133913054,6.69832,1.41,0.214597473,0,0.131642087,8.35789763,8.21581337,0.5775
QY284,QY284,2001,7.785421658,1.37913174,169.1609632,42.46828307,1379.999995,Calcareous,3.117173924,6.696208,1.14,0.220156329,0,0.134824068,8.293541121,8.152550922,0.596
QY284,QY284,2002,8.028260512,1.37913174,169.1609632,41.68083724,1379.999995,Calcareous,3.08786233,6.708792,2.09,0.210727718,0,0.138104474,8.317945555,8.176540481,0.6145
QY284,QY284,2003,8.271099365,1.37913174,169.1609632,40.8933914,1379.999995,Calcareous,3.058478271,6.683536,0.85,0.25462781,0,0.141427835,8.652185868,8.505098709,0.633
QY284,QY284,2004,8.513938219,1.37913174,169.1609632,40.10594556,1379.999995,Calcareous,3.031702909,6.702456,1.31,0.277683858,0,0.14489822,9.324799729,9.166278133,0.6515
QY284,QY284,2005,8.756777073,1.37913174,169.1609632,39.31849972,1379.999995,Calcareous,3.0069203,6.694448,1.31,0.302683173,0,0.14843715,8.745715653,8.597038487,0.67
QY284,QY284,2006,8.999615926,1.37913174,169.1609632,38.53105389,1379.999995,Calcareous,2.983188416,6.70492,1.55,0.302284453,0,0.152073595,7.936440658,7.801521167,0.6885
QY284,QY284,2007,9.24245478,1.37913174,169.1609632,37.74360805,1379.999995,Calcareous,2.960434793,6.701752,1.18,0.307974419,0,0.155791897,7.83062635,7.697505702,0.707
QY284,QY284,2008,9.485293633,1.37913174,169.1609632,36.95616221,1379.999995,Calcareous,2.935652184,6.698408,1.11,0.312522826,0,0.159615674,7.7483933,7.616670614,0.7255
QY284,QY284,2009,9.728132487,1.37913174,169.1609632,36.16871637,1379.999995,Calcareous,2.909963778,6.694976,0.95,0.32160612,0,0.163529646,7.314759226,7.19040832,0.744
QY284,QY284,2010,9.728132487,1.37913174,169.1609632,35.38127054,1379.999995,Calcareous,2.889166677,6.694272,0.91,0.326282688,0,0.16754419,6.844835166,6.728472968,0.7625
QY284,QY284,2011,9.007530081,1.37913174,169.1609632,34.5938247,1379.999995,Calcareous,2.868876822,6.67236,0.6,0.338890462,0,0.17156457,6.95511684,6.836879854,0.781
QY284,QY284,2012,8.286927674,1.37913174,169.1609632,33.80637886,1379.999995,Calcareous,2.85000001,6.683624,0.98,0.347810682,0,0.175340751,7.072804937,6.952567253,0.7995
QY284,QY284,2013,7.566325268,1.37913174,169.1609632,33.01893302,1379.999995,Calcareous,2.831231894,6.665496,0.43,0.353494655,0,0.178833414,7.085820268,6.965361323,0.818
QY284,QY284,2014,6.845722861,1.37913174,169.1609632,32.23148719,1379.999995,Calcareous,2.805942039,6.69964,1.16,0.375108215,0,0.182098482,7.054041147,6.934122447,0.8365
QY284,QY284,2015,6.125120455,1.37913174,169.1609632,31.44404135,1379.999995,Calcareous,2.787065227,6.691368,0.93,0.415503087,0,0.185065005,7.054663585,6.934734304,0.84
QY284,QY284,2016,5.404518048,1.37913174,169.1609632,30.65659551,1379.999995,Calcareous,2.769492763,6.696384,1.24,0.423819804,0,0.18779493,7.055317086,6.935376696,0.84
QY284,QY284,2017,4.683915642,1.37913174,169.1609632,29.86914967,1379.999995,Calcareous,2.750144937,6.69304,0.95,0.404692692,0,0.190241736,7.29620736,7.172171835,0.84
QY284,QY284,2018,3.963313235,1.37913174,169.1609632,29.08170384,1379.999995,Calcareous,2.729782618,6.692952,0.93,0.414660056,0,0.192432906,6.928197795,6.810418433,0.84
QY284,QY284,2019,3.242710829,1.37913174,169.1609632,28.294258,1379.999995,Calcareous,2.72307972,6.69128,0.91,0.414379014,0,0.194367907,6.774465652,6.659299736,0.84
QY285,QY285,1985,5.13459664,1.390191365,229.5576679,35.39973429,1230.000019,Calcareous,3.588008074,6.704304,1.47,0.162540551,0,0.292642562,8.393124447,8.250441332,0.3
QY285,QY285,1986,5.13459664,1.390191365,229.5576679,34.8935298,1230.000019,Calcareous,3.541300758,6.703072,1.48,0.167962918,0,0.295016221,8.941292215,8.789290247,0.3185
QY285,QY285,1987,5.13459664,1.390191365,229.5576679,34.38732531,1230.000019,Calcareous,3.498617832,6.70228,1.53,0.200182205,0,0.297369898,8.114461789,7.976515939,0.337
QY285,QY285,1988,5.13459664,1.390191365,229.5576679,33.88112082,1230.000019,Calcareous,3.460447101,6.698496,1.2,0.207656171,0,0.299747944,8.171971077,8.033047569,0.3555
QY285,QY285,1989,5.13459664,1.390191365,229.5576679,33.37491633,1230.000019,Calcareous,3.419146288,6.697176,1.2,0.233815797,0,0.302151053,8.17141429,8.032500247,0.374
QY285,QY285,1990,5.13459664,1.390191365,229.5576679,32.86871185,1230.000019,Calcareous,3.3802845,6.699816,1.47,0.260231083,0,0.304559008,8,7.864,0.3925
QY285,QY285,1991,5.381515968,1.390191365,229.5576679,32.36250736,1230.000019,Calcareous,3.342723525,6.697176,1.48,0.270975493,0,0.306951995,7.883555119,7.749534682,0.411
QY285,QY285,1992,5.628435296,1.390191365,229.5576679,31.85630287,1230.000019,Calcareous,3.306707266,6.696648,1.53,0.279245884,0,0.309445321,8.341791284,8.199980833,0.4295
QY285,QY285,1993,5.875354624,1.390191365,229.5576679,31.35009838,1230.000019,Calcareous,3.271463364,6.694008,1.2,0.292212168,0,0.312018436,8.341791284,8.199980833,0.448
QY285,QY285,1994,6.122273952,1.390191365,229.5576679,30.84389389,1230.000019,Calcareous,3.23597556,6.705184,1.95,0.287431092,0,0.314724956,8.273540462,8.132890274,0.4665
QY285,QY285,1995,6.36919328,1.390191365,229.5576679,30.3376894,1230.000019,Calcareous,3.20093491,6.691104,0.89,0.333552819,0,0.317451086,8.222777943,8.082990718,0.485
QY285,QY285,1996,6.616112608,1.390191365,229.5576679,29.83148491,1230.000019,Calcareous,3.173617837,6.69744,1.47,0.332319119,0,0.320401291,8.06036808,7.923341823,0.5035
QY285,QY285,1997,6.863031936,1.390191365,229.5576679,29.32528042,1230.000019,Calcareous,3.149756049,6.702632,1.98,0.320786895,0,0.323389151,8.266988007,8.126449211,0.522
QY285,QY285,1998,7.109951264,1.390191365,229.5576679,28.81907593,1230.000019,Calcareous,3.124593447,6.699728,1.33,0.337976875,0,0.326406042,8.443002891,8.299471841,0.5405
QY285,QY285,1999,7.356870592,1.390191365,229.5576679,28.31287144,1230.000019,Calcareous,3.100528407,6.694536,1,0.343626545,0,0.32959357,8.405072901,8.262186662,0.559
QY285,QY285,2000,7.60378992,1.390191365,229.5576679,27.80666696,1230.000019,Calcareous,3.087032472,6.694976,1.41,0.349275064,0,0.332917846,8.35789763,8.21581337,0.5775
QY285,QY285,2001,7.850709248,1.390191365,229.5576679,27.30046247,1230.000019,Calcareous,3.075975562,6.692512,1.14,0.356436016,0,0.336293694,8.293541121,8.152550922,0.596
QY285,QY285,2002,8.097628576,1.390191365,229.5576679,26.79425798,1230.000019,Calcareous,3.05073166,6.706768,2.09,0.342958857,0,0.339804685,8.317945555,8.176540481,0.6145
QY285,QY285,2003,8.344547904,1.390191365,229.5576679,26.28805349,1230.000019,Calcareous,3.025243856,6.678256,0.85,0.416508448,0,0.343292029,8.652185868,8.505098709,0.633
QY285,QY285,2004,8.591467232,1.390191365,229.5576679,25.781849,1230.000019,Calcareous,3.002520279,6.6992,1.31,0.455331157,0,0.347040975,9.324799729,9.166278133,0.6515
QY285,QY285,2005,8.83838656,1.390191365,229.5576679,25.27564451,1230.000019,Calcareous,2.981869872,6.690488,1.31,0.497984976,0,0.350829204,8.745715653,8.597038487,0.67
QY285,QY285,2006,9.085305888,1.390191365,229.5576679,24.76944002,1230.000019,Calcareous,2.962317027,6.701752,1.55,0.497937302,0,0.354743877,7.936440658,7.801521167,0.6885
QY285,QY285,2007,9.332225216,1.390191365,229.5576679,24.26323553,1230.000019,Calcareous,2.943739792,6.697616,1.18,0.506457192,0,0.358751212,7.83062635,7.697505702,0.707
QY285,QY285,2008,9.579144544,1.390191365,229.5576679,23.75703104,1230.000019,Calcareous,2.922804833,6.694096,1.11,0.513877937,0,0.362911161,7.7483933,7.616670614,0.7255
QY285,QY285,2009,9.826063872,1.390191365,229.5576679,23.25082656,1230.000019,Calcareous,2.900691012,6.68996,0.95,0.528591239,0,0.367181381,7.314759226,7.19040832,0.744
QY285,QY285,2010,9.826063872,1.390191365,229.5576679,22.74462207,1230.000019,Calcareous,2.883983695,6.688816,0.91,0.53612282,0,0.371589193,6.844835166,6.728472968,0.7625
QY285,QY285,2011,9.098207289,1.390191365,229.5576679,22.23841758,1230.000019,Calcareous,2.867723533,6.664968,0.6,0.555943645,0,0.376017207,6.95511684,6.836879854,0.781
QY285,QY285,2012,8.370350706,1.390191365,229.5576679,21.73221309,1230.000019,Calcareous,2.852926785,6.678696,0.98,0.56996761,0,0.380192708,7.072804937,6.952567253,0.7995
QY285,QY285,2013,7.642494123,1.390191365,229.5576679,21.2260086,1230.000019,Calcareous,2.838170688,6.656256,0.43,0.579486317,0,0.384015646,7.085820268,6.965361323,0.818
QY285,QY285,2014,6.91463754,1.390191365,229.5576679,20.71980411,1230.000019,Calcareous,2.816016216,6.695152,1.16,0.614236037,0,0.387629548,7.054041147,6.934122447,0.8365
QY285,QY285,2015,6.186780956,1.390191365,229.5576679,20.21359962,1230.000019,Calcareous,2.800894266,6.685296,0.93,0.692595474,0,0.390851793,7.054663585,6.934734304,0.84
QY285,QY285,2016,5.458924373,1.390191365,229.5576679,19.70739513,1230.000019,Calcareous,2.787113778,6.69128,1.24,0.706802061,0,0.393836939,7.055317086,6.935376696,0.84
QY285,QY285,2017,4.73106779,1.390191365,229.5576679,19.20119064,1230.000019,Calcareous,2.77134142,6.686968,0.95,0.671005115,0,0.396472473,7.29620736,7.172171835,0.84
QY285,QY285,2018,4.003211207,1.390191365,229.5576679,18.69498616,1230.000019,Calcareous,2.75426825,6.686352,0.93,0.690113543,0,0.398829164,6.928197795,6.810418433,0.84
QY285,QY285,2019,3.275354624,1.390191365,229.5576679,18.18878167,1230.000019,Calcareous,2.752357681,6.68468,0.91,0.689286147,0,0.400904005,6.774465652,6.659299736,0.84
QY291,QY291,1985,5.929605925,1.404456085,100,7.289262374,1250,Non-calcareous,1.96476,6.061024,1.47,0.136952264,0,0.282195879,13.63882723,13.40696716,0.3
QY291,QY291,1986,5.929605925,1.404456085,100,7.185028334,1250,Non-calcareous,1.94764,5.974432,1.48,0.143670723,0,0.281652677,14.52959985,14.28259665,0.3185
QY291,QY291,1987,5.929605925,1.404456085,100,7.080794293,1250,Non-calcareous,1.93708,5.908168,1.53,0.174112185,0,0.280600805,13.18600041,12.9618384,0.337
QY291,QY291,1988,5.929605925,1.404456085,100,6.976560253,1250,Non-calcareous,1.9334,5.857392,1.2,0.180463704,0,0.279579814,13.279453,13.0537023,0.3555
QY291,QY291,1989,5.929605925,1.404456085,100,6.872326212,1250,Non-calcareous,1.924,5.812072,1.2,0.206979284,0,0.278614036,13.27854822,13.0528129,0.374
QY291,QY291,1990,5.929605925,1.404456085,100,6.768092172,1250,Non-calcareous,1.91772,5.776168,1.47,0.233691067,0,0.277503018,13,12.779,0.3925
QY291,QY291,1991,6.33552711,1.404456085,100,6.663858132,1250,Non-calcareous,1.91252,5.73252,1.48,0.243810162,0,0.276126771,12.81077707,12.59299386,0.411
QY291,QY291,1992,6.741448295,1.404456085,100,6.559624091,1250,Non-calcareous,1.90892,5.695648,1.53,0.252727755,0,0.274797492,13.55541084,13.32496885,0.4295
QY291,QY291,1993,7.14736948,1.404456085,100,6.455390051,1250,Non-calcareous,1.9056,5.687816,1.2,0.263377281,0,0.273271407,13.55541084,13.32496885,0.448
QY291,QY291,1994,7.553290665,1.404456085,100,6.35115601,1250,Non-calcareous,1.90092,5.693888,1.95,0.258123484,0,0.272246463,13.44450325,13.2159467,0.4665
QY291,QY291,1995,7.95921185,1.404456085,100,6.24692197,1250,Non-calcareous,1.89604,5.610112,0.89,0.300930991,0,0.270754751,13.36201416,13.13485992,0.485
QY291,QY291,1996,8.365133035,1.404456085,100,6.14268793,1250,Non-calcareous,1.90256,5.624104,1.47,0.296810714,0,0.270189909,13.09809813,12.87543046,0.5035
QY291,QY291,1997,8.77105422,1.404456085,100,6.038453889,1250,Non-calcareous,1.91368,5.631848,1.98,0.283541411,0,0.269361323,13.43385551,13.20547997,0.522
QY291,QY291,1998,9.176975405,1.404456085,100,5.934219849,1250,Non-calcareous,1.92176,5.588464,1.33,0.297004977,0,0.268202849,13.7198797,13.48664174,0.5405
QY291,QY291,1999,9.58289659,1.404456085,100,5.829985808,1250,Non-calcareous,1.93076,5.559248,1,0.303310355,0,0.267694694,13.65824346,13.42605333,0.559
QY291,QY291,2000,9.988817775,1.404456085,100,5.725751768,1250,Non-calcareous,1.95576,5.54068,1.41,0.309910236,0,0.267679224,13.58158365,13.35069673,0.5775
QY291,QY291,2001,10.39473896,1.404456085,100,5.621517727,1250,Non-calcareous,1.98376,5.54288,1.14,0.312802877,0,0.267405524,13.47700432,13.24789525,0.596
QY291,QY291,2002,10.80066015,1.404456085,100,5.517283687,1250,Non-calcareous,1.98812,5.579312,2.09,0.305485787,0,0.267771669,13.51666153,13.28687828,0.6145
QY291,QY291,2003,11.20658133,1.404456085,100,5.413049647,1250,Non-calcareous,1.99132,5.461216,0.85,0.375981511,0,0.26747958,14.05980204,13.8207854,0.633
QY291,QY291,2004,11.61250252,1.404456085,100,5.308815606,1250,Non-calcareous,1.9982,5.496416,1.31,0.409534142,0,0.268155114,15.15279956,14.89520197,0.6515
QY291,QY291,2005,12.0184237,1.404456085,100,5.204581566,1250,Non-calcareous,2.00764,5.477232,1.31,0.450488333,0,0.26840237,14.21178794,13.97018754,0.67
QY291,QY291,2006,12.42434489,1.404456085,100,5.100347525,1250,Non-calcareous,2.018,5.489464,1.55,0.452318997,0,0.26902449,12.89671607,12.6774719,0.6885
QY291,QY291,2007,12.83026607,1.404456085,100,4.996113485,1250,Non-calcareous,2.0292,5.464208,1.18,0.458272364,0,0.269946014,12.72476782,12.50844677,0.707
QY291,QY291,2008,13.23618726,1.404456085,100,4.891879445,1250,Non-calcareous,2.0358,5.467992,1.11,0.465184304,0,0.271469395,12.59113911,12.37708975,0.7255
QY291,QY291,2009,13.64210844,1.404456085,100,4.787645404,1250,Non-calcareous,2.03992,5.441944,0.95,0.478273813,0,0.27333416,11.88648374,11.68441352,0.744
QY291,QY291,2010,13.64210844,1.404456085,100,4.683411364,1250,Non-calcareous,2.05188,5.456112,0.91,0.484914985,0,0.275650448,11.12285715,10.93376857,0.7625
QY291,QY291,2011,12.63158189,1.404456085,100,4.579177323,1250,Non-calcareous,2.06384,5.403664,0.6,0.500187867,0,0.278285725,11.30206487,11.10992976,0.781
QY291,QY291,2012,11.62105534,1.404456085,100,4.474943283,1250,Non-calcareous,2.07748,5.447664,0.98,0.511572799,0,0.280757683,11.49330802,11.29792179,0.7995
QY291,QY291,2013,10.61052879,1.404456085,100,4.370709242,1250,Non-calcareous,2.09048,5.389496,0.43,0.520549186,0,0.282476108,11.51445794,11.31871215,0.818
QY291,QY291,2014,9.600002236,1.404456085,100,4.266475202,1250,Non-calcareous,2.09092,5.489112,1.16,0.551014308,0,0.284404534,11.46281686,11.26794898,0.8365
QY291,QY291,2015,8.589475684,1.404456085,100,4.162241162,1250,Non-calcareous,2.10208,5.42628,0.93,0.644275274,0,0.285347862,11.46382833,11.26894324,0.84
QY291,QY291,2016,7.578949133,1.404456085,100,4.058007121,1250,Non-calcareous,2.11468,5.457256,1.24,0.657809701,0,0.285973668,11.46489027,11.26998713,0.84
QY291,QY291,2017,6.568422582,1.404456085,100,3.953773081,1250,Non-calcareous,2.12344,5.451008,0.95,0.617522906,0,0.285897663,11.85633696,11.65477923,0.84
QY291,QY291,2018,5.557896031,1.404456085,100,3.84953904,1250,Non-calcareous,2.12952,5.413784,0.93,0.63985155,0,0.285658664,11.25832142,11.06692995,0.84
QY291,QY291,2019,4.54736948,1.404456085,100,3.745305,1250,Non-calcareous,2.15928,5.431736,0.91,0.638376854,0,0.28501105,11.00850668,10.82136207,0.84
QY293,QY293,1985,5.311607534,1.36587176,177.0811153,35.15064476,1379.999995,Calcareous,2.860181169,6.708352,1.47,0.119956346,0,0.13780101,9.442265003,9.281746498,0.3
QY293,QY293,1986,5.311607534,1.36587176,177.0811153,34.64800217,1379.999995,Calcareous,2.823188416,6.707032,1.48,0.126051168,0,0.14005145,10.05895374,9.887951528,0.3185
QY293,QY293,1987,5.311607534,1.36587176,177.0811153,34.14535958,1379.999995,Calcareous,2.790289865,6.707208,1.53,0.150562199,0,0.142288301,9.128769513,8.973580431,0.337
QY293,QY293,1988,5.311607534,1.36587176,177.0811153,33.64271699,1379.999995,Calcareous,2.761920299,6.703336,1.2,0.154645967,0,0.144540931,9.193467462,9.037178515,0.3555
QY293,QY293,1989,5.311607534,1.36587176,177.0811153,33.1400744,1379.999995,Calcareous,2.730217401,6.70228,1.2,0.175187364,0,0.146805512,9.192841076,9.036562778,0.374
QY293,QY293,1990,5.311607534,1.36587176,177.0811153,32.63743181,1379.999995,Calcareous,2.700869575,6.705184,1.47,0.195924963,0,0.14907262,9,8.847,0.3925
QY293,QY293,1991,5.593929041,1.36587176,177.0811153,32.13478922,1379.999995,Calcareous,2.672644937,6.702456,1.48,0.203230674,0,0.151331578,8.868999509,8.718226517,0.411
QY293,QY293,1992,5.876250547,1.36587176,177.0811153,31.63214663,1379.999995,Calcareous,2.645797111,6.702632,1.53,0.209334883,0,0.153691574,9.384515195,9.224978437,0.4295
QY293,QY293,1993,6.158572054,1.36587176,177.0811153,31.12950404,1379.999995,Calcareous,2.619601458,6.699288,1.2,0.218628808,0,0.156139372,9.384515195,9.224978437,0.448
QY293,QY293,1994,6.440893561,1.36587176,177.0811153,30.62686144,1379.999995,Calcareous,2.592934792,6.707472,1.95,0.213729239,0,0.158706931,9.30773302,9.149501558,0.4665
QY293,QY293,1995,6.723215068,1.36587176,177.0811153,30.12421885,1379.999995,Calcareous,2.56655798,6.698936,0.89,0.251189272,0,0.1613265,9.250625185,9.093364557,0.485
QY293,QY293,1996,7.005536574,1.36587176,177.0811153,29.62157626,1379.999995,Calcareous,2.547753632,6.701488,1.47,0.246394601,0,0.164123136,9.06791409,8.91375955,0.5035
QY293,QY293,1997,7.287858081,1.36587176,177.0811153,29.11893367,1379.999995,Calcareous,2.532173922,6.705448,1.98,0.235482273,0,0.166981533,9.300361508,9.142255363,0.522
QY293,QY293,1998,7.570179588,1.36587176,177.0811153,28.61629108,1379.999995,Calcareous,2.515108704,6.706768,1.33,0.246384501,0,0.169895676,9.498378252,9.336905822,0.5405
QY293,QY293,1999,7.852501095,1.36587176,177.0811153,28.11364849,1379.999995,Calcareous,2.498913052,6.701752,1,0.251123103,0,0.172952844,9.455707014,9.294959995,0.559
QY293,QY293,2000,8.134822601,1.36587176,177.0811153,27.6110059,1379.999995,Calcareous,2.493188414,6.700872,1.41,0.258846976,0,0.176132852,9.402634834,9.242790042,0.5775
QY293,QY293,2001,8.417144108,1.36587176,177.0811153,27.10836331,1379.999995,Calcareous,2.489601458,6.700344,1.14,0.26102435,0,0.179385307,9.330233761,9.171619787,0.596
QY293,QY293,2002,8.699465615,1.36587176,177.0811153,26.60572072,1379.999995,Calcareous,2.471521748,6.709408,2.09,0.25413642,0,0.182759552,9.35768875,9.198608041,0.6145
QY293,QY293,2003,8.981787122,1.36587176,177.0811153,26.10307812,1379.999995,Calcareous,2.453152182,6.690928,0.85,0.312125188,0,0.18615697,9.733709102,9.568236047,0.633
QY293,QY293,2004,9.264108628,1.36587176,177.0811153,25.60043553,1379.999995,Calcareous,2.437427545,6.704832,1.31,0.34304836,0,0.189758156,10.49039969,10.3120629,0.6515
QY293,QY293,2005,9.546430135,1.36587176,177.0811153,25.09779294,1379.999995,Calcareous,2.423659429,6.697528,1.31,0.377919375,0,0.193419356,9.838930109,9.671668297,0.67
QY293,QY293,2006,9.828751642,1.36587176,177.0811153,24.59515035,1379.999995,Calcareous,2.410833342,6.70668,1.55,0.3788815,0,0.197201031,8.92849574,8.776711313,0.6885
QY293,QY293,2007,10.11107315,1.36587176,177.0811153,24.09250776,1379.999995,Calcareous,2.398840588,6.704832,1.18,0.383966329,0,0.2010806,8.809454644,8.659693915,0.707
QY293,QY293,2008,10.39339466,1.36587176,177.0811153,23.58986517,1379.999995,Calcareous,2.384311602,6.701048,1.11,0.389495419,0,0.205094423,8.716942463,8.568754441,0.7255
QY293,QY293,2009,10.67571616,1.36587176,177.0811153,23.08722258,1379.999995,Calcareous,2.368550733,6.698408,0.95,0.400282449,0,0.209215147,8.22910413,8.089209359,0.744
QY293,QY293,2010,10.67571616,1.36587176,177.0811153,22.58457999,1379.999995,Calcareous,2.358043486,6.69612,0.91,0.405731509,0,0.213462107,7.700439562,7.56953209,0.7625
QY293,QY293,2011,9.884922372,1.36587176,177.0811153,22.0819374,1379.999995,Calcareous,2.347826095,6.678432,0.6,0.419260502,0,0.217721817,7.824506445,7.691489836,0.781
QY293,QY293,2012,9.094128582,1.36587176,177.0811153,21.5792948,1379.999995,Calcareous,2.338949283,6.687144,0.98,0.428833424,0,0.221722168,7.956905554,7.821638159,0.7995
QY293,QY293,2013,8.303334793,1.36587176,177.0811153,21.07665221,1379.999995,Calcareous,2.330000008,6.674208,0.43,0.436331592,0,0.225396074,7.971547801,7.836031489,0.818
QY293,QY293,2014,7.512541003,1.36587176,177.0811153,20.57400962,1379.999995,Calcareous,2.313442037,6.700168,1.16,0.461374308,0,0.228841405,7.93579629,7.800887753,0.8365
QY293,QY293,2015,6.721747213,1.36587176,177.0811153,20.07136703,1379.999995,Calcareous,2.303949283,6.694272,0.93,0.540370804,0,0.231933133,7.936496533,7.801576092,0.84
QY293,QY293,2016,5.930953423,1.36587176,177.0811153,19.56872444,1379.999995,Calcareous,2.29561595,6.697968,1.24,0.552011477,0,0.234784508,7.937231722,7.802298783,0.84
QY293,QY293,2017,5.140159634,1.36587176,177.0811153,19.06608185,1379.999995,Calcareous,2.285144935,6.695504,0.95,0.517742008,0,0.237311703,8.208233281,8.068693315,0.84
QY293,QY293,2018,4.349365844,1.36587176,177.0811153,18.56343926,1379.999995,Calcareous,2.273297109,6.695152,0.93,0.536690352,0,0.239559354,7.79422252,7.661720737,0.84
QY293,QY293,2019,3.558572054,1.36587176,177.0811153,18.06079667,1379.999995,Calcareous,2.276594211,6.693656,0.91,0.535463414,0,0.241531613,7.621273858,7.491712203,0.84
QY295,QY295,1985,5.131196791,1.381581936,185.3333333,20.85188553,1580.000043,Calcareous,3.555063195,6.704656,1.47,0.193378988,0,0.120860201,9.442265003,9.281746498,0.3
QY295,QY295,1986,5.131196791,1.381581936,185.3333333,20.55371046,1580.000043,Calcareous,3.504430285,6.703248,1.48,0.204026374,0,0.122826817,10.05895374,9.887951528,0.3185
QY295,QY295,1987,5.131196791,1.381581936,185.3333333,20.2555354,1580.000043,Calcareous,3.456961931,6.702456,1.53,0.243827925,0,0.12478454,9.128769513,8.973580431,0.337
QY295,QY295,1988,5.131196791,1.381581936,185.3333333,19.95736033,1580.000043,Calcareous,3.413923958,6.698408,1.2,0.249848821,0,0.12676085,9.193467462,9.037178515,0.3555
QY295,QY295,1989,5.131196791,1.381581936,185.3333333,19.65918527,1580.000043,Calcareous,3.368354339,6.696912,1.2,0.283448349,0,0.128744073,9.192841076,9.036562778,0.374
QY295,QY295,1990,5.131196791,1.381581936,185.3333333,19.3610102,1580.000043,Calcareous,3.324683454,6.699552,1.47,0.317367124,0,0.130733984,9,8.847,0.3925
QY295,QY295,1991,5.377436149,1.381581936,185.3333333,19.06283514,1580.000043,Calcareous,3.282594848,6.697088,1.48,0.328899518,0,0.132724904,8.868999509,8.718226517,0.411
QY295,QY295,1992,5.623675507,1.381581936,185.3333333,18.76466008,1580.000043,Calcareous,3.24208852,6.696912,1.53,0.338740209,0,0.134794511,9.384515195,9.224978437,0.4295
QY295,QY295,1993,5.869914865,1.381581936,185.3333333,18.46648501,1580.000043,Calcareous,3.202215103,6.693744,1.2,0.353614614,0,0.136932162,9.384515195,9.224978437,0.448
QY295,QY295,1994,6.116154223,1.381581936,185.3333333,18.16830995,1580.000043,Calcareous,3.162373332,6.70448,1.95,0.345177626,0,0.139159948,9.30773302,9.149501558,0.4665
QY295,QY295,1995,6.362393581,1.381581936,185.3333333,17.87013488,1580.000043,Calcareous,3.12303789,6.691192,0.89,0.406910043,0,0.141433387,9.250625185,9.093364557,0.485
QY295,QY295,1996,6.608632939,1.381581936,185.3333333,17.57195982,1580.000043,Calcareous,3.090601182,6.696912,1.47,0.397655131,0,0.143839809,9.06791409,8.91375955,0.5035
QY295,QY295,1997,6.854872298,1.381581936,185.3333333,17.27378475,1580.000043,Calcareous,3.061202448,6.702104,1.98,0.379120432,0,0.146297632,9.300361508,9.142255363,0.522
QY295,QY295,1998,7.101111656,1.381581936,185.3333333,16.97560969,1580.000043,Calcareous,3.030664475,6.70008,1.33,0.395994954,0,0.1487996,9.498378252,9.336905822,0.5405
QY295,QY295,1999,7.347351014,1.381581936,185.3333333,16.67743462,1580.000043,Calcareous,3.00120245,6.694712,1,0.403857465,0,0.151404955,9.455707014,9.294959995,0.559
QY295,QY295,2000,7.593590372,1.381581936,185.3333333,16.37925956,1580.000043,Calcareous,2.981075868,6.694888,1.41,0.417705272,0,0.154101302,9.402634834,9.242790042,0.5775
QY295,QY295,2001,7.83982973,1.381581936,185.3333333,16.08108449,1580.000043,Calcareous,2.962942957,6.692952,1.14,0.4199949,0,0.156858705,9.330233761,9.171619787,0.596
QY295,QY295,2002,8.086069088,1.381581936,185.3333333,15.78290943,1580.000043,Calcareous,2.932278401,6.706064,2.09,0.410092187,0,0.159705256,9.35768875,9.198608041,0.6145
QY295,QY295,2003,8.332308446,1.381581936,185.3333333,15.48473437,1580.000043,Calcareous,2.901708782,6.679488,0.85,0.50503114,0,0.162578205,9.733709102,9.568236047,0.633
QY295,QY295,2004,8.578547804,1.381581936,185.3333333,15.1865593,1580.000043,Calcareous,2.873765745,6.698144,1.31,0.555773913,0,0.165605086,10.49039969,10.3120629,0.6515
QY295,QY295,2005,8.824787163,1.381581936,185.3333333,14.88838424,1580.000043,Calcareous,2.847784733,6.690048,1.31,0.613320976,0,0.16868902,9.838930109,9.671668297,0.67
QY295,QY295,2006,9.071026521,1.381581936,185.3333333,14.59020917,1580.000043,Calcareous,2.822848025,6.700784,1.55,0.615263693,0,0.171873685,8.92849574,8.776711313,0.6885
QY295,QY295,2007,9.317265879,1.381581936,185.3333333,14.29203411,1580.000043,Calcareous,2.798829038,6.696648,1.18,0.622988381,0,0.175137157,8.809454644,8.659693915,0.707
QY295,QY295,2008,9.563505237,1.381581936,185.3333333,13.99385904,1580.000043,Calcareous,2.77281638,6.692776,1.11,0.631922331,0,0.178499195,8.716942463,8.568754441,0.7255
QY295,QY295,2009,9.809744595,1.381581936,185.3333333,13.69568398,1580.000043,Calcareous,2.745980938,6.688552,0.95,0.649283778,0,0.181942915,8.22910413,8.089209359,0.744
QY295,QY295,2010,9.809744595,1.381581936,185.3333333,13.39750891,1580.000043,Calcareous,2.723987268,6.686792,0.91,0.658025154,0,0.185483843,7.700439562,7.56953209,0.7625
QY295,QY295,2011,9.083096847,1.381581936,185.3333333,13.09933385,1580.000043,Calcareous,2.702436635,6.662944,0.6,0.679403331,0,0.189036028,7.824506445,7.691489836,0.781
QY295,QY295,2012,8.356449099,1.381581936,185.3333333,12.80115879,1580.000043,Calcareous,2.682246763,6.676232,0.98,0.694530504,0,0.192376684,7.956905554,7.821638159,0.7995
QY295,QY295,2013,7.629801352,1.381581936,185.3333333,12.50298372,1580.000043,Calcareous,2.662183472,6.653176,0.43,0.706804017,0,0.195463152,7.971547801,7.836031489,0.818
QY295,QY295,2014,6.903153604,1.381581936,185.3333333,12.20480866,1580.000043,Calcareous,2.635664485,6.692072,1.16,0.746938046,0,0.198357355,7.93579629,7.800887753,0.8365
QY295,QY295,2015,6.176505856,1.381581936,185.3333333,11.90663359,1580.000043,Calcareous,2.615601195,6.683008,0.93,0.882599783,0,0.200986176,7.936496533,7.801576092,0.84
QY295,QY295,2016,5.449858108,1.381581936,185.3333333,11.60845853,1580.000043,Calcareous,2.596772081,6.68908,1.24,0.901819513,0,0.203436999,7.937231722,7.802298783,0.84
QY295,QY295,2017,4.723210361,1.381581936,185.3333333,11.31028346,1580.000043,Calcareous,2.576202462,6.684592,0.95,0.843490949,0,0.205634432,8.208233281,8.068693315,0.84
QY295,QY295,2018,3.996562613,1.381581936,185.3333333,11.0121084,1580.000043,Calcareous,2.554651829,6.684152,0.93,0.875940501,0,0.207592477,7.79422252,7.661720737,0.84
QY295,QY295,2019,3.269914865,1.381581936,185.3333333,10.71393333,1580.000043,Calcareous,2.546518918,6.682392,0.91,0.873720521,0,0.209333616,7.621273858,7.491712203,0.84
QY296,QY296,1985,5.151288921,1.399947217,194.851711,34.57082743,1379.999995,Non-calcareous,1.764275368,6.41144,1.47,0.381699039,0,0.229973561,14.68796778,14.43827233,0.3
QY296,QY296,1986,5.151288921,1.399947217,194.851711,34.07647604,1379.999995,Non-calcareous,1.748985513,6.313848,1.48,0.405605187,0,0.231322999,15.64726138,15.38125793,0.3185
QY296,QY296,1987,5.151288921,1.399947217,194.851711,33.58212464,1379.999995,Non-calcareous,1.740108702,6.246616,1.53,0.483772181,0,0.232485721,14.20030813,13.95890289,0.337
QY296,QY296,1988,5.151288921,1.399947217,194.851711,33.08777325,1379.999995,Non-calcareous,1.737934789,6.219688,1.2,0.49283506,0,0.233648713,14.30094939,14.05783325,0.3555
QY296,QY296,1989,5.151288921,1.399947217,194.851711,32.59342185,1379.999995,Non-calcareous,1.73007247,6.18924,1.2,0.559086582,0,0.23487872,14.29997501,14.05687543,0.374
QY296,QY296,1990,5.151288921,1.399947217,194.851711,32.09907046,1379.999995,Non-calcareous,1.725253629,6.155184,1.47,0.625993544,0,0.236086025,14,13.762,0.3925
QY296,QY296,1991,5.401546705,1.399947217,194.851711,31.60471906,1379.999995,Non-calcareous,1.721449281,6.120688,1.48,0.646950679,0,0.237185283,13.79622146,13.56168569,0.411
QY296,QY296,1992,5.651804489,1.399947217,194.851711,31.11036767,1379.999995,Non-calcareous,1.719166673,6.088744,1.53,0.665296867,0,0.238335229,14.59813475,14.34996646,0.4295
QY296,QY296,1993,5.902062273,1.399947217,194.851711,30.61601627,1379.999995,Non-calcareous,1.717101455,6.08584,1.2,0.694272422,0,0.239450414,14.59813475,14.34996646,0.448
QY296,QY296,1994,6.152320057,1.399947217,194.851711,30.12166488,1379.999995,Non-calcareous,1.713695658,6.082232,1.95,0.675624893,0,0.240804357,14.47869581,14.23255798,0.4665
QY296,QY296,1995,6.402577841,1.399947217,194.851711,29.62731348,1379.999995,Non-calcareous,1.710036238,6.034008,0.89,0.801960055,0,0.241916639,14.3898614,14.14523376,0.485
QY296,QY296,1996,6.652835625,1.399947217,194.851711,29.13296209,1379.999995,Non-calcareous,1.717463774,6.045448,1.47,0.777826524,0,0.243566901,14.10564414,13.86584819,0.5035
QY296,QY296,1997,6.90309341,1.399947217,194.851711,28.63861069,1379.999995,Non-calcareous,1.7293116,6.043952,1.98,0.738527487,0,0.24507573,14.46722901,14.22128612,0.522
QY296,QY296,1998,7.153351194,1.399947217,194.851711,28.1442593,1379.999995,Non-calcareous,1.738115948,6.01236,1.33,0.768922173,0,0.246410611,14.77525506,14.52407572,0.5405
QY296,QY296,1999,7.403608978,1.399947217,194.851711,27.6499079,1379.999995,Non-calcareous,1.747681165,6.013328,1,0.784695546,0,0.24808688,14.70887758,14.45882666,0.559
QY296,QY296,2000,7.653866762,1.399947217,194.851711,27.15555651,1379.999995,Non-calcareous,1.772862325,5.993264,1.41,0.817939945,0,0.250041243,14.62632085,14.3776734,0.5775
QY296,QY296,2001,7.904124546,1.399947217,194.851711,26.66120511,1379.999995,Non-calcareous,1.800760876,5.993968,1.14,0.818140781,0,0.251895998,14.51369696,14.26696411,0.596
QY296,QY296,2002,8.15438233,1.399947217,194.851711,26.16685372,1379.999995,Non-calcareous,1.805507253,6.003648,2.09,0.802320423,0,0.254017996,14.55640472,14.30894584,0.6145
QY296,QY296,2003,8.404640114,1.399947217,194.851711,25.67250232,1379.999995,Non-calcareous,1.809202905,5.907816,0.85,0.992224729,0,0.255778337,15.14132527,14.88392274,0.633
QY296,QY296,2004,8.654897898,1.399947217,194.851711,25.17815093,1379.999995,Non-calcareous,1.816449282,5.945568,1.31,1.09634489,0,0.258130413,16.31839953,16.04098673,0.6515
QY296,QY296,2005,8.905155683,1.399947217,194.851711,24.68379953,1379.999995,Non-calcareous,1.826159427,5.925768,1.31,1.213769485,0,0.260350218,15.30500239,15.04481735,0.67
QY296,QY296,2006,9.155413467,1.399947217,194.851711,24.18944814,1379.999995,Non-calcareous,1.836775369,5.938,1.55,1.218512527,0,0.262746579,13.88877115,13.65266204,0.6885
QY296,QY296,2007,9.405671251,1.399947217,194.851711,23.69509674,1379.999995,Non-calcareous,1.848115948,5.916,1.18,1.23209327,0,0.265233829,13.70359611,13.47063498,0.707
QY296,QY296,2008,9.655929035,1.399947217,194.851711,23.20074535,1379.999995,Non-calcareous,1.854963775,5.919168,1.11,1.249464817,0,0.26800689,13.55968828,13.32917358,0.7255
QY296,QY296,2009,9.906186819,1.399947217,194.851711,22.70639395,1379.999995,Non-calcareous,1.859311601,5.90104,0.95,1.283210827,0,0.270938262,12.80082865,12.58321456,0.744
QY296,QY296,2010,9.906186819,1.399947217,194.851711,22.21204256,1379.999995,Non-calcareous,1.871376818,5.920048,0.91,1.300088393,0,0.274090367,11.97846154,11.77482769,0.7625
QY296,QY296,2011,9.172395203,1.399947217,194.851711,21.71769116,1379.999995,Non-calcareous,1.883405804,5.87728,0.6,1.340933602,0,0.27736357,12.17145447,11.96453974,0.781
QY296,QY296,2012,8.438603587,1.399947217,194.851711,21.22333977,1379.999995,Non-calcareous,1.896956528,5.924184,0.98,1.369516617,0,0.280513825,12.37740864,12.16699269,0.7995
QY296,QY296,2013,7.70481197,1.399947217,194.851711,20.72898837,1379.999995,Non-calcareous,1.909855079,5.8544,0.43,1.394135818,0,0.283242041,12.40018547,12.18938232,0.818
QY296,QY296,2014,6.971020354,1.399947217,194.851711,20.23463698,1379.999995,Non-calcareous,1.910507253,5.95912,1.16,1.471522364,0,0.285975803,12.34457201,12.13471428,0.8365
QY296,QY296,2015,6.237228738,1.399947217,194.851711,19.74028558,1379.999995,Non-calcareous,1.921630441,5.90368,0.93,1.765478486,0,0.28817799,12.34566127,12.13578503,0.84
QY296,QY296,2016,5.503437122,1.399947217,194.851711,19.24593419,1379.999995,Non-calcareous,1.934166673,5.926824,1.24,1.804802711,0,0.290264904,12.3468049,12.13690922,0.84
QY296,QY296,2017,4.769645505,1.399947217,194.851711,18.75158279,1379.999995,Non-calcareous,1.942862326,5.916616,0.95,1.67997274,0,0.29194095,12.76836288,12.55130071,0.84
QY296,QY296,2018,4.035853889,1.399947217,194.851711,18.2572314,1379.999995,Non-calcareous,1.948949282,5.897168,0.93,1.750021591,0,0.293423996,12.12434614,11.91823226,0.84
QY296,QY296,2019,3.302062273,1.399947217,194.851711,17.76288,1379.999995,Non-calcareous,1.978152181,5.905352,0.91,1.744868775,0,0.294676199,11.85531489,11.65377454,0.84
QY297,QY297,1985,5.088664109,1.418954494,451.1596958,34.90526607,1320.000052,Calcareous,3.101325634,6.708616,1.47,0.097453457,0,0.1272731,8.393124447,8.250441332,0.3
QY297,QY297,1986,5.088664109,1.418954494,451.1596958,34.40613231,1320.000052,Calcareous,3.060795333,6.707384,1.48,0.102720059,0,0.12960245,8.941292215,8.789290247,0.3185
QY297,QY297,1987,5.088664109,1.418954494,451.1596958,33.90699856,1320.000052,Calcareous,3.023977153,6.707648,1.53,0.122743354,0,0.131920755,8.114461789,7.976515939,0.337
QY297,QY297,1988,5.088664109,1.418954494,451.1596958,33.4078648,1320.000052,Calcareous,2.991401396,6.70404,1.2,0.125845431,0,0.134251312,8.171971077,8.033047569,0.3555
QY297,QY297,1989,5.088664109,1.418954494,451.1596958,32.90873104,1320.000052,Calcareous,2.955871095,6.70316,1.2,0.14271941,0,0.136592052,8.17141429,8.032500247,0.374
QY297,QY297,1990,5.088664109,1.418954494,451.1596958,32.40959729,1320.000052,Calcareous,2.922575641,6.705888,1.47,0.159753918,0,0.13893477,8,7.864,0.3925
QY297,QY297,1991,5.326396931,1.418954494,451.1596958,31.91046353,1320.000052,Calcareous,2.890416552,6.703512,1.48,0.165595224,0,0.141269732,7.883555119,7.749534682,0.411
QY297,QY297,1992,5.564129752,1.418954494,451.1596958,31.41132977,1320.000052,Calcareous,2.859696856,6.703776,1.53,0.170554419,0,0.143693215,8.341791284,8.199980833,0.4295
QY297,QY297,1993,5.801862574,1.418954494,451.1596958,30.91219601,1320.000052,Calcareous,2.8296211,6.700256,1.2,0.178063426,0,0.146194433,8.341791284,8.199980833,0.448
QY297,QY297,1994,6.039595396,1.418954494,451.1596958,30.41306226,1320.000052,Calcareous,2.799242313,6.708176,1.95,0.173876553,0,0.148800686,8.273540462,8.132890274,0.4665
QY297,QY297,1995,6.277328218,1.418954494,451.1596958,29.9139285,1320.000052,Calcareous,2.769242314,6.7014,0.89,0.204824542,0,0.151452171,8.222777943,8.082990718,0.485
QY297,QY297,1996,6.515061039,1.418954494,451.1596958,29.41479474,1320.000052,Calcareous,2.746363527,6.702896,1.47,0.200344528,0,0.15425961,8.06036808,7.923341823,0.5035
QY297,QY297,1997,6.752793861,1.418954494,451.1596958,28.91566099,1320.000052,Calcareous,2.726666558,6.706592,1.98,0.191117719,0,0.157120307,8.266988007,8.126449211,0.522
QY297,QY297,1998,6.990526683,1.418954494,451.1596958,28.41652723,1320.000052,Calcareous,2.705681711,6.709056,1.33,0.199706163,0,0.160029591,8.443002891,8.299471841,0.5405
QY297,QY297,1999,7.228259505,1.418954494,451.1596958,27.91739347,1320.000052,Calcareous,2.685643833,6.703864,1,0.20364152,0,0.163065055,8.405072901,8.262186662,0.559
QY297,QY297,2000,7.465992326,1.418954494,451.1596958,27.41825972,1320.000052,Calcareous,2.67541656,6.702192,1.41,0.210451711,0,0.166208461,8.35789763,8.21581337,0.5775
QY297,QY297,2001,7.703725148,1.418954494,451.1596958,26.91912596,1320.000052,Calcareous,2.6673105,6.702896,1.14,0.21175278,0,0.169414573,8.293541121,8.152550922,0.596
QY297,QY297,2002,7.94145797,1.418954494,451.1596958,26.4199922,1320.000052,Calcareous,2.645908986,6.710464,2.09,0.20661742,0,0.172727602,8.317945555,8.176540481,0.6145
QY297,QY297,2003,8.179190792,1.418954494,451.1596958,25.92085844,1320.000052,Calcareous,2.624280199,6.694976,0.85,0.254286279,0,0.176059223,8.652185868,8.505098709,0.633
QY297,QY297,2004,8.416923613,1.418954494,451.1596958,25.42172469,1320.000052,Calcareous,2.60518929,6.706856,1.31,0.279750514,0,0.179572617,9.324799729,9.166278133,0.6515
QY297,QY297,2005,8.654656435,1.418954494,451.1596958,24.92259093,1320.000052,Calcareous,2.587992321,6.700256,1.31,0.308590697,0,0.183137925,8.745715653,8.597038487,0.67
QY297,QY297,2006,8.892389257,1.418954494,451.1596958,24.42345717,1320.000052,Calcareous,2.571780201,6.708616,1.55,0.309522485,0,0.18680813,7.936440658,7.801521167,0.6885
QY297,QY297,2007,9.130122079,1.418954494,451.1596958,23.92432342,1320.000052,Calcareous,2.556439292,6.707736,1.18,0.313472332,0,0.190562276,7.83062635,7.697505702,0.707
QY297,QY297,2008,9.3678549,1.418954494,451.1596958,23.42518966,1320.000052,Calcareous,2.538825657,6.703952,1.11,0.317972114,0,0.194434994,7.7483933,7.616670614,0.7255
QY297,QY297,2009,9.605587722,1.418954494,451.1596958,22.9260559,1320.000052,Calcareous,2.520113536,6.70228,0.95,0.326724813,0,0.1984015,7.314759226,7.19040832,0.744
QY297,QY297,2010,9.605587722,1.418954494,451.1596958,22.42692215,1320.000052,Calcareous,2.506363537,6.699376,0.91,0.331135214,0,0.202478797,6.844835166,6.728472968,0.7625
QY297,QY297,2011,8.894062706,1.418954494,451.1596958,21.92778839,1320.000052,Calcareous,2.492992325,6.683976,0.6,0.341960819,0,0.206566254,6.95511684,6.836879854,0.781
QY297,QY297,2012,8.182537689,1.418954494,451.1596958,21.42865463,1320.000052,Calcareous,2.480946871,6.691016,0.98,0.34962097,0,0.210409135,7.072804937,6.952567253,0.7995
QY297,QY297,2013,7.471012673,1.418954494,451.1596958,20.92952088,1320.000052,Calcareous,2.468901417,6.682216,0.43,0.355783794,0,0.213945431,7.085820268,6.965361323,0.818
QY297,QY297,2014,6.759487656,1.418954494,451.1596958,20.43038712,1320.000052,Calcareous,2.449924145,6.702896,1.16,0.376037922,0,0.21726543,7.054041147,6.934122447,0.8365
QY297,QY297,2015,6.04796264,1.418954494,451.1596958,19.93125336,1320.000052,Calcareous,2.437462024,6.69832,0.93,0.443402017,0,0.220252497,7.054663585,6.934734304,0.84
QY297,QY297,2016,5.336437623,1.418954494,451.1596958,19.4321196,1320.000052,Calcareous,2.426249904,6.700872,1.24,0.453033045,0,0.223012011,7.055317086,6.935376696,0.84
QY297,QY297,2017,4.624912607,1.418954494,451.1596958,18.93298585,1320.000052,Calcareous,2.413105965,6.699376,0.95,0.424010254,0,0.225467003,7.29620736,7.172171835,0.84
QY297,QY297,2018,3.91338759,1.418954494,451.1596958,18.43385209,1320.000052,Calcareous,2.398712026,6.699112,0.93,0.440133649,0,0.227660197,6.928197795,6.810418433,0.84
QY297,QY297,2019,3.201862574,1.418954494,451.1596958,17.93471833,1320.000052,Calcareous,2.398484753,6.697792,0.91,0.439044086,0,0.229593261,6.774465652,6.659299736,0.84
QY299,QY299,1985,4.485840314,1.48434468,170.5,48,1250,Non-calcareous,1.74336,6.353888,1.47,0.192249005,0,0.099587644,7.343983891,7.219136165,0.3
QY299,QY299,1986,4.485840314,1.48434468,170.5,47.31361588,1250,Non-calcareous,1.72424,6.261928,1.48,0.205214156,0,0.101692177,7.823630688,7.690628966,0.3185
QY299,QY299,1987,4.485840314,1.48434468,170.5,46.62723176,1250,Non-calcareous,1.70864,6.193112,1.53,0.244209701,0,0.103734354,7.100154065,6.979451446,0.337
QY299,QY299,1988,4.485840314,1.48434468,170.5,45.94084764,1250,Non-calcareous,1.6968,6.157824,1.2,0.247722912,0,0.105756929,7.150474693,7.028916623,0.3555
QY299,QY299,1989,4.485840314,1.48434468,170.5,45.25446352,1250,Non-calcareous,1.68204,6.124296,1.2,0.280756588,0,0.107807169,7.149987504,7.028437716,0.374
QY299,QY299,1990,4.485840314,1.48434468,170.5,44.5680794,1250,Non-calcareous,1.66908,6.085752,1.47,0.314131109,0,0.109841725,7,6.881,0.3925
QY299,QY299,1991,4.603008377,1.48434468,170.5,43.88169528,1250,Non-calcareous,1.65688,6.04844,1.48,0.323942124,0,0.111803755,6.898110729,6.780842847,0.411
QY299,QY299,1992,4.72017644,1.48434468,170.5,43.19531116,1250,Non-calcareous,1.64568,6.013944,1.53,0.332647415,0,0.113778849,7.299067374,7.174983229,0.4295
QY299,QY299,1993,4.837344503,1.48434468,170.5,42.50892704,1250,Non-calcareous,1.63488,6.000656,1.2,0.347117848,0,0.115737633,7.299067374,7.174983229,0.448
QY299,QY299,1994,4.954512566,1.48434468,170.5,41.82254292,1250,Non-calcareous,1.62348,5.997488,1.95,0.337069931,0,0.11781167,7.239347904,7.11627899,0.4665
QY299,QY299,1995,5.071680629,1.48434468,170.5,41.1361588,1250,Non-calcareous,1.61212,5.936152,0.89,0.402093258,0,0.119709268,7.1949307,7.072616878,0.485
QY299,QY299,1996,5.188848692,1.48434468,170.5,40.44977468,1250,Non-calcareous,1.60708,5.947416,1.47,0.387972915,0,0.121924682,7.05282207,6.932924095,0.5035
QY299,QY299,1997,5.306016755,1.48434468,170.5,39.76339056,1250,Non-calcareous,1.60472,5.941872,1.98,0.367417069,0,0.124003929,7.233614507,7.11064306,0.522
QY299,QY299,1998,5.423184817,1.48434468,170.5,39.07700644,1250,Non-calcareous,1.60092,5.887664,1.33,0.381714748,0,0.125934043,7.387627529,7.262037861,0.5405
QY299,QY299,1999,5.54035288,1.48434468,170.5,38.39062232,1250,Non-calcareous,1.5978,5.883,1,0.389646706,0,0.128058536,7.354438788,7.229413329,0.559
QY299,QY299,2000,5.657520943,1.48434468,170.5,37.7042382,1250,Non-calcareous,1.60352,5.876136,1.41,0.408458486,0,0.130339457,7.313160426,7.188836699,0.5775
QY299,QY299,2001,5.774689006,1.48434468,170.5,37.01785408,1250,Non-calcareous,1.61104,5.849472,1.14,0.407173291,0,0.132511556,7.256848481,7.133482057,0.596
QY299,QY299,2002,5.891857069,1.48434468,170.5,36.33146996,1250,Non-calcareous,1.60608,5.87508,2.09,0.400309343,0,0.134805446,7.278202361,7.154472921,0.6145
QY299,QY299,2003,6.009025132,1.48434468,170.5,35.64508584,1250,Non-calcareous,1.6006,5.758832,0.85,0.496300092,0,0.136783381,7.570662635,7.44196137,0.633
QY299,QY299,2004,6.126193195,1.48434468,170.5,34.95870172,1250,Non-calcareous,1.59716,5.799576,1.31,0.550154989,0,0.139212586,8.159199763,8.020493367,0.6515
QY299,QY299,2005,6.243361258,1.48434468,170.5,34.2723176,1250,Non-calcareous,1.59528,5.775376,1.31,0.610375299,0,0.141498379,7.652501196,7.522408676,0.67
QY299,QY299,2006,6.36052932,1.48434468,170.5,33.58593348,1250,Non-calcareous,1.59404,5.784968,1.55,0.612972118,0,0.143836454,6.944385576,6.826331021,0.6885
QY299,QY299,2007,6.477697383,1.48434468,170.5,32.89954936,1250,Non-calcareous,1.5934,5.747304,1.18,0.619278189,0,0.146138624,6.851798056,6.735317489,0.707
QY299,QY299,2008,6.594865446,1.48434468,170.5,32.21316524,1250,Non-calcareous,1.59044,5.737008,1.11,0.627884506,0,0.148620174,6.779844138,6.664586788,0.7255
QY299,QY299,2009,6.712033509,1.48434468,170.5,31.52678112,1250,Non-calcareous,1.58624,5.706824,0.95,0.644639232,0,0.151167457,6.400414323,6.29160728,0.744
QY299,QY299,2010,6.712033509,1.48434468,170.5,30.840397,1250,Non-calcareous,1.58636,5.711664,0.91,0.652979655,0,0.153829364,5.989230771,5.887413847,0.7625
QY299,QY299,2011,6.214845842,1.48434468,170.5,30.15401288,1250,Non-calcareous,1.58668,5.645488,0.6,0.673148773,0,0.156533996,6.085727235,5.982269872,0.781
QY299,QY299,2012,5.717658174,1.48434468,170.5,29.46762876,1250,Non-calcareous,1.588,5.686672,0.98,0.687101234,0,0.159165746,6.18870432,6.083496346,0.7995
QY299,QY299,2013,5.220470507,1.48434468,170.5,28.78124464,1250,Non-calcareous,1.58912,5.579136,0.43,0.699580982,0,0.161386462,6.200092734,6.094691158,0.818
QY299,QY299,2014,4.72328284,1.48434468,170.5,28.09486052,1250,Non-calcareous,1.5836,5.703128,1.16,0.737795797,0,0.163684815,6.172286004,6.067357142,0.8365
QY299,QY299,2015,4.226095172,1.48434468,170.5,27.4084764,1250,Non-calcareous,1.58392,5.654904,0.93,0.893689637,0,0.165414271,6.172830637,6.067892516,0.84
QY299,QY299,2016,3.728907505,1.48434468,170.5,26.72209228,1250,Non-calcareous,1.58516,5.67576,1.24,0.913902967,0,0.16708467,6.173402451,6.068454609,0.84
QY299,QY299,2017,3.231719838,1.48434468,170.5,26.03570816,1250,Non-calcareous,1.58444,5.651472,0.95,0.848129229,0,0.16836256,6.38418144,6.275650356,0.84
QY299,QY299,2018,2.73453217,1.48434468,170.5,25.34932404,1250,Non-calcareous,1.5824,5.635896,0.93,0.885207142,0,0.169558228,6.062173071,5.959116129,0.84
QY299,QY299,2019,2.237344503,1.48434468,170.5,24.66293992,1250,Non-calcareous,1.5932,5.627888,0.91,0.882379355,0,0.170566261,5.927657445,5.826887269,0.84
QY308,QY308,1985,5.268474036,1.425765356,213,12,1539.999962,Calcareous,1.969935114,6.70536,1.47,0.253071626,0,0.198,9.442265003,9.281746498,0.3
QY308,QY308,1986,5.268474036,1.425765356,213,11.82840397,1539.999962,Calcareous,1.944805243,6.703424,1.48,0.271515811,0,0.19959156,10.05895374,9.887951528,0.3185
QY308,QY308,1987,5.268474036,1.425765356,213,11.65680794,1539.999962,Calcareous,1.923376671,6.702808,1.53,0.320387049,0,0.201142607,9.128769513,8.973580431,0.337
QY308,QY308,1988,5.268474036,1.425765356,213,11.48521191,1539.999962,Calcareous,1.905941606,6.698584,1.2,0.322303186,0,0.202744589,9.193467462,9.037178515,0.3555
QY308,QY308,1989,5.268474036,1.425765356,213,11.31361588,1539.999962,Calcareous,1.885422125,6.696824,1.2,0.362888177,0,0.204372146,9.192841076,9.036562778,0.374
QY308,QY308,1990,5.268474036,1.425765356,213,11.14201985,1539.999962,Calcareous,1.866883163,6.699728,1.47,0.403957996,0,0.206003431,9,8.847,0.3925
QY308,QY308,1991,5.542168844,1.425765356,213,10.97042382,1539.999962,Calcareous,1.849188357,6.697264,1.48,0.414485717,0,0.207619669,8.868999509,8.718226517,0.411
QY308,QY308,1992,5.815863651,1.425765356,213,10.79882779,1539.999962,Calcareous,1.832629916,6.697088,1.53,0.423688645,0,0.209324795,9.384515195,9.224978437,0.4295
QY308,QY308,1993,6.089558458,1.425765356,213,10.62723176,1539.999962,Calcareous,1.816461084,6.69304,1.2,0.442547614,0,0.211078041,9.384515195,9.224978437,0.448
QY308,QY308,1994,6.363253265,1.425765356,213,10.45563573,1539.999962,Calcareous,1.799740304,6.703248,1.95,0.428206909,0,0.212959436,9.30773302,9.149501558,0.4665
QY308,QY308,1995,6.636948073,1.425765356,213,10.2840397,1539.999962,Calcareous,1.783149395,6.690224,0.89,0.515552853,0,0.21482775,9.250625185,9.093364557,0.485
QY308,QY308,1996,6.91064288,1.425765356,213,10.11244367,1539.999962,Calcareous,1.77321433,6.695416,1.47,0.493357213,0,0.216944771,9.06791409,8.91375955,0.5035
QY308,QY308,1997,7.184337687,1.425765356,213,9.94084764,1539.999962,Calcareous,1.766006537,6.70096,1.98,0.465975889,0,0.219070864,9.300361508,9.142255363,0.522
QY308,QY308,1998,7.458032494,1.425765356,213,9.76925161,1539.999962,Calcareous,1.757207836,6.699992,1.33,0.482682397,0,0.221190291,9.498378252,9.336905822,0.5405
QY308,QY308,1999,7.731727302,1.425765356,213,9.59765558,1539.999962,Calcareous,1.749058485,6.693832,1,0.492385671,0,0.223480361,9.455707014,9.294959995,0.559
QY308,QY308,2000,8.005422109,1.425765356,213,9.42605955,1539.999962,Calcareous,1.750129913,6.693832,1.41,0.521585626,0,0.225905396,9.402634834,9.242790042,0.5775
QY308,QY308,2001,8.279116916,1.425765356,213,9.25446352,1539.999962,Calcareous,1.752889654,6.692248,1.14,0.517790577,0,0.228370361,9.330233761,9.171619787,0.596
QY308,QY308,2002,8.552811723,1.425765356,213,9.08286749,1539.999962,Calcareous,1.742402641,6.70448,2.09,0.509728114,0,0.23096852,9.35768875,9.198608041,0.6145
QY308,QY308,2003,8.826506531,1.425765356,213,8.91127146,1539.999962,Calcareous,1.731655887,6.6794,0.85,0.633065927,0,0.233508104,9.733709102,9.568236047,0.633
QY308,QY308,2004,9.100201338,1.425765356,213,8.73967543,1539.999962,Calcareous,1.723181861,6.69568,1.31,0.707181307,0,0.236325087,10.49039969,10.3120629,0.6515
QY308,QY308,2005,9.373896145,1.425765356,213,8.5680794,1539.999962,Calcareous,1.716363679,6.687584,1.31,0.786912134,0,0.239142893,9.838930109,9.671668297,0.67
QY308,QY308,2006,9.647590952,1.425765356,213,8.39648337,1539.999962,Calcareous,1.710259783,6.697968,1.55,0.790006263,0,0.242103315,8.92849574,8.776711313,0.6885
QY308,QY308,2007,9.92128576,1.425765356,213,8.22488734,1539.999962,Calcareous,1.704740302,6.694008,1.18,0.797504074,0,0.24517105,8.809454644,8.659693915,0.707
QY308,QY308,2008,10.19498057,1.425765356,213,8.05329131,1539.999962,Calcareous,1.696818224,6.689432,1.11,0.80816648,0,0.248393545,8.716942463,8.568754441,0.7255
QY308,QY308,2009,10.46867537,1.425765356,213,7.88169528,1539.999962,Calcareous,1.687694847,6.68512,0.95,0.8292878,0,0.251718507,8.22910413,8.089209359,0.744
QY308,QY308,2010,10.46867537,1.425765356,213,7.71009925,1539.999962,Calcareous,1.683246795,6.681688,0.91,0.839722976,0,0.255189447,7.700439562,7.56953209,0.7625
QY308,QY308,2011,9.693217939,1.425765356,213,7.53850322,1539.999962,Calcareous,1.678896145,6.657664,0.6,0.865896205,0,0.258698347,7.824506445,7.691489836,0.781
QY308,QY308,2012,8.917760504,1.425765356,213,7.36690719,1539.999962,Calcareous,1.675649392,6.67192,0.98,0.883327049,0,0.26200118,7.956905554,7.821638159,0.7995
QY308,QY308,2013,8.142303069,1.425765356,213,7.19531116,1539.999962,Calcareous,1.672175366,6.646928,0.43,0.899522006,0,0.264983815,7.971547801,7.836031489,0.818
QY308,QY308,2014,7.366845634,1.425765356,213,7.02371513,1539.999962,Calcareous,1.661785755,6.686264,1.16,0.947339568,0,0.267817373,7.93579629,7.800887753,0.8365
QY308,QY308,2015,6.591388198,1.425765356,213,6.8521191,1539.999962,Calcareous,1.657727314,6.6772,0.93,1.160113485,0,0.270290724,7.936496533,7.801576092,0.84
QY308,QY308,2016,5.815930763,1.425765356,213,6.68052307,1539.999962,Calcareous,1.654577963,6.683624,1.24,1.187045867,0,0.272610369,7.937231722,7.802298783,0.84
QY308,QY308,2017,5.040473328,1.425765356,213,6.50892704,1539.999962,Calcareous,1.649415625,6.67852,0.95,1.097685171,0,0.274613218,8.208233281,8.068693315,0.84
QY308,QY308,2018,4.265015893,1.425765356,213,6.33733101,1539.999962,Calcareous,1.642922119,6.677288,0.93,1.148233232,0,0.276360347,7.79422252,7.661720737,0.84
QY308,QY308,2019,3.489558458,1.425765356,213,6.16573498,1539.999962,Calcareous,1.649935106,6.675264,0.91,1.144272717,0,0.277886105,7.621273858,7.491712203,0.84
QY310,QY310,1985,5.415434802,1.372439536,180.9226869,23,1370.000005,Calcareous,1.56934306,6.70668,1.47,0.189886585,0,0.198,8.393124447,8.250441332,0.3
QY310,QY310,1986,5.415434802,1.372439536,180.9226869,22.67110761,1370.000005,Calcareous,1.552080287,6.705184,1.48,0.200794958,0,0.199853039,8.941292215,8.789290247,0.3185
QY310,QY310,1987,5.415434802,1.372439536,180.9226869,22.34221522,1370.000005,Calcareous,1.538503644,6.704832,1.53,0.240036418,0,0.201665377,8.114461789,7.976515939,0.337
QY310,QY310,1988,5.415434802,1.372439536,180.9226869,22.01332283,1370.000005,Calcareous,1.528832111,6.700344,1.2,0.245638444,0,0.203520061,8.171971077,8.033047569,0.3555
QY310,QY310,1989,5.415434802,1.372439536,180.9226869,21.68443044,1370.000005,Calcareous,1.516058389,6.699024,1.2,0.278898701,0,0.205419141,8.17141429,8.032500247,0.374
QY310,QY310,1990,5.415434802,1.372439536,180.9226869,21.35553805,1370.000005,Calcareous,1.505109484,6.702192,1.47,0.312474068,0,0.207321214,8,7.864,0.3925
QY310,QY310,1991,5.718521762,1.372439536,180.9226869,21.02664566,1370.000005,Calcareous,1.494890506,6.699728,1.48,0.323663106,0,0.209192215,7.883555119,7.749534682,0.411
QY310,QY310,1992,6.021608723,1.372439536,180.9226869,20.69775326,1370.000005,Calcareous,1.485693425,6.699992,1.53,0.333326203,0,0.211173272,8.341791284,8.199980833,0.4295
QY310,QY310,1993,6.324695683,1.372439536,180.9226869,20.36886087,1370.000005,Calcareous,1.476788316,6.696472,1.2,0.347872357,0,0.213225419,8.341791284,8.199980833,0.448
QY310,QY310,1994,6.627782643,1.372439536,180.9226869,20.03996848,1370.000005,Calcareous,1.467226272,6.705712,1.95,0.339290814,0,0.215445656,8.273540462,8.132890274,0.4665
QY310,QY310,1995,6.930869604,1.372439536,180.9226869,19.71107609,1370.000005,Calcareous,1.457700725,6.695328,0.89,0.400649379,0,0.217633126,8.222777943,8.082990718,0.485
QY310,QY310,1996,7.233956564,1.372439536,180.9226869,19.3821837,1370.000005,Calcareous,1.454635031,6.699112,1.47,0.390720445,0,0.220146929,8.06036808,7.923341823,0.5035
QY310,QY310,1997,7.537043525,1.372439536,180.9226869,19.05329131,1370.000005,Calcareous,1.454306564,6.703512,1.98,0.37200042,0,0.222660233,8.266988007,8.126449211,0.522
QY310,QY310,1998,7.840130485,1.372439536,180.9226869,18.72439892,1370.000005,Calcareous,1.452372258,6.703688,1.33,0.388183818,0,0.225162835,8.443002891,8.299471841,0.5405
QY310,QY310,1999,8.143217445,1.372439536,180.9226869,18.39550653,1370.000005,Calcareous,1.451021893,6.69788,1,0.396027576,0,0.22789964,8.405072901,8.262186662,0.559
QY310,QY310,2000,8.446304406,1.372439536,180.9226869,18.06661414,1370.000005,Calcareous,1.458832112,6.697352,1.41,0.410395216,0,0.230813047,8.35789763,8.21581337,0.5775
QY310,QY310,2001,8.749391366,1.372439536,180.9226869,17.73772175,1370.000005,Calcareous,1.468321163,6.69656,1.14,0.411970536,0,0.233760535,8.293541121,8.152550922,0.596
QY310,QY310,2002,9.052478326,1.372439536,180.9226869,17.40882936,1370.000005,Calcareous,1.464671528,6.707384,2.09,0.40290898,0,0.236882909,8.317945555,8.176540481,0.6145
QY310,QY310,2003,9.355565287,1.372439536,180.9226869,17.07993697,1370.000005,Calcareous,1.460510944,6.685648,0.85,0.49693647,0,0.239911829,8.652185868,8.505098709,0.633
QY310,QY310,2004,9.658652247,1.372439536,180.9226869,16.75104457,1370.000005,Calcareous,1.458503645,6.700696,1.31,0.547254791,0,0.243312762,9.324799729,9.166278133,0.6515
QY310,QY310,2005,9.961739208,1.372439536,180.9226869,16.42215218,1370.000005,Calcareous,1.458029192,6.693304,1.31,0.604497163,0,0.246708517,8.745715653,8.597038487,0.67
QY310,QY310,2006,10.26482617,1.372439536,180.9226869,16.09325979,1370.000005,Calcareous,1.458175177,6.702896,1.55,0.606620774,0,0.250259368,7.936440658,7.801521167,0.6885
QY310,QY310,2007,10.56791313,1.372439536,180.9226869,15.7643674,1370.000005,Calcareous,1.458868608,6.699992,1.18,0.613945447,0,0.253917737,7.83062635,7.697505702,0.707
QY310,QY310,2008,10.87100009,1.372439536,180.9226869,15.43547501,1370.000005,Calcareous,1.457116783,6.695944,1.11,0.622729425,0,0.257775789,7.7483933,7.616670614,0.7255
QY310,QY310,2009,11.17408705,1.372439536,180.9226869,15.10658262,1370.000005,Calcareous,1.454014593,6.692424,0.95,0.639761838,0,0.261761755,7.314759226,7.19040832,0.744
QY310,QY310,2010,11.17408705,1.372439536,180.9226869,14.77769023,1370.000005,Calcareous,1.455437951,6.68996,0.91,0.648321673,0,0.265921326,6.844835166,6.728472968,0.7625
QY310,QY310,2011,10.3463769,1.372439536,180.9226869,14.44879784,1370.000005,Calcareous,1.456970798,6.66884,0.6,0.669075773,0,0.270117504,6.95511684,6.836879854,0.781
QY310,QY310,2012,9.518666745,1.372439536,180.9226869,14.11990545,1370.000005,Calcareous,1.459489046,6.680192,0.98,0.683761507,0,0.274079262,7.072804937,6.952567253,0.7995
QY310,QY310,2013,8.690956594,1.372439536,180.9226869,13.79101306,1370.000005,Calcareous,1.46175182,6.661448,0.43,0.695915856,0,0.277644997,7.085820268,6.965361323,0.818
QY310,QY310,2014,7.863246442,1.372439536,180.9226869,13.46212067,1370.000005,Calcareous,1.457080287,6.694184,1.16,0.735194509,0,0.281051005,7.054041147,6.934122447,0.8365
QY310,QY310,2015,7.03553629,1.372439536,180.9226869,13.13322828,1370.000005,Calcareous,1.458467148,6.686968,0.93,0.872990064,0,0.283993241,7.054663585,6.934734304,0.84
QY310,QY310,2016,6.207826138,1.372439536,180.9226869,12.80433588,1370.000005,Calcareous,1.460802915,6.691808,1.24,0.892113051,0,0.286731127,7.055317086,6.935376696,0.84
QY310,QY310,2017,5.380115987,1.372439536,180.9226869,12.47544349,1370.000005,Calcareous,1.461021893,6.688112,0.95,0.83313767,0,0.289081886,7.29620736,7.172171835,0.84
QY310,QY310,2018,4.552405835,1.372439536,180.9226869,12.1465511,1370.000005,Calcareous,1.459817513,6.687496,0.93,0.866050677,0,0.291159998,6.928197795,6.810418433,0.84
QY310,QY310,2019,3.724695683,1.372439536,180.9226869,11.81765871,1370.000005,Calcareous,1.472007294,6.685736,0.91,0.86373732,0,0.292962866,6.774465652,6.659299736,0.84
QY313,QY313,1985,5.435488486,1.376404546,227.0430925,34.08331702,1379.999995,Calcareous,2.928695662,6.7036,1.47,0.135017333,58.83085053,0.089179702,10.49140556,10.31305166,0.3
QY313,QY313,1986,5.435488486,1.376404546,227.0430925,33.59593686,1379.999995,Calcareous,2.91750001,6.70052,1.48,0.13998665,60.74160124,0.112863433,11.17661527,10.98661281,0.3185
QY313,QY313,1987,5.435488486,1.376404546,227.0430925,33.10855671,1379.999995,Calcareous,2.896702909,6.69876,1.53,0.16691307,66.1484141,0.137194492,10.14307724,9.970644923,0.337
QY313,QY313,1988,5.435488486,1.376404546,227.0430925,32.62117655,1379.999995,Calcareous,2.880615952,6.696384,1.2,0.172803218,70.42468684,0.163466402,10.21496385,10.04130946,0.3555
QY313,QY313,1989,5.435488486,1.376404546,227.0430925,32.13379639,1379.999995,Calcareous,2.859673923,6.695152,1.2,0.194807723,70.54446998,0.191265631,10.21426786,10.04062531,0.374
QY313,QY313,1990,5.435488486,1.376404546,227.0430925,31.64641623,1379.999995,Calcareous,2.83884059,6.697352,1.47,0.217026269,70.66629997,0.219075321,10,9.83,0.3925
QY313,QY313,1991,5.742586184,1.376404546,227.0430925,31.15903608,1379.999995,Calcareous,2.818007256,6.694536,1.48,0.2258127,67.15145935,0.246881153,9.854443899,9.686918353,0.411
QY313,QY313,1992,6.049683881,1.376404546,227.0430925,30.67165592,1379.999995,Calcareous,2.796195662,6.693656,1.53,0.232682785,63.69793435,0.273486804,10.42723911,10.24997604,0.4295
QY313,QY313,1993,6.356781578,1.376404546,227.0430925,30.18427576,1379.999995,Calcareous,2.773695662,6.692424,1.2,0.243392292,71.05592185,0.298892259,10.42723911,10.24997604,0.448
QY313,QY313,1994,6.663879275,1.376404546,227.0430925,29.6968956,1379.999995,Calcareous,2.754420299,6.704304,1.95,0.239116114,72.74779083,0.327073915,10.34192558,10.16611284,0.4665
QY313,QY313,1995,6.970976973,1.376404546,227.0430925,29.20951545,1379.999995,Calcareous,2.734130444,6.6882,0.89,0.278188384,75.0489395,0.355853665,10.27847243,10.1037384,0.485
QY313,QY313,1996,7.27807467,1.376404546,227.0430925,28.72213529,1379.999995,Calcareous,2.722355082,6.695416,1.47,0.276300435,80.05549421,0.385679851,10.0754601,9.904177278,0.5035
QY313,QY313,1997,7.585172367,1.376404546,227.0430925,28.23475513,1379.999995,Calcareous,2.715362328,6.700784,1.98,0.266187324,88.15386778,0.417317626,10.33373501,10.15806151,0.522
QY313,QY313,1998,7.892270064,1.376404546,227.0430925,27.74737497,1379.999995,Calcareous,2.708550734,6.695592,1.33,0.280070028,94.63693506,0.451862688,10.55375361,10.3743398,0.5405
QY313,QY313,1999,8.199367762,1.376404546,227.0430925,27.25999482,1379.999995,Calcareous,2.703043488,6.691896,1,0.284889497,102.146973,0.488918544,10.50634113,10.32773333,0.559
QY313,QY313,2000,8.506465459,1.376404546,227.0430925,26.77261466,1379.999995,Calcareous,2.710036241,6.691544,1.41,0.290371593,104.8869861,0.52882205,10.44737204,10.26976671,0.5775
QY313,QY313,2001,8.813563156,1.376404546,227.0430925,26.2852345,1379.999995,Calcareous,2.717971024,6.688024,1.14,0.295629422,108.1226095,0.569703439,10.3669264,10.19068865,0.596
QY313,QY313,2002,9.120660853,1.376404546,227.0430925,25.79785434,1379.999995,Calcareous,2.709601459,6.703688,2.09,0.285113998,108.2061448,0.611883363,10.39743194,10.2206756,0.6145
QY313,QY313,2003,9.427758551,1.376404546,227.0430925,25.31047419,1379.999995,Calcareous,2.699347835,6.66972,0.85,0.347033452,109.2235762,0.653930688,10.81523234,10.63137339,0.633
QY313,QY313,2004,9.734856248,1.376404546,227.0430925,24.82309403,1379.999995,Calcareous,2.691775372,6.694624,1.31,0.379787074,113.8579759,0.696683886,11.65599966,11.45784767,0.6515
QY313,QY313,2005,10.04195395,1.376404546,227.0430925,24.33571387,1379.999995,Calcareous,2.687608705,6.684944,1.31,0.415972067,118.8205038,0.741033681,10.93214457,10.74629811,0.67
QY313,QY313,2006,10.34905164,1.376404546,227.0430925,23.84833371,1379.999995,Calcareous,2.685000009,6.697176,1.55,0.41615409,123.4644232,0.78728318,9.920550823,9.751901459,0.6885
QY313,QY313,2007,10.65614934,1.376404546,227.0430925,23.36095356,1379.999995,Calcareous,2.683550734,6.691896,1.18,0.422963979,126.7172527,0.835273318,9.788282938,9.621882128,0.707
QY313,QY313,2008,10.96324704,1.376404546,227.0430925,22.8735734,1379.999995,Calcareous,2.678913053,6.687496,1.11,0.429139829,104.6119927,0.884628279,9.685491626,9.520838268,0.7255
QY313,QY313,2009,11.27034473,1.376404546,227.0430925,22.38619324,1379.999995,Calcareous,2.661630444,6.683448,0.95,0.441345814,107.302252,0.926063522,9.143449033,8.988010399,0.744
QY313,QY313,2010,11.27034473,1.376404546,227.0430925,21.89881308,1379.999995,Calcareous,2.656376821,6.683448,0.91,0.447577771,110.0826579,0.968640711,8.556043958,8.410591211,0.7625
QY313,QY313,2011,10.43550438,1.376404546,227.0430925,21.41143293,1379.999995,Calcareous,2.65231885,6.657136,0.6,0.463798097,108.3351982,1.012251549,8.69389605,8.546099817,0.781
QY313,QY313,2012,9.600664033,1.376404546,227.0430925,20.92405277,1379.999995,Calcareous,2.648369574,6.67104,0.98,0.475274723,110.0358255,1.054999405,8.841006171,8.690709066,0.7995
QY313,QY313,2013,8.765823682,1.376404546,227.0430925,20.43667261,1379.999995,Calcareous,2.645434792,6.646576,0.43,0.483286787,108.7735939,1.097862486,8.857275335,8.706701654,0.818
QY313,QY313,2014,7.930983331,1.376404546,227.0430925,19.94929245,1379.999995,Calcareous,2.633079719,6.689608,1.16,0.512018315,108.56,1.140182232,8.817551434,8.667653059,0.8365
QY313,QY313,2015,7.096142981,1.376404546,227.0430925,19.4619123,1379.999995,Calcareous,2.628659429,6.675704,0.93,0.581812717,98.9461774,1.18178646,8.818329482,8.66841788,0.84
QY313,QY313,2016,6.26130263,1.376404546,227.0430925,18.97453214,1379.999995,Calcareous,2.621340589,6.682392,1.24,0.593870591,99.67087104,1.219676711,8.819146358,8.66922087,0.84
QY313,QY313,2017,5.426462279,1.376404546,227.0430925,18.48715198,1379.999995,Calcareous,2.614275371,6.678168,0.95,0.562390523,99.24854416,1.257316644,9.120259201,8.965214794,0.84
QY313,QY313,2018,4.591621929,1.376404546,227.0430925,17.99977182,1379.999995,Calcareous,2.605615951,6.677112,0.93,0.579340218,92.19887862,1.294558369,8.660247244,8.513023041,0.84
QY313,QY313,2019,3.756781578,1.376404546,227.0430925,17.51239167,1379.999995,Calcareous,2.610905806,6.67544,0.91,0.578515967,87.19294936,1.328944843,8.468082065,8.324124669,0.84
