site,ID,Year,CEC,clay,bulkdens,soil_type,SOC,pH,soilCd,PS,dep,irr,fer,man,rice_yield,straw_yield,straw_recy
QY003,QY003,1985,146.8921708,27,1399.999976,Calcareous,2.550000043,6.70404,0.262975261,1.47,5.53060379,1.42678499,0.587683167,11.5103838,15.73710834,15.4695775,0.3
QY003,QY003,1986,146.8921708,26.49401029,1399.999976,Calcareous,2.531678615,6.700344,0.26893932,1.48,5.53060379,1.42678499,0.633537211,11.88422633,16.7649229,16.47991921,0.3185
QY003,QY003,1987,146.8921708,25.98802059,1399.999976,Calcareous,2.520428614,6.698848,0.274983152,1.53,5.53060379,1.42678499,0.749629729,12.94208102,15.21461585,14.95596738,0.337
QY003,QY003,1988,146.8921708,25.48203088,1399.999976,Calcareous,2.503107185,6.691104,0.281489107,1.2,5.53060379,1.42678499,0.752938192,13.77874308,15.32244577,15.06196419,0.3555
QY003,QY003,1989,146.8921708,24.97604118,1399.999976,Calcareous,2.4886429,6.688024,0.288306964,1.2,5.53060379,1.42678499,0.850917584,13.80217891,15.32140179,15.06093796,0.374
QY003,QY003,1990,146.8921708,24.47005147,1399.999976,Calcareous,2.475250042,6.69128,0.295146293,1.47,5.53060379,1.42678499,0.950017333,13.82601521,15,14.745,0.3925
QY003,QY003,1991,146.8921708,23.96406176,1399.999976,Calcareous,2.463107185,6.688024,0.301993825,1.48,5.856724548,1.42678499,0.974601578,13.138329,14.78166585,14.53037753,0.411
QY003,QY003,1992,146.8921708,23.45807206,1399.999976,Calcareous,2.451178613,6.688112,0.308709036,1.53,6.182845306,1.42678499,0.997158103,12.46263933,15.64085866,15.37496406,0.4295
QY003,QY003,1993,146.8921708,22.95208235,1399.999976,Calcareous,2.438714327,6.68116,0.315240632,1.2,6.508966064,1.42678499,1.040559206,13.90224558,15.64085866,15.37496406,0.448
QY003,QY003,1994,146.8921708,22.44609265,1399.999976,Calcareous,2.425928613,6.694976,0.322443013,1.95,6.835086822,1.42678499,1.005388128,14.23326342,15.51288837,15.24916926,0.4665
QY003,QY003,1995,146.8921708,21.94010294,1399.999976,Calcareous,2.42507147,6.673592,0.329757587,0.89,7.16120758,1.42678499,1.213427679,14.68348816,15.41770864,15.1556076,0.485
QY003,QY003,1996,146.8921708,21.43411324,1399.999976,Calcareous,2.429285756,6.683888,0.337551732,1.47,7.487328338,1.42678499,1.156827478,15.66303148,15.11319015,14.85626592,0.5035
QY003,QY003,1997,146.8921708,20.92812353,1399.999976,Calcareous,2.430785756,6.691544,0.345712628,1.98,7.813449096,1.42678499,1.089113918,17.24749587,15.50060251,15.23709227,0.522
QY003,QY003,1998,146.8921708,20.42213382,1399.999976,Calcareous,2.433392899,6.687496,0.354424941,1.33,8.139569854,1.42678499,1.125826793,18.51592208,15.83063042,15.5615097,0.5405
QY003,QY003,1999,146.8921708,19.91614412,1399.999976,Calcareous,2.45282147,6.677904,0.363790062,1,8.465690612,1.42678499,1.149765673,19.98527732,15.75951169,15.49159999,0.559
QY003,QY003,2000,146.8921708,19.41015441,1399.999976,Calcareous,2.474964328,6.680632,0.373842303,1.41,8.79181137,1.42678499,1.221607611,20.52136685,15.67105806,15.40465007,0.5775
QY003,QY003,2001,146.8921708,18.90416471,1399.999976,Calcareous,2.472785756,6.676848,0.384157939,1.14,9.117932128,1.42678499,1.208337495,21.15442361,15.5503896,15.28603298,0.596
QY003,QY003,2002,146.8921708,18.398175,1399.999976,Calcareous,2.469357185,6.694624,0.394857994,2.09,9.444052886,1.42678499,1.194577376,21.17076746,15.59614792,15.3310134,0.6145
QY003,QY003,2003,146.8921708,17.89218529,1399.999976,Calcareous,2.469821471,6.656608,0.405501555,0.85,9.770173644,1.42678499,1.489215673,21.36983013,16.2228485,15.94706008,0.633
QY003,QY003,2004,146.8921708,17.38619559,1399.999976,Calcareous,2.473250042,6.677552,0.416577303,1.31,10.0962944,1.42678499,1.663700632,22.27656051,17.48399949,17.1867715,0.6515
QY003,QY003,2005,146.8921708,16.88020588,1399.999976,Calcareous,2.477928614,6.667344,0.428001051,1.31,10.42241516,1.42678499,1.854681703,23.24748988,16.39821685,16.11944716,0.67
QY003,QY003,2006,146.8921708,16.37421618,1399.999976,Calcareous,2.483571471,6.679488,0.439991316,1.55,10.74853592,1.42678499,1.863821913,24.15608281,14.88082623,14.62785219,0.6885
QY003,QY003,2007,146.8921708,15.86822647,1399.999976,Calcareous,2.484500042,6.671304,0.452462318,1.18,11.07465668,1.42678499,1.879502208,24.79250597,14.68242441,14.43282319,0.707
QY003,QY003,2008,146.8921708,15.36223676,1399.999976,Calcareous,2.480785757,6.664616,0.465350391,1.11,11.40077743,1.42678499,1.904706405,20.46756379,14.52823744,14.2812574,0.7255
QY003,QY003,2009,146.8921708,14.85624706,1399.999976,Calcareous,2.486571471,6.656168,0.476822255,0.95,11.72689819,1.42678499,1.954116711,20.99391887,13.71517355,13.4820156,0.744
QY003,QY003,2010,146.8921708,14.35025735,1399.999976,Calcareous,2.492607185,6.651592,0.488680362,0.91,11.72689819,1.42678499,1.97843917,21.53791133,12.83406594,12.61588682,0.7625
QY003,QY003,2011,146.8921708,13.84426765,1399.999976,Calcareous,2.500178614,6.615864,0.500792642,0.6,10.85823907,1.42678499,2.037449771,21.19601705,13.04084408,12.81914973,0.781
QY003,QY003,2012,146.8921708,13.33827794,1399.999976,Calcareous,2.5073929,6.64024,0.512522168,0.98,9.989579941,1.42678499,2.077028556,21.52874846,13.26150926,13.0360636,0.7995
QY003,QY003,2013,146.8921708,12.83228824,1399.999976,Calcareous,2.501607185,6.593512,0.523982739,0.43,9.120920816,1.42678499,2.115605831,21.28179011,13.285913,13.06005248,0.818
QY003,QY003,2014,146.8921708,12.32629853,1399.999976,Calcareous,2.507035757,6.654672,0.535161789,1.16,8.252261691,1.42678499,2.226874528,21.24,13.22632715,13.00147959,0.8365
QY003,QY003,2015,146.8921708,11.82030882,1399.999976,Calcareous,2.513250043,6.639272,0.545912235,0.93,7.383602565,1.42678499,2.754890864,19.35903471,13.22749422,13.00262682,0.84
QY003,QY003,2016,146.8921708,11.31431912,1399.999976,Calcareous,2.516071471,6.650096,0.555891675,1.24,6.51494344,1.42678499,2.819332136,19.50082259,13.22871954,13.0038313,0.84
QY003,QY003,2017,146.8921708,10.80832941,1399.999976,Calcareous,2.516250043,6.639448,0.565532889,0.95,5.646284315,1.42678499,2.599226283,19.41819342,13.6803888,13.44782219,0.84
QY003,QY003,2018,146.8921708,10.30233971,1399.999976,Calcareous,2.540428615,6.636896,0.574766373,0.93,4.777625189,1.42678499,2.724368754,18.03891103,12.99037087,12.76953456,0.84
QY003,QY003,2019,146.8921708,9.79635,1399.999976,Calcareous,2.5341429,6.633024,0.583259078,0.91,3.908966064,1.42678499,2.714193639,17.05949009,12.7021231,12.486187,0.84
QY024,QY024,1985,209.2839037,50,1250,Calcareous,1.96776,6.714336,0.190453879,1.47,6.399752462,1.305510142,0.117534774,0,15.73710834,15.4695775,0.3
QY024,QY024,1986,209.2839037,48.80304343,1250,Calcareous,1.96056,6.713544,0.192617731,1.48,6.399752462,1.305510142,0.121300702,0,16.7649229,16.47991921,0.3185
QY024,QY024,1987,209.2839037,47.60608686,1250,Calcareous,1.96128,6.714512,0.194717742,1.53,6.399752462,1.305510142,0.144544515,0,15.21461585,14.95596738,0.337
QY024,QY024,1988,209.2839037,46.40913029,1250,Calcareous,1.95536,6.710112,0.196893103,1.2,6.399752462,1.305510142,0.150055098,0,15.32244577,15.06196419,0.3555
QY024,QY024,1989,209.2839037,45.21217373,1250,Calcareous,1.95292,6.708968,0.199102084,1.2,6.399752462,1.305510142,0.168879889,0,15.32140179,15.06093796,0.374
QY024,QY024,1990,209.2839037,44.01521716,1250,Calcareous,1.95168,6.711256,0.201312394,1.47,6.399752462,1.305510142,0.187888993,0,15,14.745,0.3925
QY024,QY024,1991,209.2839037,42.81826059,1250,Calcareous,1.95224,6.70844,0.20350944,1.48,6.899702954,1.305510142,0.195704592,0,14.78166585,14.53037753,0.411
QY024,QY024,1992,209.2839037,41.62130402,1250,Calcareous,1.95304,6.708616,0.205914305,1.53,7.399653447,1.305510142,0.201684955,0,15.64085866,15.37496406,0.4295
QY024,QY024,1993,209.2839037,40.42434745,1250,Calcareous,1.9522,6.704832,0.208468929,1.2,7.899603939,1.305510142,0.211081404,0,15.64085866,15.37496406,0.448
QY024,QY024,1994,209.2839037,39.22739088,1250,Calcareous,1.95104,6.710552,0.21126771,1.95,8.399554431,1.305510142,0.20772572,0,15.51288837,15.24916926,0.4665
QY024,QY024,1995,209.2839037,38.03043431,1250,Calcareous,1.96296,6.70668,0.214166956,0.89,8.899504924,1.305510142,0.240823357,0,15.41770864,15.1556076,0.485
QY024,QY024,1996,209.2839037,36.83347775,1250,Calcareous,1.98016,6.706152,0.217428283,1.47,9.399455416,1.305510142,0.240218974,0,15.11319015,14.85626592,0.5035
QY024,QY024,1997,209.2839037,35.63652118,1250,Calcareous,1.99384,6.708968,0.220822806,1.98,9.899405909,1.305510142,0.232057787,0,15.50060251,15.23709227,0.522
QY024,QY024,1998,209.2839037,34.43956461,1250,Calcareous,2.00844,6.712136,0.224327908,1.33,10.3993564,1.305510142,0.244620199,0,15.83063042,15.5615097,0.5405
QY024,QY024,1999,209.2839037,33.24260804,1250,Calcareous,2.04156,6.70844,0.228123126,1,10.89930689,1.305510142,0.248663379,0,15.75951169,15.49159999,0.559
QY024,QY024,2000,209.2839037,32.04565147,1250,Calcareous,2.07804,6.706416,0.232172577,1.41,11.39925739,1.305510142,0.252484533,0,15.67105806,15.40465007,0.5775
QY024,QY024,2001,209.2839037,30.8486949,1250,Calcareous,2.08724,6.706328,0.236378342,1.14,11.89920788,1.305510142,0.257892875,0,15.5503896,15.28603298,0.596
QY024,QY024,2002,209.2839037,29.65173833,1250,Calcareous,2.09504,6.712048,0.240846884,2.09,12.39915837,1.305510142,0.247920858,0,15.59614792,15.3310134,0.6145
QY024,QY024,2003,209.2839037,28.45478176,1250,Calcareous,2.10696,6.697088,0.245371313,0.85,12.89910886,1.305510142,0.300830631,0,16.2228485,15.94706008,0.633
QY024,QY024,2004,209.2839037,27.2578252,1250,Calcareous,2.1218,6.708,0.250259839,1.31,13.39905936,1.305510142,0.328735466,0,17.48399949,17.1867715,0.6515
QY024,QY024,2005,209.2839037,26.06086863,1250,Calcareous,2.13768,6.700784,0.255238264,1.31,13.89900985,1.305510142,0.35932762,0,16.39821685,16.11944716,0.67
QY024,QY024,2006,209.2839037,24.86391206,1250,Calcareous,2.1544,6.70888,0.26047591,1.55,14.39896034,1.305510142,0.359219272,0,14.88082623,14.62785219,0.6885
QY024,QY024,2007,209.2839037,23.66695549,1250,Calcareous,2.16584,6.70712,0.265956603,1.18,14.89891083,1.305510142,0.365469199,0,14.68242441,14.43282319,0.707
QY024,QY024,2008,209.2839037,22.46999892,1250,Calcareous,2.17424,6.702896,0.271708709,1.11,15.39886132,1.305510142,0.370831327,0,14.52823744,14.2812574,0.7255
QY024,QY024,2009,209.2839037,21.27304235,1250,Calcareous,2.19172,6.700784,0.277677687,0.95,15.89881182,1.305510142,0.381475967,0,13.71517355,13.4820156,0.744
QY024,QY024,2010,209.2839037,20.07608578,1250,Calcareous,2.20916,6.698056,0.283912345,0.91,15.89881182,1.305510142,0.386930229,0,12.83406594,12.61588682,0.7625
QY024,QY024,2011,209.2839037,18.87912922,1250,Calcareous,2.2284,6.68116,0.290197547,0.6,14.72112205,1.305510142,0.401344279,0,13.04084408,12.81914973,0.781
QY024,QY024,2012,209.2839037,17.68217265,1250,Calcareous,2.24692,6.689168,0.296053987,0.98,13.54343229,1.305510142,0.411542702,0,13.26150926,13.0360636,0.7995
QY024,QY024,2013,209.2839037,16.48521608,1250,Calcareous,2.25092,6.676584,0.301376855,0.43,12.36574252,1.305510142,0.418390721,0,13.285913,13.06005248,0.818
QY024,QY024,2014,209.2839037,15.28825951,1250,Calcareous,2.26716,6.70184,0.306328778,1.16,11.18805276,1.305510142,0.443563265,0,13.22632715,13.00147959,0.8365
QY024,QY024,2015,209.2839037,14.09130294,1250,Calcareous,2.28504,6.696736,0.310710559,0.93,10.010363,1.305510142,0.498657902,0,13.22749422,13.00262682,0.84
QY024,QY024,2016,209.2839037,12.89434637,1250,Calcareous,2.29844,6.699816,0.31467293,1.24,8.832673232,1.305510142,0.508845197,0,13.22871954,13.0038313,0.84
QY024,QY024,2017,209.2839037,11.6973898,1250,Calcareous,2.30872,6.69744,0.318103608,0.95,7.654983467,1.305510142,0.483541607,0,13.6803888,13.44782219,0.84
QY024,QY024,2018,209.2839037,10.50043324,1250,Calcareous,2.34624,6.697968,0.321071612,0.93,6.477293703,1.305510142,0.497000137,0,12.99037087,12.76953456,0.84
QY024,QY024,2019,209.2839037,9.303476667,1250,Calcareous,2.34984,6.695944,0.323598167,0.91,5.299603939,1.305510142,0.496447491,0,12.7021231,12.486187,0.84
QY031,QY031,1985,89.17338403,48,1250,Non-calcareous,1.97092,5.953664,0.245216645,1.47,6.659197176,1.15037538,0.308869647,10.07971463,13.63882723,13.40696716,0.3
QY031,QY031,1986,89.17338403,46.79465696,1250,Non-calcareous,1.96348,5.851848,0.249891335,1.48,6.659197176,1.15037538,0.324713341,10.40709085,14.52959985,14.28259665,0.3185
QY031,QY031,1987,89.17338403,45.58931392,1250,Non-calcareous,1.96292,5.765168,0.254228253,1.53,6.659197176,1.15037538,0.39296148,11.33346078,13.18600041,12.9618384,0.337
QY031,QY031,1988,89.17338403,44.38397088,1250,Non-calcareous,1.95632,5.722928,0.258807565,1.2,6.659197176,1.15037538,0.406423646,12.06613094,13.279453,13.0537023,0.3555
QY031,QY031,1989,89.17338403,43.17862784,1250,Non-calcareous,1.95216,5.673648,0.263746781,1.2,6.659197176,1.15037538,0.465814237,12.08665385,13.27854822,13.0528129,0.374
QY031,QY031,1990,89.17338403,41.9732848,1250,Non-calcareous,1.94884,5.619264,0.268502968,1.47,6.659197176,1.15037538,0.525656686,12.10752745,13,12.779,0.3925
QY031,QY031,1991,89.17338403,40.76794176,1250,Non-calcareous,1.9464,5.567696,0.272837971,1.48,7.211036611,1.15037538,0.54783654,11.50531636,12.81077707,12.59299386,0.411
QY031,QY031,1992,89.17338403,39.56259873,1250,Non-calcareous,1.94396,5.5134,0.276922899,1.53,7.762876046,1.15037538,0.567451169,10.91361071,13.55541084,13.32496885,0.4295
QY031,QY031,1993,89.17338403,38.35725569,1250,Non-calcareous,1.94112,5.493248,0.28049851,1.2,8.314715481,1.15037538,0.591376337,12.17428285,13.55541084,13.32496885,0.448
QY031,QY031,1994,89.17338403,37.15191265,1250,Non-calcareous,1.93776,5.523872,0.285084013,1.95,8.866554916,1.15037538,0.579027757,12.46415724,13.44450325,13.2159467,0.4665
QY031,QY031,1995,89.17338403,35.94656961,1250,Non-calcareous,1.94584,5.396184,0.289204376,0.89,9.418394351,1.15037538,0.676592036,12.85842184,13.36201416,13.13485992,0.485
QY031,QY031,1996,89.17338403,34.74122657,1250,Non-calcareous,1.95888,5.433672,0.294491522,1.47,9.970233786,1.15037538,0.665784351,13.716214,13.09809813,12.87543046,0.5035
QY031,QY031,1997,89.17338403,33.53588353,1250,Non-calcareous,1.96944,5.450744,0.299704851,1.98,10.52207322,1.15037538,0.635341895,15.10373932,13.43385551,13.20547997,0.522
QY031,QY031,1998,89.17338403,32.33054049,1250,Non-calcareous,1.98096,5.337576,0.304968455,1.33,11.07391266,1.15037538,0.664909612,16.21450803,13.7198797,13.48664174,0.5405
QY031,QY031,1999,89.17338403,31.12519745,1250,Non-calcareous,2.00884,5.313112,0.311119678,1,11.62575209,1.15037538,0.679072946,17.50123155,13.65824346,13.42605333,0.559
QY031,QY031,2000,89.17338403,29.91985441,1250,Non-calcareous,2.03932,5.31848,0.318443248,1.41,12.17759153,1.15037538,0.695594592,17.97068848,13.58158365,13.35069673,0.5775
QY031,QY031,2001,89.17338403,28.71451137,1250,Non-calcareous,2.04616,5.259168,0.325507599,1.14,12.72943096,1.15037538,0.701078848,18.52506022,13.47700432,13.24789525,0.596
QY031,QY031,2002,89.17338403,27.50916833,1250,Non-calcareous,2.05144,5.335024,0.33320837,2.09,13.2812704,1.15037538,0.685357854,18.53937264,13.51666153,13.28687828,0.6145
QY031,QY031,2003,89.17338403,26.30382529,1250,Non-calcareous,2.06032,5.114144,0.339799773,0.85,13.83310983,1.15037538,0.844368664,18.71369305,14.05980204,13.8207854,0.633
QY031,QY031,2004,89.17338403,25.09848225,1250,Non-calcareous,2.07212,5.155944,0.347572231,1.31,14.38494927,1.15037538,0.921171498,19.50772248,15.15279956,14.89520197,0.6515
QY031,QY031,2005,89.17338403,23.89313922,1250,Non-calcareous,2.085,5.115728,0.35471571,1.31,14.9367887,1.15037538,1.01426556,20.35797136,14.21178794,13.97018754,0.67
QY031,QY031,2006,89.17338403,22.68779618,1250,Non-calcareous,2.0988,5.125232,0.362344758,1.55,15.48862814,1.15037538,1.018507631,21.15363184,12.89671607,12.6774719,0.6885
QY031,QY031,2007,89.17338403,21.48245314,1250,Non-calcareous,2.10796,5.049024,0.37027719,1.18,16.04046757,1.15037538,1.031534287,21.71095156,12.72476782,12.50844677,0.707
QY031,QY031,2008,89.17338403,20.2771101,1250,Non-calcareous,2.11156,5.012064,0.379047551,1.11,16.59230701,1.15037538,1.046985611,17.92357281,12.59113911,12.37708975,0.7255
QY031,QY031,2009,89.17338403,19.07176706,1250,Non-calcareous,2.12472,4.949936,0.386409698,0.95,17.14414644,1.15037538,1.07628732,18.38450522,11.88648374,11.68441352,0.744
QY031,QY031,2010,89.17338403,17.86642402,1250,Non-calcareous,2.13812,4.931016,0.394374661,0.91,17.14414644,1.15037538,1.091125051,18.86088281,11.12285715,10.93376857,0.7625
QY031,QY031,2011,89.17338403,16.66108098,1250,Non-calcareous,2.15284,4.81732,0.402743959,0.6,15.87420967,1.15037538,1.12528337,18.56148386,11.30206487,11.10992976,0.781
QY031,QY031,2012,89.17338403,15.45573794,1250,Non-calcareous,2.16724,4.842048,0.410846826,0.98,14.6042729,1.15037538,1.15060964,18.85285882,11.49330802,11.29792179,0.7995
QY031,QY031,2013,89.17338403,14.2503949,1250,Non-calcareous,2.16884,4.66508,0.416976754,0.43,13.33433612,1.15037538,1.170890504,18.63659586,11.51445794,11.31871215,0.818
QY031,QY031,2014,89.17338403,13.04505186,1250,Non-calcareous,2.18112,4.77464,0.423859273,1.16,12.06439935,1.15037538,1.238938716,18.6,11.46281686,11.26794898,0.8365
QY031,QY031,2015,89.17338403,11.83970882,1250,Non-calcareous,2.1938,4.688928,0.427275006,0.93,10.79446258,1.15037538,1.454860177,16.952827,11.46382833,11.26894324,0.84
QY031,QY031,2016,89.17338403,10.63436578,1250,Non-calcareous,2.20336,4.674672,0.42980182,1.24,9.524525802,1.15037538,1.48567019,17.07699154,11.46489027,11.26998713,0.84
QY031,QY031,2017,89.17338403,9.429022745,1250,Non-calcareous,2.2102,4.584032,0.429809696,0.95,8.254589028,1.15037538,1.392743644,17.00463266,11.85633696,11.65477923,0.84
QY031,QY031,2018,89.17338403,8.223679706,1250,Non-calcareous,2.24,4.508264,0.429636881,0.93,6.984652255,1.15037538,1.444383262,15.7967865,11.25832142,11.06692995,0.84
QY031,QY031,2019,89.17338403,7.018336667,1250,Non-calcareous,2.24032,4.42352,0.427776347,0.91,5.714715481,1.15037538,1.440890661,14.93910149,11.00850668,10.82136207,0.84
QY040,QY040,1985,84.58453739,20,1409.999967,Calcareous,1.300886556,6.710904,0.121391919,1.47,10.31201449,1.105497263,0.079398083,0,9.442265003,9.281746498,0.3
QY040,QY040,1986,84.58453739,19.60734922,1409.999967,Calcareous,1.291099321,6.709848,0.124751252,1.48,10.31201449,1.105497263,0.082472199,0,10.05895374,9.887951528,0.3185
QY040,QY040,1987,84.58453739,19.21469843,1409.999967,Calcareous,1.285531945,6.71064,0.128050299,1.53,10.31201449,1.105497263,0.101466098,0,9.128769513,8.973580431,0.337
QY040,QY040,1988,84.58453739,18.82204765,1409.999967,Calcareous,1.276453931,6.706416,0.131384838,1.2,10.31201449,1.105497263,0.106689834,0,9.193467462,9.037178515,0.3555
QY040,QY040,1989,84.58453739,18.42939686,1409.999967,Calcareous,1.26929081,6.705624,0.134742285,1.2,10.31201449,1.105497263,0.123637099,0,9.192841076,9.036562778,0.374
QY040,QY040,1990,84.58453739,18.03674608,1409.999967,Calcareous,1.26287237,6.708352,0.138086954,1.47,10.31201449,1.105497263,0.140677856,0,9,8.847,0.3925
QY040,QY040,1991,84.58453739,17.64409529,1409.999967,Calcareous,1.257446838,6.706064,0.14139545,1.48,11.59441739,1.105497263,0.147885606,0,8.868999509,8.718226517,0.411
QY040,QY040,1992,84.58453739,17.25144451,1409.999967,Calcareous,1.252198611,6.706944,0.145149477,1.53,12.87682028,1.105497263,0.154307259,0,9.384515195,9.224978437,0.4295
QY040,QY040,1993,84.58453739,16.85879373,1409.999967,Calcareous,1.246170242,6.703424,0.149300975,1.2,14.15922318,1.105497263,0.160593954,0,9.384515195,9.224978437,0.448
QY040,QY040,1994,84.58453739,16.46614294,1409.999967,Calcareous,1.240070951,6.70976,0.153939521,1.95,15.44162608,1.105497263,0.158203266,0,9.30773302,9.149501558,0.4665
QY040,QY040,1995,84.58453739,16.07349216,1409.999967,Calcareous,1.240992937,6.705712,0.158893342,0.89,16.72402898,1.105497263,0.181956537,0,9.250625185,9.093364557,0.485
QY040,QY040,1996,84.58453739,15.68084137,1409.999967,Calcareous,1.244680881,6.705712,0.164469618,1.47,18.00643187,1.105497263,0.181674908,0,9.06791409,8.91375955,0.5035
QY040,QY040,1997,84.58453739,15.28819059,1409.999967,Calcareous,1.24645393,6.708352,0.170388949,1.98,19.28883477,1.105497263,0.174226086,0,9.300361508,9.142255363,0.522
QY040,QY040,1998,84.58453739,14.8955398,1409.999967,Calcareous,1.248758895,6.712752,0.176629162,1.33,20.57123767,1.105497263,0.18325313,0,9.498378252,9.336905822,0.5405
QY040,QY040,1999,84.58453739,14.50288902,1409.999967,Calcareous,1.260922016,6.707736,0.183417868,1,21.85364057,1.105497263,0.187302642,0,9.455707014,9.294959995,0.559
QY040,QY040,2000,84.58453739,14.11023824,1409.999967,Calcareous,1.274751803,6.70536,0.190704709,1.41,23.13604346,1.105497263,0.188571129,0,9.402634834,9.242790042,0.5775
QY040,QY040,2001,84.58453739,13.71758745,1409.999967,Calcareous,1.273971661,6.706856,0.19834843,1.14,24.41844636,1.105497263,0.19149941,0,9.330233761,9.171619787,0.596
QY040,QY040,2002,84.58453739,13.32493667,1409.999967,Calcareous,1.272624144,6.712224,0.206498468,2.09,25.70084926,1.105497263,0.186634317,0,9.35768875,9.198608041,0.6145
QY040,QY040,2003,84.58453739,12.93228588,1409.999967,Calcareous,1.273617051,6.701136,0.214863515,0.85,26.98325216,1.105497263,0.229079567,0,9.733709102,9.568236047,0.633
QY040,QY040,2004,84.58453739,12.5396351,1409.999967,Calcareous,1.276241165,6.710552,0.22390981,1.31,28.26565505,1.105497263,0.246682502,0,10.49039969,10.3120629,0.6515
QY040,QY040,2005,84.58453739,12.14698431,1409.999967,Calcareous,1.279432654,6.704304,0.233224507,1.31,29.54805795,1.105497263,0.270079108,0,9.838930109,9.671668297,0.67
QY040,QY040,2006,84.58453739,11.75433353,1409.999967,Calcareous,1.283120598,6.711696,0.243019464,1.55,30.83046085,1.105497263,0.271293158,0,8.92849574,8.776711313,0.6885
QY040,QY040,2007,84.58453739,11.36168275,1409.999967,Calcareous,1.284007123,6.71196,0.2532632,1.18,32.11286375,1.105497263,0.275222984,0,8.809454644,8.659693915,0.707
QY040,QY040,2008,84.58453739,10.96903196,1409.999967,Calcareous,1.283404286,6.708264,0.264045305,1.11,33.39526664,1.105497263,0.279598591,0,8.716942463,8.568754441,0.7255
QY040,QY040,2009,84.58453739,10.57638118,1409.999967,Calcareous,1.287695066,6.707208,0.275277792,0.95,34.67766954,1.105497263,0.287707372,0,8.22910413,8.089209359,0.744
QY040,QY040,2010,84.58453739,10.18373039,1409.999967,Calcareous,1.291985846,6.704304,0.287028518,0.91,34.67766954,1.105497263,0.291862296,0,7.700439562,7.56953209,0.7625
QY040,QY040,2011,84.58453739,9.791079608,1409.999967,Calcareous,1.297304995,6.692424,0.298815561,0.6,32.10895328,1.105497263,0.30095572,0,7.824506445,7.691489836,0.781
QY040,QY040,2012,84.58453739,9.398428824,1409.999967,Calcareous,1.302198612,6.696824,0.309753713,0.98,29.54023702,1.105497263,0.308096385,0,7.956905554,7.821638159,0.7995
QY040,QY040,2013,84.58453739,9.005778039,1409.999967,Calcareous,1.299432655,6.69304,0.319630584,0.43,26.97152075,1.105497263,0.313416845,0,7.971547801,7.836031489,0.818
QY040,QY040,2014,84.58453739,8.613127255,1409.999967,Calcareous,1.303368825,6.707296,0.328776969,1.16,24.40280449,1.105497263,0.332475212,0,7.93579629,7.800887753,0.8365
QY040,QY040,2015,84.58453739,8.220476471,1409.999967,Calcareous,1.30819152,6.704128,0.336759947,0.93,21.83408823,1.105497263,0.381773935,0,7.936496533,7.801576092,0.84
QY040,QY040,2016,84.58453739,7.827825686,1409.999967,Calcareous,1.310638329,6.705536,0.343901948,1.24,19.26537197,1.105497263,0.389409285,0,7.937231722,7.802298783,0.84
QY040,QY040,2017,84.58453739,7.435174902,1409.999967,Calcareous,1.311489393,6.704744,0.34999058,0.95,16.6966557,1.105497263,0.367807602,0,8.208233281,8.068693315,0.84
QY040,QY040,2018,84.58453739,7.042524118,1409.999967,Calcareous,1.326950386,6.70492,0.35521183,0.93,14.12793944,1.105497263,0.379655728,0,7.79422252,7.661720737,0.84
QY040,QY040,2019,84.58453739,6.649873333,1409.999967,Calcareous,1.324184429,6.703952,0.359548875,0.91,11.55922318,1.105497263,0.378949618,0,7.621273858,7.491712203,0.84
QY049,QY049,1985,265.631325,52,1230.000019,Calcareous,3.445406451,6.705712,0.212100702,1.47,6.459792221,1.107919554,0.312264503,0,12.58968667,12.375662,0.3
QY049,QY049,1986,265.631325,50.94022804,1230.000019,Calcareous,3.410894256,6.704128,0.214938629,1.48,6.459792221,1.107919554,0.331596591,0,13.41193832,13.18393537,0.3185
QY049,QY049,1987,265.631325,49.88045608,1230.000019,Calcareous,3.383089378,6.70316,0.217757789,1.53,6.459792221,1.107919554,0.396616302,0,12.17169268,11.96477391,0.337
QY049,QY049,1988,265.631325,48.82068412,1230.000019,Calcareous,3.3502032,6.697792,0.220620319,1.2,6.459792221,1.107919554,0.40487528,0,12.25795662,12.04957135,0.3555
QY049,QY049,1989,265.631325,47.76091216,1230.000019,Calcareous,3.320569054,6.69568,0.223499609,1.2,6.459792221,1.107919554,0.46039354,0,12.25712143,12.04875037,0.374
QY049,QY049,1990,265.631325,46.7011402,1230.000019,Calcareous,3.292357673,6.698496,0.226394739,1.47,6.459792221,1.107919554,0.516435001,0,12,11.796,0.3925
QY049,QY049,1991,265.631325,45.64136824,1230.000019,Calcareous,3.26605686,6.696032,0.22929398,1.48,6.971750665,1.107919554,0.534419862,0,11.82533268,11.62430202,0.411
QY049,QY049,1992,265.631325,44.58159627,1230.000019,Calcareous,3.240447104,6.695944,0.23240513,1.53,7.483709109,1.107919554,0.550311013,0,12.51268693,12.29997125,0.4295
QY049,QY049,1993,265.631325,43.52182431,1230.000019,Calcareous,3.21394304,6.691544,0.235704654,1.2,7.995667553,1.107919554,0.574048568,0,12.51268693,12.29997125,0.448
QY049,QY049,1994,265.631325,42.46205235,1230.000019,Calcareous,3.187682877,6.702544,0.239240369,1.95,8.507625997,1.107919554,0.559023571,0,12.41031069,12.19933541,0.4665
QY049,QY049,1995,265.631325,41.40228039,1230.000019,Calcareous,3.172479626,6.6882,0.242917195,0.89,9.019584441,1.107919554,0.662204566,0,12.33416691,12.12448608,0.485
QY049,QY049,1996,265.631325,40.34250843,1230.000019,Calcareous,3.162032471,6.69436,0.24692203,1.47,9.531542885,1.107919554,0.643290672,0,12.09055212,11.88501273,0.5035
QY049,QY049,1997,265.631325,39.28273647,1230.000019,Calcareous,3.149186943,6.700168,0.251080399,1.98,10.04350133,1.107919554,0.610907178,0,12.40048201,12.18967382,0.522
QY049,QY049,1998,265.631325,38.22296451,1230.000019,Calcareous,3.137560927,6.698584,0.25537839,1.33,10.55545977,1.107919554,0.636332622,0,12.66450434,12.44920776,0.5405
QY049,QY049,1999,265.631325,37.16319255,1230.000019,Calcareous,3.141382065,6.691808,0.25993993,1,11.06741822,1.107919554,0.649610404,0,12.60760935,12.39327999,0.559
QY049,QY049,2000,265.631325,36.10342059,1230.000019,Calcareous,3.148414585,6.692688,0.264739147,1.41,11.57937666,1.107919554,0.675604635,0,12.53684645,12.32372006,0.5775
QY049,QY049,2001,265.631325,35.04364863,1230.000019,Calcareous,3.133739789,6.69084,0.269717546,1.14,12.09133511,1.107919554,0.676126361,0,12.44031168,12.22882638,0.596
QY049,QY049,2002,265.631325,33.98387667,1230.000019,Calcareous,3.118292635,6.703952,0.27492974,2.09,12.60329355,1.107919554,0.663260962,0,12.47691833,12.26481072,0.6145
QY049,QY049,2003,265.631325,32.92410471,1230.000019,Calcareous,3.106585318,6.676936,0.280249955,0.85,13.11525199,1.107919554,0.820356215,0,12.9782788,12.75764806,0.633
QY049,QY049,2004,265.631325,31.86433275,1230.000019,Calcareous,3.097601578,6.69436,0.285935576,1.31,13.62721044,1.107919554,0.904616045,0,13.98719959,13.7494172,0.6515
QY049,QY049,2005,265.631325,30.80456078,1230.000019,Calcareous,3.089878001,6.686176,0.29179076,1.31,14.13916888,1.107919554,1.001008292,0,13.11857348,12.89555773,0.67
QY049,QY049,2006,265.631325,29.74478882,1230.000019,Calcareous,3.083251985,6.696824,0.297905977,1.55,14.65112733,1.107919554,1.005164502,0,11.90466099,11.70228175,0.6885
QY049,QY049,2007,265.631325,28.68501686,1230.000019,Calcareous,3.072642229,6.692248,0.304235781,1.18,15.16308577,1.107919554,1.016408905,0,11.74593953,11.54625855,0.707
QY049,QY049,2008,265.631325,27.6252449,1230.000019,Calcareous,3.059959302,6.687672,0.31081641,1.11,15.67504421,1.107919554,1.030888935,0,11.62258995,11.42500592,0.7255
QY049,QY049,2009,265.631325,26.56547294,1230.000019,Calcareous,3.054959302,6.682744,0.317614683,0.95,16.18700266,1.107919554,1.058850768,0,10.97213884,10.78561248,0.744
QY049,QY049,2010,265.631325,25.50570098,1230.000019,Calcareous,3.050325156,6.679664,0.324661465,0.91,16.18700266,1.107919554,1.072854461,0,10.26725275,10.09270945,0.7625
QY049,QY049,2011,265.631325,24.44592902,1230.000019,Calcareous,3.047520278,6.654408,0.331732767,0.6,14.98796543,1.107919554,1.106252497,0,10.43267526,10.25531978,0.781
QY049,QY049,2012,265.631325,23.38615706,1230.000019,Calcareous,3.044430847,6.669896,0.338353665,0.98,13.78892819,1.107919554,1.129885652,0,10.6092074,10.42885088,0.7995
QY049,QY049,2013,265.631325,22.3263851,1230.000019,Calcareous,3.029918652,6.642176,0.344444232,0.43,12.58989096,1.107919554,1.150188319,0,10.6287304,10.44804198,0.818
QY049,QY049,2014,265.631325,21.26661314,1230.000019,Calcareous,3.025609709,6.68468,0.350120347,1.16,11.39085372,1.107919554,1.21437986,0,10.58106172,10.40118367,0.8365
QY049,QY049,2015,265.631325,20.20684118,1230.000019,Calcareous,3.023008083,6.674384,0.355247733,0.93,10.19181649,1.107919554,1.455073769,0,10.58199538,10.40210146,0.84
QY049,QY049,2016,265.631325,19.14706922,1230.000019,Calcareous,3.017032474,6.681424,0.360004221,1.24,8.992779255,1.107919554,1.487290807,0,10.58297563,10.40306504,0.84
QY049,QY049,2017,265.631325,18.08729725,1230.000019,Calcareous,3.008861742,6.675528,0.364234305,0.95,7.793742021,1.107919554,1.385080079,0,10.94431104,10.75825775,0.84
QY049,QY049,2018,265.631325,17.02752529,1230.000019,Calcareous,3.023089384,6.67456,0.367953373,0.93,6.594704787,1.107919554,1.442431244,0,10.39229669,10.21562765,0.84
QY049,QY049,2019,265.631325,15.96775333,1230.000019,Calcareous,3.010121905,6.672272,0.371216428,0.91,5.395667553,1.107919554,1.438216657,0,10.16169848,9.988949603,0.84
QY065,QY065,1985,193.25,21,1389.999986,Non-calcareous,3.019712261,6.125,0.257591635,1.47,5.709131324,1.318128756,0.243871145,0,11.54054611,11.34435683,0.3
QY065,QY065,1986,193.25,20.95575887,1389.999986,Non-calcareous,2.986510822,6.037,0.259479225,1.48,5.709131324,1.318128756,0.257042597,0,12.2942768,12.08527409,0.3185
QY065,QY065,1987,193.25,20.91151775,1389.999986,Non-calcareous,2.958741038,5.972144,0.261250577,1.53,5.709131324,1.318128756,0.31223009,0,11.15738496,10.96770942,0.337
QY065,QY065,1988,193.25,20.86727662,1389.999986,Non-calcareous,2.926906505,5.975224,0.263002191,1.2,5.709131324,1.318128756,0.323048246,0,11.23646023,11.04544041,0.3555
QY065,QY065,1989,193.25,20.82303549,1389.999986,Non-calcareous,2.897769814,5.95032,0.26483336,1.2,5.709131324,1.318128756,0.371680435,0,11.23569465,11.04468784,0.374
QY065,QY065,1990,193.25,20.77879436,1389.999986,Non-calcareous,2.869892116,5.912656,0.266647781,1.47,5.709131324,1.318128756,0.420660436,0,11,10.813,0.3925
QY065,QY065,1991,193.25,20.73455324,1389.999986,Non-calcareous,2.84356118,5.879128,0.26836112,1.48,6.070957589,1.318128756,0.438693861,0,10.83988829,10.65561019,0.411
QY065,QY065,1992,193.25,20.69031211,1389.999986,Non-calcareous,2.817913698,5.848152,0.270164728,1.53,6.432783854,1.318128756,0.455001094,0,11.46996302,11.27497364,0.4295
QY065,QY065,1993,193.25,20.64607098,1389.999986,Non-calcareous,2.791618734,5.876312,0.272004897,1.2,6.794610119,1.318128756,0.473807438,0,11.46996302,11.27497364,0.448
QY065,QY065,1994,193.25,20.60182985,1389.999986,Non-calcareous,2.765575568,5.8742,0.274117072,1.95,7.156436384,1.318128756,0.463700845,0,11.37611814,11.18272413,0.4665
QY065,QY065,1995,193.25,20.55758873,1389.999986,Non-calcareous,2.748561179,5.848768,0.276081283,0.89,7.518262649,1.318128756,0.541997696,0,11.30631967,11.11411224,0.485
QY065,QY065,1996,193.25,20.5133476,1389.999986,Non-calcareous,2.735431683,5.861704,0.27854649,1.47,7.880088914,1.318128756,0.532618439,0,11.08300611,10.89459501,0.5035
QY065,QY065,1997,193.25,20.46910647,1389.999986,Non-calcareous,2.720323769,5.86276,0.280937606,1.98,8.241915179,1.318128756,0.507365742,0,11.36710851,11.17386767,0.522
QY065,QY065,1998,193.25,20.42486534,1389.999986,Non-calcareous,2.706259021,5.844456,0.283233857,1.33,8.603741443,1.318128756,0.530488853,0,11.60912897,11.41177378,0.5405
QY065,QY065,1999,193.25,20.38062422,1389.999986,Non-calcareous,2.704748229,5.876488,0.285870273,1,8.965567708,1.318128756,0.542255929,0,11.55697524,11.36050666,0.559
QY065,QY065,2000,193.25,20.33638309,1389.999986,Non-calcareous,2.705755424,5.84736,0.288800959,1.41,9.327393973,1.318128756,0.555662899,0,11.49210924,11.29674338,0.5775
QY065,QY065,2001,193.25,20.29214196,1389.999986,Non-calcareous,2.689064776,5.87024,0.29166905,1.14,9.689220238,1.318128756,0.559031649,0,11.40361904,11.20975752,0.596
QY065,QY065,2002,193.25,20.24790083,1389.999986,Non-calcareous,2.671942474,5.867952,0.294807491,2.09,10.0510465,1.318128756,0.547963784,0,11.43717514,11.24274316,0.6145
QY065,QY065,2003,193.25,20.20365971,1389.999986,Non-calcareous,2.657949668,5.79676,0.297670069,0.85,10.41287277,1.318128756,0.676669982,0,11.89675557,11.69451072,0.633
QY065,QY065,2004,193.25,20.15941858,1389.999986,Non-calcareous,2.64625902,5.842608,0.301107511,1.31,10.77469903,1.318128756,0.737401081,0,12.82159963,12.60363243,0.6515
QY065,QY065,2005,193.25,20.11517745,1389.999986,Non-calcareous,2.635611538,5.837064,0.304487809,1.31,11.1365253,1.318128756,0.812621642,0,12.02535902,11.82092792,0.67
QY065,QY065,2006,193.25,20.07093632,1389.999986,Non-calcareous,2.625863336,5.857216,0.308047685,1.55,11.49835156,1.318128756,0.816642684,0,10.9126059,10.7270916,0.6885
QY065,QY065,2007,193.25,20.0266952,1389.999986,Non-calcareous,2.612949667,5.859856,0.311705628,1.18,11.86017783,1.318128756,0.826551906,0,10.76711123,10.58407034,0.707
QY065,QY065,2008,193.25,19.98245407,1389.999986,Non-calcareous,2.598453264,5.889336,0.315664446,1.11,12.22200409,1.318128756,0.839023098,0,10.65404079,10.47292209,0.7255
QY065,QY065,2009,193.25,19.93821294,1389.999986,Non-calcareous,2.590251825,5.9028,0.319819782,0.95,12.58383036,1.318128756,0.862458307,0,10.05779394,9.886811439,0.744
QY065,QY065,2010,193.25,19.89397181,1389.999986,Non-calcareous,2.582374127,5.957976,0.324218225,0.91,12.58383036,1.318128756,0.874310543,0,9.411648354,9.251650332,0.7625
QY065,QY065,2011,193.25,19.84973069,1389.999986,Non-calcareous,2.576007221,5.989832,0.328716238,0.6,11.65169478,1.318128756,0.900807254,0,9.563285655,9.400709799,0.781
QY065,QY065,2012,193.25,19.80548956,1389.999986,Non-calcareous,2.569424487,6.039552,0.333030103,0.98,10.71955919,1.318128756,0.920712495,0,9.725106788,9.559779972,0.7995
QY065,QY065,2013,193.25,19.76124843,1389.999986,Non-calcareous,2.553597149,6.109864,0.336896305,0.43,9.787423611,1.318128756,0.937072976,0,9.743002868,9.577371819,0.818
QY065,QY065,2014,193.25,19.7170073,1389.999986,Non-calcareous,2.546223048,6.136968,0.340682464,1.16,8.855288029,1.318128756,0.991370227,0,9.699306577,9.534418365,0.8365
QY065,QY065,2015,193.25,19.67276618,1389.999986,Non-calcareous,2.540251825,6.091032,0.343918016,0.93,7.923152447,1.318128756,1.170860804,0,9.70016243,9.535259668,0.84
QY065,QY065,2016,193.25,19.62852505,1389.999986,Non-calcareous,2.53158276,6.065336,0.34691114,1.24,6.991016865,1.318128756,1.195711414,0,9.701060994,9.536142957,0.84
QY065,QY065,2017,193.25,19.58428392,1389.999986,Non-calcareous,2.521151105,6.072816,0.349418412,0.95,6.058881283,1.318128756,1.118989802,0,10.03228512,9.861736274,0.84
QY065,QY065,2018,193.25,19.54004279,1389.999986,Non-calcareous,2.529028803,6.053632,0.351652915,0.93,5.126745701,1.318128756,1.161821464,0,9.526271968,9.364325345,0.84
QY065,QY065,2019,193.25,19.49580167,1389.999986,Non-calcareous,2.514676285,6.070616,0.353564119,0.91,4.194610119,1.318128756,1.158808103,0,9.314890271,9.156537136,0.84
QY070,QY070,1985,193.4244613,27,1399.999976,Calcareous,2.987857194,6.706504,0.138565827,1.47,5.912840331,1.333449911,0.22194349,20.46290453,14.68796778,14.43827233,0.3
QY070,QY070,1986,193.4244613,26.58457696,1399.999976,Calcareous,2.963285765,6.704568,0.148225333,1.48,5.912840331,1.333449911,0.232349995,21.12751347,15.64726138,15.38125793,0.3185
QY070,QY070,1987,193.4244613,26.16915392,1399.999976,Calcareous,2.945392907,6.7036,0.158085534,1.53,5.912840331,1.333449911,0.279937275,23.00814403,14.20030813,13.95890289,0.337
QY070,QY070,1988,193.4244613,25.75373088,1399.999976,Calcareous,2.921785764,6.69876,0.168636095,1.2,5.912840331,1.333449911,0.289613432,24.49554325,14.30094939,14.05783325,0.3555
QY070,QY070,1989,193.4244613,25.33830784,1399.999976,Calcareous,2.900571478,6.696648,0.179714031,1.2,5.912840331,1.333449911,0.33031098,24.53720695,14.29997501,14.05687543,0.374
QY070,QY070,1990,193.4244613,24.9228848,1399.999976,Calcareous,2.880357192,6.699376,0.190797634,1.47,5.912840331,1.333449911,0.371341478,24.5795826,14,13.762,0.3925
QY070,QY070,1991,193.4244613,24.50746176,1399.999976,Calcareous,2.861071477,6.696824,0.201878399,1.48,6.315408397,1.333449911,0.38682462,23.35702934,13.79622146,13.56168569,0.411
QY070,QY070,1992,193.4244613,24.09203873,1399.999976,Calcareous,2.84192862,6.69656,0.212651723,1.53,6.717976463,1.333449911,0.400066977,22.15580325,14.59813475,14.34996646,0.4295
QY070,QY070,1993,193.4244613,23.67661569,1399.999976,Calcareous,2.823035762,6.693216,0.223098173,1.2,7.120544529,1.333449911,0.417384314,24.71510325,14.59813475,14.34996646,0.448
QY070,QY070,1994,193.4244613,23.26119265,1399.999976,Calcareous,2.803821476,6.70404,0.234611253,1.95,7.523112595,1.333449911,0.409071935,25.30357942,14.47869581,14.23255798,0.4665
QY070,QY070,1995,193.4244613,22.84576961,1399.999976,Calcareous,2.795892905,6.690048,0.246396971,0.89,7.925680661,1.333449911,0.47739021,26.10397896,14.3898614,14.14523376,0.485
QY070,QY070,1996,193.4244613,22.43034657,1399.999976,Calcareous,2.793035762,6.695856,0.258701576,1.47,8.328248727,1.333449911,0.471042393,27.84538929,14.10564414,13.86584819,0.5035
QY070,QY070,1997,193.4244613,22.01492353,1399.999976,Calcareous,2.788142905,6.7014,0.271704865,1.98,8.730816794,1.333449911,0.45076461,30.66221488,14.46722901,14.22128612,0.522
QY070,QY070,1998,193.4244613,21.59950049,1399.999976,Calcareous,2.784464333,6.698232,0.285769062,1.33,9.13338486,1.333449911,0.47248982,32.9171948,14.77525506,14.52407572,0.5405
QY070,QY070,1999,193.4244613,21.18407745,1399.999976,Calcareous,2.796821476,6.693568,0.300820441,1,9.535952926,1.333449911,0.481981221,35.5293819,14.70887758,14.45882666,0.559
QY070,QY070,2000,193.4244613,20.76865441,1399.999976,Calcareous,2.811642905,6.693656,0.316963692,1.41,9.938520992,1.333449911,0.492983092,36.48242995,14.62632085,14.3776734,0.5775
QY070,QY070,2001,193.4244613,20.35323137,1399.999976,Calcareous,2.803928619,6.690576,0.333528306,1.14,10.34108906,1.333449911,0.498354135,37.60786419,14.51369696,14.26696411,0.596
QY070,QY070,2002,193.4244613,19.93780833,1399.999976,Calcareous,2.794892905,6.70492,0.350654945,2.09,10.74365712,1.333449911,0.485235926,37.63691993,14.55640472,14.30894584,0.6145
QY070,QY070,2003,193.4244613,19.52238529,1399.999976,Calcareous,2.78960719,6.675352,0.367787748,0.85,11.14622519,1.333449911,0.595701058,37.99080912,15.14132527,14.88392274,0.633
QY070,QY070,2004,193.4244613,19.10696225,1399.999976,Calcareous,2.787428619,6.695856,0.385328427,1.31,11.54879326,1.333449911,0.650479286,39.60277424,16.31839953,16.04098673,0.6515
QY070,QY070,2005,193.4244613,18.69153922,1399.999976,Calcareous,2.78660719,6.687232,0.403484425,1.31,11.95136132,1.333449911,0.715118813,41.3288709,15.30500239,15.04481735,0.67
QY070,QY070,2006,193.4244613,18.27611618,1399.999976,Calcareous,2.78685719,6.698496,0.422429402,1.55,12.35392939,1.333449911,0.71733086,42.94414722,13.88877115,13.65266204,0.6885
QY070,QY070,2007,193.4244613,17.86069314,1399.999976,Calcareous,2.782821476,6.693656,0.442096689,1.18,12.75649745,1.333449911,0.727249133,44.07556617,13.70359611,13.47063498,0.707
QY070,QY070,2008,193.4244613,17.4452701,1399.999976,Calcareous,2.772821476,6.689608,0.462355789,1.11,13.15906552,1.333449911,0.73806272,36.38678007,13.55968828,13.32917358,0.7255
QY070,QY070,2009,193.4244613,17.02984706,1399.999976,Calcareous,2.772714333,6.685032,0.480007044,0.95,13.56163359,1.333449911,0.758816567,37.32252243,12.80082865,12.58321456,0.744
QY070,QY070,2010,193.4244613,16.61442402,1399.999976,Calcareous,2.773142904,6.683536,0.49818254,0.91,13.56163359,1.333449911,0.769351411,38.28962015,11.97846154,11.77482769,0.7625
QY070,QY070,2011,193.4244613,16.19900098,1399.999976,Calcareous,2.774892904,6.657576,0.51673454,0.6,12.55706814,1.333449911,0.794540734,37.68180809,12.17145447,11.96453974,0.781
QY070,QY070,2012,193.4244613,15.78357794,1399.999976,Calcareous,2.776642904,6.67236,0.53474395,0.98,11.55250269,1.333449911,0.812942181,38.2733306,12.37740864,12.16699269,0.7995
QY070,QY070,2013,193.4244613,15.3681549,1399.999976,Calcareous,2.766178619,6.64552,0.552518403,0.43,10.54793723,1.333449911,0.827088645,37.83429353,12.40018547,12.18938232,0.818
QY070,QY070,2014,193.4244613,14.95273186,1399.999976,Calcareous,2.766321476,6.689608,0.569877191,1.16,9.543371783,1.333449911,0.875478516,37.76,12.34457201,12.13471428,0.8365
QY070,QY070,2015,193.4244613,14.53730882,1399.999976,Calcareous,2.766642904,6.677992,0.586719617,0.93,8.538806333,1.333449911,1.018336447,34.4160617,12.34566127,12.13578503,0.84
QY070,QY070,2016,193.4244613,14.12188578,1399.999976,Calcareous,2.764321476,6.685208,0.602076859,1.24,7.534240882,1.333449911,1.039770391,34.66812906,12.3468049,12.13690922,0.84
QY070,QY070,2017,193.4244613,13.70646275,1399.999976,Calcareous,2.759642904,6.679752,0.61707341,0.95,6.529675431,1.333449911,0.977567083,34.52123275,12.76836288,12.55130071,0.84
QY070,QY070,2018,193.4244613,13.29103971,1399.999976,Calcareous,2.777000047,6.679488,0.631650281,0.93,5.52510998,1.333449911,1.01186174,32.06917517,12.12434614,11.91823226,0.84
QY070,QY070,2019,193.4244613,12.87561667,1399.999976,Calcareous,2.766035761,6.677288,0.645011923,0.91,4.520544529,1.333449911,1.009703314,30.32798239,11.85531489,11.65377454,0.84
QY073,QY073,1985,150.35,20,1409.999967,Non-calcareous,3.014716383,6.330216,0.325433769,1.47,6.304812396,1.292894912,0.46557492,0,12.58968667,12.375662,0.3
QY073,QY073,1986,150.35,19.65382422,1409.999967,Non-calcareous,2.981383049,6.232272,0.327212667,1.48,6.304812396,1.292894912,0.486059947,0,13.41193832,13.18393537,0.3185
QY073,QY073,1987,150.35,19.30764843,1409.999967,Non-calcareous,2.953829857,6.147264,0.328812437,1.53,6.304812396,1.292894912,0.593637393,0,12.17169268,11.96477391,0.337
QY073,QY073,1988,150.35,18.96147265,1409.999967,Non-calcareous,2.921844041,6.12632,0.330401691,1.2,6.304812396,1.292894912,0.619789748,0,12.25795662,12.04957135,0.3555
QY073,QY073,1989,150.35,18.61529686,1409.999967,Non-calcareous,2.892766026,6.08892,0.332045057,1.2,6.304812396,1.292894912,0.71473936,0,12.25712143,12.04875037,0.374
QY073,QY073,1990,150.35,18.26912108,1409.999967,Non-calcareous,2.865000068,6.034712,0.33365993,1.47,6.304812396,1.292894912,0.810295416,0,12,11.796,0.3925
QY073,QY073,1991,150.35,17.92294529,1409.999967,Non-calcareous,2.838865315,5.992648,0.335151732,1.48,6.785774875,1.292894912,0.848697984,0,11.82533268,11.62430202,0.411
QY073,QY073,1992,150.35,17.57676951,1409.999967,Non-calcareous,2.8133334,5.943192,0.336757811,1.53,7.266737354,1.292894912,0.882781201,0,12.51268693,12.29997125,0.4295
QY073,QY073,1993,150.35,17.23059373,1409.999967,Non-calcareous,2.787092265,5.943544,0.338366184,1.2,7.747699833,1.292894912,0.919308431,0,12.51268693,12.29997125,0.448
QY073,QY073,1994,150.35,16.88441794,1409.999967,Non-calcareous,2.761099356,5.974784,0.340278058,1.95,8.228662312,1.292894912,0.903343902,0,12.41031069,12.19933541,0.4665
QY073,QY073,1995,150.35,16.53824216,1409.999967,Non-calcareous,2.744787299,5.85968,0.342102854,0.89,8.709624791,1.292894912,1.045856097,0,12.33416691,12.12448608,0.485
QY073,QY073,1996,150.35,16.19206637,1409.999967,Non-calcareous,2.732482334,5.910896,0.344390219,1.47,9.19058727,1.292894912,1.037975576,0,12.09055212,11.88501273,0.5035
QY073,QY073,1997,150.35,15.84589059,1409.999967,Non-calcareous,2.717978788,5.92964,0.34667842,1.98,9.67154975,1.292894912,0.993467273,0,12.40048201,12.18967382,0.522
QY073,QY073,1998,150.35,15.4997148,1409.999967,Non-calcareous,2.704468149,5.814008,0.34889296,1.33,10.15251223,1.292894912,1.042814901,0,12.66450434,12.44920776,0.5405
QY073,QY073,1999,150.35,15.15353902,1409.999967,Non-calcareous,2.704432688,5.82008,0.351324512,1,10.63347471,1.292894912,1.065467711,0,12.60760935,12.39327999,0.559
QY073,QY073,2000,150.35,14.80736324,1409.999967,Non-calcareous,2.706914958,5.832928,0.354123121,1.41,11.11443719,1.292894912,1.080402932,0,12.53684645,12.32372006,0.5775
QY073,QY073,2001,150.35,14.46118745,1409.999967,Non-calcareous,2.690248291,5.779688,0.356910121,1.14,11.59539967,1.292894912,1.093830267,0,12.44031168,12.22882638,0.596
QY073,QY073,2002,150.35,14.11501167,1409.999967,Non-calcareous,2.673120631,5.860824,0.359926783,2.09,12.07636215,1.292894912,1.067250128,0,12.47691833,12.26481072,0.6145
QY073,QY073,2003,150.35,13.76883588,1409.999967,Non-calcareous,2.659397226,5.638712,0.362743966,0.85,12.55732462,1.292894912,1.311850885,0,12.9782788,12.75764806,0.633
QY073,QY073,2004,150.35,13.4226601,1409.999967,Non-calcareous,2.648085169,5.7158,0.365993586,1.31,13.0382871,1.292894912,1.420474629,0,13.98719959,13.7494172,0.6515
QY073,QY073,2005,150.35,13.07648431,1409.999967,Non-calcareous,2.637801481,5.676904,0.369180139,1.31,13.51924958,1.292894912,1.55884526,0,13.11857348,12.89555773,0.67
QY073,QY073,2006,150.35,12.73030853,1409.999967,Non-calcareous,2.62847524,5.701632,0.372568983,1.55,14.00021206,1.292894912,1.56558374,0,11.90466099,11.70228175,0.6885
QY073,QY073,2007,150.35,12.38413275,1409.999967,Non-calcareous,2.615709282,5.638888,0.376142071,1.18,14.48117454,1.292894912,1.587195491,0,11.74593953,11.54625855,0.707
QY073,QY073,2008,150.35,12.03795696,1409.999967,Non-calcareous,2.601170274,5.625336,0.380017208,1.11,14.96213702,1.292894912,1.611804721,0,11.62258995,11.42500592,0.7255
QY073,QY073,2009,150.35,11.69178118,1409.999967,Non-calcareous,2.593439778,5.582128,0.38409498,0.95,15.4430995,1.292894912,1.657864654,0,10.97213884,10.78561248,0.744
QY073,QY073,2010,150.35,11.34560539,1409.999967,Non-calcareous,2.585957508,5.596296,0.388454948,0.91,15.4430995,1.292894912,1.68135266,0,10.26725275,10.09270945,0.7625
QY073,QY073,2011,150.35,10.99942961,1409.999967,Non-calcareous,2.580035522,5.503016,0.392965973,0.6,14.2991662,1.292894912,1.733931716,0,10.43267526,10.25531978,0.781
QY073,QY073,2012,150.35,10.65325382,1409.999967,Non-calcareous,2.573865309,5.559776,0.397172555,0.98,13.15523291,1.292894912,1.774218239,0,10.6092074,10.42885088,0.7995
QY073,QY073,2013,150.35,10.30707804,1409.999967,Non-calcareous,2.557695096,5.411584,0.400698859,0.43,12.01129961,1.292894912,1.805110472,0,10.6287304,10.44804198,0.818
QY073,QY073,2014,150.35,9.960902255,1409.999967,Non-calcareous,2.550673819,5.578168,0.404117492,1.16,10.86736631,1.292894912,1.912846931,0,10.58106172,10.40118367,0.8365
QY073,QY073,2015,150.35,9.614726471,1409.999967,Non-calcareous,2.545070982,5.500904,0.406738445,0.93,9.723433018,1.292894912,2.216711497,0,10.58199538,10.40210146,0.84
QY073,QY073,2016,150.35,9.268550686,1409.999967,Non-calcareous,2.536524883,5.531088,0.409065033,1.24,8.579499722,1.292894912,2.262150743,0,10.58297563,10.40306504,0.84
QY073,QY073,2017,150.35,8.922374902,1409.999967,Non-calcareous,2.52606389,5.49228,0.410700455,0.95,7.435566425,1.292894912,2.13003933,0,10.94431104,10.75825775,0.84
QY073,QY073,2018,150.35,8.576199118,1409.999967,Non-calcareous,2.535319209,5.469312,0.412009806,0.93,6.291633129,1.292894912,2.202913977,0,10.39229669,10.21562765,0.84
QY073,QY073,2019,150.35,8.230023333,1409.999967,Non-calcareous,2.520461053,5.45576,0.412927031,0.91,5.147699833,1.292894912,2.198314476,0,10.16169848,9.988949603,0.84
QY076,QY076,1985,160.6197719,21,1379.999995,Calcareous,1.916847833,6.708704,0.161807512,1.47,5.823536479,1.323598055,0.167143981,0,11.54054611,11.34435683,0.3
QY076,QY076,1986,160.6197719,20.68269897,1379.999995,Calcareous,1.900434789,6.70756,0.163875431,1.48,5.823536479,1.323598055,0.174131205,0,12.2942768,12.08527409,0.3185
QY076,QY076,1987,160.6197719,20.36539794,1379.999995,Calcareous,1.889384064,6.707296,0.165904192,1.53,5.823536479,1.323598055,0.213687601,0,11.15738496,10.96770942,0.337
QY076,QY076,1988,160.6197719,20.04809691,1379.999995,Calcareous,1.873949282,6.702456,0.167977219,1.2,5.823536479,1.323598055,0.223965978,0,11.23646023,11.04544041,0.3555
QY076,QY076,1989,160.6197719,19.73079588,1379.999995,Calcareous,1.861014499,6.701136,0.170075833,1.2,5.823536479,1.323598055,0.259178691,0,11.23569465,11.04468784,0.374
QY076,QY076,1990,160.6197719,19.41349485,1379.999995,Calcareous,1.849057977,6.704568,0.172178526,1.47,5.823536479,1.323598055,0.294596525,0,11,10.813,0.3925
QY076,QY076,1991,160.6197719,19.09619382,1379.999995,Calcareous,1.838405803,6.702104,0.174268619,1.48,6.208243775,1.323598055,0.309207159,0,10.83988829,10.65561019,0.411
QY076,QY076,1992,160.6197719,18.77889279,1379.999995,Calcareous,1.828115948,6.702544,0.176500149,1.53,6.592951071,1.323598055,0.322258868,0,11.46996302,11.27497364,0.4295
QY076,QY076,1993,160.6197719,18.46159176,1379.999995,Calcareous,1.816847832,6.698936,0.178837425,1.2,6.977658367,1.323598055,0.335423654,0,11.46996302,11.27497364,0.448
QY076,QY076,1994,160.6197719,18.14429074,1379.999995,Calcareous,1.805579716,6.707384,0.181348374,1.95,7.362365663,1.323598055,0.33000925,0,11.37611814,11.18272413,0.4665
QY076,QY076,1995,160.6197719,17.82698971,1379.999995,Calcareous,1.803188412,6.698848,0.183907898,0.89,7.747072959,1.323598055,0.380752839,0,11.30631967,11.11411224,0.485
QY076,QY076,1996,160.6197719,17.50968868,1379.999995,Calcareous,1.8043116,6.701224,0.186744634,1.47,8.131780255,1.323598055,0.378985116,0,11.08300611,10.89459501,0.5035
QY076,QY076,1997,160.6197719,17.19238765,1379.999995,Calcareous,1.80315218,6.705272,0.189653509,1.98,8.516487551,1.323598055,0.362972788,0,11.36710851,11.17386767,0.522
QY076,QY076,1998,160.6197719,16.87508662,1379.999995,Calcareous,1.802753629,6.706328,0.192617784,1.33,8.901194846,1.323598055,0.381341708,0,11.60912897,11.41177378,0.5405
QY076,QY076,1999,160.6197719,16.55778559,1379.999995,Calcareous,1.814746383,6.701136,0.195797806,1,9.285902142,1.323598055,0.389776553,0,11.55697524,11.36050666,0.559
QY076,QY076,2000,160.6197719,16.24048456,1379.999995,Calcareous,1.82891305,6.700344,0.199158973,1.41,9.670609438,1.323598055,0.393756891,0,11.49210924,11.29674338,0.5775
QY076,QY076,2001,160.6197719,15.92318353,1379.999995,Calcareous,1.824927543,6.69964,0.202609218,1.14,10.05531673,1.323598055,0.399143449,0,11.40361904,11.20975752,0.596
QY076,QY076,2002,160.6197719,15.6058825,1379.999995,Calcareous,1.820326093,6.709496,0.206242853,2.09,10.44002403,1.323598055,0.389440398,0,11.43717514,11.24274316,0.6145
QY076,QY076,2003,160.6197719,15.28858147,1379.999995,Calcareous,1.818659427,6.68996,0.209880523,0.85,10.82473133,1.323598055,0.478577408,0,11.89675557,11.69451072,0.633
QY076,QY076,2004,160.6197719,14.97128044,1379.999995,Calcareous,1.819057977,6.704392,0.213825218,1.31,11.20943862,1.323598055,0.516551207,0,12.82159963,12.60363243,0.6515
QY076,QY076,2005,160.6197719,14.65397941,1379.999995,Calcareous,1.820253629,6.696912,0.217821583,1.31,11.59414592,1.323598055,0.56627329,0,12.02535902,11.82092792,0.67
QY076,QY076,2006,160.6197719,14.33667838,1379.999995,Calcareous,1.822137687,6.70624,0.221999324,1.55,11.97885321,1.323598055,0.568871954,0,10.9126059,10.7270916,0.6885
QY076,QY076,2007,160.6197719,14.01937735,1379.999995,Calcareous,1.820579716,6.704128,0.226330635,1.18,12.36356051,1.323598055,0.576845903,0,10.76711123,10.58407034,0.707
QY076,QY076,2008,160.6197719,13.70207632,1379.999995,Calcareous,1.817246383,6.700432,0.230861315,1.11,12.74826781,1.323598055,0.585925023,0,10.65404079,10.47292209,0.7255
QY076,QY076,2009,160.6197719,13.38477529,1379.999995,Calcareous,1.820036238,6.697264,0.235543105,0.95,13.1329751,1.323598055,0.602793981,0,10.05779394,9.886811439,0.744
QY076,QY076,2010,160.6197719,13.06747426,1379.999995,Calcareous,1.822934789,6.695064,0.240414423,0.91,13.1329751,1.323598055,0.611416083,0,9.411648354,9.251650332,0.7625
QY076,QY076,2011,160.6197719,12.75017324,1379.999995,Calcareous,1.827101456,6.676232,0.245319362,0.6,12.16016213,1.323598055,0.630359819,0,9.563285655,9.400709799,0.781
QY076,QY076,2012,160.6197719,12.43287221,1379.999995,Calcareous,1.830869572,6.685648,0.249914046,0.98,11.18734916,1.323598055,0.645112616,0,9.725106788,9.559779972,0.7995
QY076,QY076,2013,160.6197719,12.11557118,1379.999995,Calcareous,1.825108702,6.670776,0.254092729,0.43,10.21453619,1.323598055,0.656316909,0,9.743002868,9.577371819,0.818
QY076,QY076,2014,160.6197719,11.79827015,1379.999995,Calcareous,1.827717398,6.699376,0.258014829,1.16,9.241723219,1.323598055,0.695856311,0,9.699306577,9.534418365,0.8365
QY076,QY076,2015,160.6197719,11.48096912,1379.999995,Calcareous,1.831485514,6.69304,0.261482319,0.93,8.268910249,1.323598055,0.803535524,0,9.70016243,9.535259668,0.84
QY076,QY076,2016,160.6197719,11.16366809,1379.999995,Calcareous,1.832355079,6.697,0.2646645,1.24,7.296097278,1.323598055,0.819803558,0,9.701060994,9.536142957,0.84
QY076,QY076,2017,160.6197719,10.84636706,1379.999995,Calcareous,1.831304354,6.694272,0.267433701,0.95,6.323284308,1.323598055,0.772888361,0,10.03228512,9.861736274,0.84
QY076,QY076,2018,160.6197719,10.52906603,1379.999995,Calcareous,1.848514499,6.694096,0.269858519,0.93,5.350471337,1.323598055,0.798724746,0,9.526271968,9.364325345,0.84
QY076,QY076,2019,160.6197719,10.211765,1379.999995,Calcareous,1.843043485,6.692424,0.271954174,0.91,4.377658367,1.323598055,0.797121051,0,9.314890271,9.156537136,0.84
QY077,QY077,1985,109.9509506,48,1250,Non-calcareous,2.24636,6.12236,0.287915704,1.47,5.909156466,1.3182508,0.172252903,0,10.49140556,10.31305166,0.3
QY077,QY077,1986,109.9509506,46.73671392,1250,Non-calcareous,2.2264,6.029608,0.288818048,1.48,5.909156466,1.3182508,0.17634848,0,11.17661527,10.98661281,0.3185
QY077,QY077,1987,109.9509506,45.47342784,1250,Non-calcareous,2.2118,5.94856,0.289388197,1.53,5.909156466,1.3182508,0.215845353,0,10.14307724,9.970644923,0.337
QY077,QY077,1988,109.9509506,44.21014176,1250,Non-calcareous,2.19296,5.928672,0.289892112,1.2,5.909156466,1.3182508,0.228453735,0,10.21496385,10.04130946,0.3555
QY077,QY077,1989,109.9509506,42.94685569,1250,Non-calcareous,2.17664,5.889776,0.290516798,1.2,5.909156466,1.3182508,0.262681396,0,10.21426786,10.04062531,0.374
QY077,QY077,1990,109.9509506,41.68356961,1250,Non-calcareous,2.1614,5.829584,0.291047206,1.47,5.909156466,1.3182508,0.297111208,0,10,9.83,0.3925
QY077,QY077,1991,109.9509506,40.42028353,1250,Non-calcareous,2.14752,5.780656,0.291279352,1.48,6.310987759,1.3182508,0.31297209,0,9.854443899,9.686918353,0.411
QY077,QY077,1992,109.9509506,39.15699745,1250,Non-calcareous,2.13412,5.728032,0.291540868,1.53,6.712819052,1.3182508,0.326282892,0,10.42723911,10.24997604,0.4295
QY077,QY077,1993,109.9509506,37.89371137,1250,Non-calcareous,2.11984,5.730672,0.291640667,1.2,7.114650345,1.3182508,0.340257993,0,10.42723911,10.24997604,0.448
QY077,QY077,1994,109.9509506,36.63042529,1250,Non-calcareous,2.10556,5.754872,0.292181348,1.95,7.516481638,1.3182508,0.336699169,0,10.34192558,10.16611284,0.4665
QY077,QY077,1995,109.9509506,35.36713922,1250,Non-calcareous,2.10028,5.647336,0.292364676,0.89,7.918312931,1.3182508,0.38388648,0,10.27847243,10.1037384,0.485
QY077,QY077,1996,109.9509506,34.10385314,1250,Non-calcareous,2.09872,5.68456,0.293285543,1.47,8.320144224,1.3182508,0.387762407,0,10.0754601,9.904177278,0.5035
QY077,QY077,1997,109.9509506,32.84056706,1250,Non-calcareous,2.095,5.698992,0.293997396,1.98,8.721975518,1.3182508,0.374900828,0,10.33373501,10.15806151,0.522
QY077,QY077,1998,109.9509506,31.57728098,1250,Non-calcareous,2.09216,5.581776,0.294425333,1.33,9.123806811,1.3182508,0.396420169,0,10.55375361,10.3743398,0.5405
QY077,QY077,1999,109.9509506,30.3139949,1250,Non-calcareous,2.10184,5.595856,0.295143238,1,9.525638104,1.3182508,0.404200026,0,10.50634113,10.32773333,0.559
QY077,QY077,2000,109.9509506,29.05070882,1250,Non-calcareous,2.11396,5.595944,0.296449692,1.41,9.927469397,1.3182508,0.403156757,0,10.44737204,10.26976671,0.5775
QY077,QY077,2001,109.9509506,27.78742275,1250,Non-calcareous,2.10812,5.54288,0.297529295,1.14,10.32930069,1.3182508,0.41331451,0,10.3669264,10.19068865,0.596
QY077,QY077,2002,109.9509506,26.52413667,1250,Non-calcareous,2.10152,5.621728,0.298924035,2.09,10.73113198,1.3182508,0.398713626,0,10.39743194,10.2206756,0.6145
QY077,QY077,2003,109.9509506,25.26085059,1250,Non-calcareous,2.09792,5.395744,0.299778841,0.85,11.13296328,1.3182508,0.484736983,0,10.81523234,10.63137339,0.633
QY077,QY077,2004,109.9509506,23.99756451,1250,Non-calcareous,2.09644,5.466672,0.301257167,1.31,11.53479457,1.3182508,0.52060767,0,11.65599966,11.45784767,0.6515
QY077,QY077,2005,109.9509506,22.73427843,1250,Non-calcareous,2.09588,5.426896,0.302399374,1.31,11.93662586,1.3182508,0.566707881,0,10.93214457,10.74629811,0.67
QY077,QY077,2006,109.9509506,21.47099235,1250,Non-calcareous,2.09604,5.451008,0.303708286,1.55,12.33845716,1.3182508,0.567846021,0,9.920550823,9.751901459,0.6885
QY077,QY077,2007,109.9509506,20.20770627,1250,Non-calcareous,2.09288,5.381488,0.305193249,1.18,12.74028845,1.3182508,0.577847599,0,9.788282938,9.621882128,0.707
QY077,QY077,2008,109.9509506,18.9444202,1250,Non-calcareous,2.08792,5.365208,0.307093103,1.11,13.14211974,1.3182508,0.587083136,0,9.685491626,9.520838268,0.7255
QY077,QY077,2009,109.9509506,17.68113412,1250,Non-calcareous,2.08912,5.313816,0.309220518,0.95,13.54395104,1.3182508,0.604519182,0,9.143449033,8.988010399,0.744
QY077,QY077,2010,109.9509506,16.41784804,1250,Non-calcareous,2.09052,5.327632,0.31168055,0.91,13.54395104,1.3182508,0.613537935,0,8.556043958,8.410591211,0.7625
QY077,QY077,2011,109.9509506,15.15456196,1250,Non-calcareous,2.09332,5.22168,0.314410875,0.6,12.5406954,1.3182508,0.634712394,0,8.69389605,8.546099817,0.781
QY077,QY077,2012,109.9509506,13.89127588,1250,Non-calcareous,2.0958,5.262952,0.316910531,0.98,11.53743977,1.3182508,0.651042544,0,8.841006171,8.690709066,0.7995
QY077,QY077,2013,109.9509506,12.6279898,1250,Non-calcareous,2.08876,5.10552,0.318413911,0.43,10.53418414,1.3182508,0.661853636,0,8.857275335,8.706701654,0.818
QY077,QY077,2014,109.9509506,11.36470373,1250,Non-calcareous,2.09004,5.2648,0.320113745,1.16,9.530928506,1.3182508,0.703367272,0,8.817551434,8.667653059,0.8365
QY077,QY077,2015,109.9509506,10.10141765,1250,Non-calcareous,2.0926,5.189472,0.32052894,0.93,8.527672874,1.3182508,0.782543579,0,8.818329482,8.66841788,0.84
QY077,QY077,2016,109.9509506,8.838131569,1250,Non-calcareous,2.09232,5.212088,0.320661145,1.24,7.524417242,1.3182508,0.797566836,0,8.819146358,8.66922087,0.84
QY077,QY077,2017,109.9509506,7.57484549,1250,Non-calcareous,2.09012,5.167032,0.319820779,0.95,6.521161609,1.3182508,0.761012218,0,9.120259201,8.965214794,0.84
QY077,QY077,2018,109.9509506,6.311559412,1250,Non-calcareous,2.10628,5.137552,0.318860453,0.93,5.517905977,1.3182508,0.780359464,0,8.660247244,8.513023041,0.84
QY077,QY077,2019,109.9509506,5.048273333,1250,Non-calcareous,2.09992,5.113616,0.3174883,0.91,4.514650345,1.3182508,0.779631405,0,8.468082065,8.324124669,0.84
QY079,QY079,1985,227.9112801,19,1409.999967,Calcareous,1.643297911,6.70184,0.246204991,1.47,6.504911744,1.15310596,0.412791722,0,11.54054611,11.34435683,0.3
QY079,QY079,1986,227.9112801,18.93796665,1409.999967,Calcareous,1.631418478,6.699904,0.248226988,1.48,6.504911744,1.15310596,0.434696243,0,12.2942768,12.08527409,0.3185
QY079,QY079,1987,227.9112801,18.87593329,1409.999967,Calcareous,1.624716351,6.698848,0.250203109,1.53,6.504911744,1.15310596,0.52953567,0,11.15738496,10.96770942,0.337
QY079,QY079,1988,227.9112801,18.81389994,1409.999967,Calcareous,1.613687981,6.693568,0.25225221,1.2,6.504911744,1.15310596,0.549051598,0,11.23646023,11.04544041,0.3555
QY079,QY079,1989,227.9112801,18.75186659,1409.999967,Calcareous,1.60507096,6.692072,0.254356173,1.2,6.504911744,1.15310596,0.633109414,0,11.23569465,11.04468784,0.374
QY079,QY079,1990,227.9112801,18.68983324,1409.999967,Calcareous,1.597305002,6.695328,0.256481431,1.47,6.504911744,1.15310596,0.717737998,0,11,10.813,0.3925
QY079,QY079,1991,227.9112801,18.62779988,1409.999967,Calcareous,1.59078018,6.692776,0.258593153,1.48,7.025894093,1.15310596,0.749427948,0,10.83988829,10.65561019,0.411
QY079,QY079,1992,227.9112801,18.56576653,1409.999967,Calcareous,1.584539045,6.692336,0.260898941,1.53,7.546876442,1.15310596,0.778228233,0,11.46996302,11.27497364,0.4295
QY079,QY079,1993,227.9112801,18.50373318,1409.999967,Calcareous,1.577340463,6.6882,0.263350496,1.2,8.067858791,1.15310596,0.810116832,0,11.46996302,11.27497364,0.448
QY079,QY079,1994,227.9112801,18.44169982,1409.999967,Calcareous,1.570035498,6.70096,0.266056252,1.95,8.58884114,1.15310596,0.793377824,0,11.37611814,11.18272413,0.4665
QY079,QY079,1995,227.9112801,18.37966647,1409.999967,Calcareous,1.571312094,6.68248,0.26879561,0.89,9.109823489,1.15310596,0.925535581,0,11.30631967,11.11411224,0.485
QY079,QY079,1996,227.9112801,18.31763312,1409.999967,Calcareous,1.576063867,6.690928,0.271969801,1.47,9.630805838,1.15310596,0.910942422,0,11.08300611,10.89459501,0.5035
QY079,QY079,1997,227.9112801,18.25559976,1409.999967,Calcareous,1.578510676,6.697792,0.275215658,1.98,10.15178819,1.15310596,0.867978319,0,11.36710851,11.17386767,0.522
QY079,QY079,1998,227.9112801,18.19356641,1409.999967,Calcareous,1.581631243,6.692424,0.278512732,1.33,10.67277054,1.15310596,0.90794988,0,11.60912897,11.41177378,0.5405
QY079,QY079,1999,227.9112801,18.13153306,1409.999967,Calcareous,1.596844009,6.685824,0.282130387,1,11.19375288,1.15310596,0.928351921,0,11.55697524,11.36050666,0.559
QY079,QY079,2000,227.9112801,18.06949971,1409.999967,Calcareous,1.614184435,6.688112,0.286009543,1.41,11.71473523,1.15310596,0.949269352,0,11.49210924,11.29674338,0.5775
QY079,QY079,2001,227.9112801,18.00746635,1409.999967,Calcareous,1.613723442,6.683976,0.290000758,1.14,12.23571758,1.15310596,0.955582088,0,11.40361904,11.20975752,0.596
QY079,QY079,2002,227.9112801,17.945433,1409.999967,Calcareous,1.612588691,6.701664,0.294248538,2.09,12.75669993,1.15310596,0.936829148,0,11.43717514,11.24274316,0.6145
QY079,QY079,2003,227.9112801,17.88339965,1409.999967,Calcareous,1.614255357,6.666112,0.298470976,0.85,13.27768228,1.15310596,1.156892593,0,11.89675557,11.69451072,0.633
QY079,QY079,2004,227.9112801,17.82136629,1409.999967,Calcareous,1.617872379,6.689256,0.303180409,1.31,13.79866463,1.15310596,1.258349492,0,12.82159963,12.60363243,0.6515
QY079,QY079,2005,227.9112801,17.75933294,1409.999967,Calcareous,1.622269542,6.67984,0.3079716,1.31,14.31964698,1.15310596,1.385981264,0,12.02535902,11.82092792,0.67
QY079,QY079,2006,227.9112801,17.69729959,1409.999967,Calcareous,1.627269542,6.6926,0.3130218,1.55,14.84062933,1.15310596,1.393121898,0,10.9126059,10.7270916,0.6885
QY079,QY079,2007,227.9112801,17.63526624,1409.999967,Calcareous,1.628865287,6.685648,0.318267265,1.18,15.36161168,1.15310596,1.410125477,0,10.76711123,10.58407034,0.707
QY079,QY079,2008,227.9112801,17.57323288,1409.999967,Calcareous,1.62861706,6.680808,0.323792834,1.11,15.88259402,1.15310596,1.431597387,0,10.65404079,10.47292209,0.7255
QY079,QY079,2009,227.9112801,17.51119953,1409.999967,Calcareous,1.634361741,6.674384,0.329526123,0.95,16.40357637,1.15310596,1.471749437,0,10.05779394,9.886811439,0.744
QY079,QY079,2010,227.9112801,17.44916618,1409.999967,Calcareous,1.640141883,6.672624,0.335519946,0.91,16.40357637,1.15310596,1.492082168,0,9.411648354,9.251650332,0.7625
QY079,QY079,2011,227.9112801,17.38713282,1409.999967,Calcareous,1.64716316,6.641032,0.341561831,0.6,15.18849664,1.15310596,1.536953372,0,9.563285655,9.400709799,0.781
QY079,QY079,2012,227.9112801,17.32509947,1409.999967,Calcareous,1.653723443,6.660656,0.347244741,0.98,13.97341691,1.15310596,1.571016473,0,9.725106788,9.559779972,0.7995
QY079,QY079,2013,227.9112801,17.26306612,1409.999967,Calcareous,1.650922025,6.624136,0.35240978,0.43,12.75833718,1.15310596,1.598909956,0,9.743002868,9.577371819,0.818
QY079,QY079,2014,227.9112801,17.20103276,1409.999967,Calcareous,1.656241174,6.679136,0.35729012,1.16,11.54325745,1.15310596,1.692038917,0,9.699306577,9.534418365,0.8365
QY079,QY079,2015,227.9112801,17.13899941,1409.999967,Calcareous,1.662695075,6.665848,0.361602885,0.93,10.32817772,1.15310596,1.995288377,0,9.70016243,9.535259668,0.84
QY079,QY079,2016,227.9112801,17.07696606,1409.999967,Calcareous,1.666241174,6.675176,0.365637134,1.24,9.113097985,1.15310596,2.037368214,0,9.701060994,9.536142957,0.84
QY079,QY079,2017,227.9112801,17.01493271,1409.999967,Calcareous,1.667836919,6.667608,0.369162293,0.95,7.898018254,1.15310596,1.907701103,0,10.03228512,9.861736274,0.84
QY079,QY079,2018,227.9112801,16.95289935,1409.999967,Calcareous,1.687269543,6.66664,0.372258245,0.93,6.682938522,1.15310596,1.980065982,0,9.526271968,9.364325345,0.84
QY079,QY079,2019,227.9112801,16.890866,1409.999967,Calcareous,1.684539047,6.664176,0.374966917,0.91,5.467858791,1.15310596,1.974991449,0,9.314890271,9.156537136,0.84
QY081,QY081,1985,73.79163498,4,1740.00001,Calcareous,2.175172402,6.704832,0.171405206,1.47,6.536952818,1.181994887,0.397375457,11.5103838,14.68796778,14.43827233,0.3
QY081,QY081,1986,73.79163498,4.570053725,1740.00001,Calcareous,2.156379299,6.702104,0.176691334,1.48,6.536952818,1.181994887,0.422635096,11.88422633,15.64726138,15.38125793,0.3185
QY081,QY081,1987,73.79163498,5.140107451,1740.00001,Calcareous,2.142931023,6.700608,0.182060779,1.53,6.536952818,1.181994887,0.507589149,12.94208102,14.20030813,13.95890289,0.337
QY081,QY081,1988,73.79163498,5.710161176,1740.00001,Calcareous,2.124942517,6.694184,0.187768826,1.2,6.536952818,1.181994887,0.518837955,13.77874308,14.30094939,14.05783325,0.3555
QY081,QY081,1989,73.79163498,6.280214902,1740.00001,Calcareous,2.109166655,6.692072,0.193729581,1.2,6.536952818,1.181994887,0.592376512,13.80217891,14.29997501,14.05687543,0.374
QY081,QY081,1990,73.79163498,6.850268627,1740.00001,Calcareous,2.094224126,6.695592,0.199705373,1.47,6.536952818,1.181994887,0.666562236,13.82601521,14,13.762,0.3925
QY081,QY081,1991,73.79163498,7.420322353,1740.00001,Calcareous,2.080287345,6.69304,0.20568279,1.48,7.064343381,1.181994887,0.690583839,13.138329,13.79622146,13.56168569,0.411
QY081,QY081,1992,73.79163498,7.990376078,1740.00001,Calcareous,2.066551713,6.6926,0.211611142,1.53,7.591733945,1.181994887,0.712326016,12.46263933,14.59813475,14.34996646,0.4295
QY081,QY081,1993,73.79163498,8.560429804,1740.00001,Calcareous,2.05255746,6.688376,0.217469538,1.2,8.119124508,1.181994887,0.742452539,13.90224558,14.59813475,14.34996646,0.448
QY081,QY081,1994,73.79163498,9.130483529,1740.00001,Calcareous,2.038362058,6.700344,0.223918721,1.95,8.646515072,1.181994887,0.723043597,14.23326342,14.47869581,14.23255798,0.4665
QY081,QY081,1995,73.79163498,9.700537255,1740.00001,Calcareous,2.03321838,6.68336,0.230532525,0.89,9.173905635,1.181994887,0.855761019,14.68348816,14.3898614,14.14523376,0.485
QY081,QY081,1996,73.79163498,10.27059098,1740.00001,Calcareous,2.031867805,6.690488,0.237551581,1.47,9.701296199,1.181994887,0.831178636,15.66303148,14.10564414,13.86584819,0.5035
QY081,QY081,1997,73.79163498,10.84064471,1740.00001,Calcareous,2.028563207,6.697264,0.244935561,1.98,10.22868676,1.181994887,0.788366314,17.24749587,14.46722901,14.22128612,0.522
QY081,QY081,1998,73.79163498,11.41069843,1740.00001,Calcareous,2.026120679,6.693216,0.252843245,1.33,10.75607733,1.181994887,0.820793868,18.51592208,14.77525506,14.52407572,0.5405
QY081,QY081,1999,73.79163498,11.98075216,1740.00001,Calcareous,2.036350564,6.686704,0.261325387,1,11.28346789,1.181994887,0.838618771,19.98527732,14.70887758,14.45882666,0.559
QY081,QY081,2000,73.79163498,12.55080588,1740.00001,Calcareous,2.048591943,6.688112,0.270411256,1.41,11.81085845,1.181994887,0.87140418,20.52136685,14.62632085,14.3776734,0.5775
QY081,QY081,2001,73.79163498,13.12085961,1740.00001,Calcareous,2.042528724,6.684416,0.279757198,1.14,12.33824902,1.181994887,0.871130089,21.15442361,14.51369696,14.26696411,0.596
QY081,QY081,2002,73.79163498,13.69091333,1740.00001,Calcareous,2.035660908,6.700872,0.289462489,2.09,12.86563958,1.181994887,0.856419832,21.17076746,14.55640472,14.30894584,0.6145
QY081,QY081,2003,73.79163498,14.26096706,1740.00001,Calcareous,2.031810334,6.667696,0.29919267,0.85,13.39303014,1.181994887,1.061177153,21.36983013,15.14132527,14.88392274,0.633
QY081,QY081,2004,73.79163498,14.83102078,1740.00001,Calcareous,2.03025861,6.688376,0.309305232,1.31,13.92042071,1.181994887,1.167954355,22.27656051,16.31839953,16.04098673,0.6515
QY081,QY081,2005,73.79163498,15.40107451,1740.00001,Calcareous,2.029683897,6.678696,0.319763363,1.31,14.44781127,1.181994887,1.292880471,23.24748988,15.30500239,15.04481735,0.67
QY081,QY081,2006,73.79163498,15.97112824,1740.00001,Calcareous,2.029885046,6.690928,0.330695495,1.55,14.97520183,1.181994887,1.29914335,24.15608281,13.88877115,13.65266204,0.6885
QY081,QY081,2007,73.79163498,16.54118196,1740.00001,Calcareous,2.02663792,6.684416,0.342039018,1.18,15.5025924,1.181994887,1.313082117,24.79250597,13.70359611,13.47063498,0.707
QY081,QY081,2008,73.79163498,17.11123569,1740.00001,Calcareous,2.01979884,6.679488,0.353766061,1.11,16.02998296,1.181994887,1.331997517,20.46756379,13.55968828,13.32917358,0.7255
QY081,QY081,2009,73.79163498,17.68128941,1740.00001,Calcareous,2.02025861,6.673064,0.364406658,0.95,16.55737352,1.181994887,1.368155433,20.99391887,12.80082865,12.58321456,0.744
QY081,QY081,2010,73.79163498,18.25134314,1740.00001,Calcareous,2.020977,6.670512,0.375394263,0.91,16.55737352,1.181994887,1.386259399,21.53791133,11.97846154,11.77482769,0.7625
QY081,QY081,2011,73.79163498,18.82139686,1740.00001,Calcareous,2.022844816,6.639536,0.38656478,0.6,15.33090141,1.181994887,1.428181639,21.19601705,12.17145447,11.96453974,0.781
QY081,QY081,2012,73.79163498,19.39145059,1740.00001,Calcareous,2.024482748,6.658896,0.397326237,0.98,14.1044293,1.181994887,1.45829779,21.52874846,12.37740864,12.16699269,0.7995
QY081,QY081,2013,73.79163498,19.96150431,1740.00001,Calcareous,2.016408035,6.622288,0.407763953,0.43,12.87795719,1.181994887,1.484649621,21.28179011,12.40018547,12.18938232,0.818
QY081,QY081,2014,73.79163498,20.53155804,1740.00001,Calcareous,2.016896541,6.676144,0.417872848,1.16,11.65148507,1.181994887,1.567555288,21.24,12.34457201,12.13471428,0.8365
QY081,QY081,2015,73.79163498,21.10161176,1740.00001,Calcareous,2.017931023,6.663472,0.427514932,0.93,10.42501296,1.181994887,1.884798341,19.35903471,12.34566127,12.13578503,0.84
QY081,QY081,2016,73.79163498,21.67166549,1740.00001,Calcareous,2.016494242,6.672536,0.436378777,1.24,9.198540847,1.181994887,1.926454088,19.50082259,12.3468049,12.13690922,0.84
QY081,QY081,2017,73.79163498,22.24171922,1740.00001,Calcareous,2.013160909,6.66488,0.444866017,0.95,7.972068734,1.181994887,1.79230738,19.41819342,12.76836288,12.55130071,0.84
QY081,QY081,2018,73.79163498,22.81177294,1740.00001,Calcareous,2.027873552,6.663736,0.452963385,0.93,6.745596621,1.181994887,1.867790207,18.03891103,12.12434614,11.91823226,0.84
QY081,QY081,2019,73.79163498,23.38182667,1740.00001,Calcareous,2.019626426,6.660832,0.46034032,0.91,5.519124508,1.181994887,1.862120294,17.05949009,11.85531489,11.65377454,0.84
QY085,QY085,1985,79.5356147,48,1250,Non-calcareous,1.59124,6.033832,0.174140595,1.47,6.588309371,1.17753158,0.136465622,0,9.442265003,9.281746498,0.3
QY085,QY085,1986,79.5356147,46.72405422,1250,Non-calcareous,1.58,5.926472,0.175252824,1.48,6.588309371,1.17753158,0.142604331,0,10.05895374,9.887951528,0.3185
QY085,QY085,1987,79.5356147,45.44810843,1250,Non-calcareous,1.57356,5.843136,0.175993415,1.53,6.588309371,1.17753158,0.175293616,0,9.128769513,8.973580431,0.337
QY085,QY085,1988,79.5356147,44.17216265,1250,Non-calcareous,1.5632,5.796056,0.176642519,1.2,6.588309371,1.17753158,0.183533321,0,9.193467462,9.037178515,0.3555
QY085,QY085,1989,79.5356147,42.89621686,1250,Non-calcareous,1.55508,5.750648,0.177364559,1.2,6.588309371,1.17753158,0.212843371,0,9.192841076,9.036562778,0.374
QY085,QY085,1990,79.5356147,41.62027108,1250,Non-calcareous,1.54776,5.698992,0.177966027,1.47,6.588309371,1.17753158,0.242319895,0,9,8.847,0.3925
QY085,QY085,1991,79.5356147,40.34432529,1250,Non-calcareous,1.5416,5.649448,0.178251872,1.48,7.125971246,1.17753158,0.254281542,0,8.868999509,8.718226517,0.411
QY085,QY085,1992,79.5356147,39.06837951,1250,Non-calcareous,1.53572,5.60096,0.178609174,1.53,7.66363312,1.17753158,0.265122796,0,9.384515195,9.224978437,0.4295
QY085,QY085,1993,79.5356147,37.79243373,1250,Non-calcareous,1.52896,5.576056,0.178859796,1.2,8.201294994,1.17753158,0.275814867,0,9.384515195,9.224978437,0.448
QY085,QY085,1994,79.5356147,36.51648794,1250,Non-calcareous,1.52208,5.57456,0.179557387,1.95,8.738956868,1.17753158,0.271127336,0,9.30773302,9.149501558,0.4665
QY085,QY085,1995,79.5356147,35.24054216,1250,Non-calcareous,1.5232,5.485592,0.1797293,0.89,9.276618743,1.17753158,0.313307683,0,9.250625185,9.093364557,0.485
QY085,QY085,1996,79.5356147,33.96459637,1250,Non-calcareous,1.52756,5.49756,0.180926768,1.47,9.814280617,1.17753158,0.311145367,0,9.06791409,8.91375955,0.5035
QY085,QY085,1997,79.5356147,32.68865059,1250,Non-calcareous,1.52988,5.4914,0.181768718,1.98,10.35194249,1.17753158,0.297471012,0,9.300361508,9.142255363,0.522
QY085,QY085,1998,79.5356147,31.4127048,1250,Non-calcareous,1.53288,5.410176,0.182179577,1.33,10.88960437,1.17753158,0.312175624,0,9.498378252,9.336905822,0.5405
QY085,QY085,1999,79.5356147,30.13675902,1250,Non-calcareous,1.54704,5.386328,0.183195787,1,11.42726624,1.17753158,0.319271488,0,9.455707014,9.294959995,0.559
QY085,QY085,2000,79.5356147,28.86081324,1250,Non-calcareous,1.56332,5.383072,0.184795245,1.41,11.96492811,1.17753158,0.323086436,0,9.402634834,9.242790042,0.5775
QY085,QY085,2001,79.5356147,27.58486745,1250,Non-calcareous,1.56332,5.334408,0.186094426,1.14,12.50258999,1.17753158,0.326844858,0,9.330233761,9.171619787,0.596
QY085,QY085,2002,79.5356147,26.30892167,1250,Non-calcareous,1.56256,5.375856,0.187841788,2.09,13.04025186,1.17753158,0.319642013,0,9.35768875,9.198608041,0.6145
QY085,QY085,2003,79.5356147,25.03297588,1250,Non-calcareous,1.56436,5.202848,0.188653985,0.85,13.57791374,1.17753158,0.393635014,0,9.733709102,9.568236047,0.633
QY085,QY085,2004,79.5356147,23.7570301,1250,Non-calcareous,1.56804,5.236552,0.190670321,1.31,14.11557561,1.17753158,0.424968315,0,10.49039969,10.3120629,0.6515
QY085,QY085,2005,79.5356147,22.48108431,1250,Non-calcareous,1.5724,5.198976,0.192072173,1.31,14.65323749,1.17753158,0.466412844,0,9.838930109,9.671668297,0.67
QY085,QY085,2006,79.5356147,21.20513853,1250,Non-calcareous,1.57736,5.202848,0.193674861,1.55,15.19089936,1.17753158,0.468821675,0,8.92849574,8.776711313,0.6885
QY085,QY085,2007,79.5356147,19.92919275,1250,Non-calcareous,1.5792,5.133504,0.195313574,1.18,15.72856123,1.17753158,0.47508362,0,8.809454644,8.659693915,0.707
QY085,QY085,2008,79.5356147,18.65324696,1250,Non-calcareous,1.57936,5.101384,0.197530136,1.11,16.26622311,1.17753158,0.482564688,0,8.716942463,8.568754441,0.7255
QY085,QY085,2009,79.5356147,17.37730118,1250,Non-calcareous,1.58504,5.045152,0.199950798,0.95,16.80388498,1.17753158,0.49639533,0,8.22910413,8.089209359,0.744
QY085,QY085,2010,79.5356147,16.10135539,1250,Non-calcareous,1.59076,5.029664,0.202769614,0.91,16.80388498,1.17753158,0.503450919,0,7.700439562,7.56953209,0.7625
QY085,QY085,2011,79.5356147,14.82540961,1250,Non-calcareous,1.59764,4.92292,0.205750709,0.6,15.55915276,1.17753158,0.518661415,0,7.824506445,7.691489836,0.781
QY085,QY085,2012,79.5356147,13.54946382,1250,Non-calcareous,1.60416,4.944568,0.208529224,0.98,14.31442054,1.17753158,0.530580154,0,7.956905554,7.821638159,0.7995
QY085,QY085,2013,79.5356147,12.27351804,1250,Non-calcareous,1.60204,4.781152,0.209775185,0.43,13.06968832,1.17753158,0.539870714,0,7.971547801,7.836031489,0.818
QY085,QY085,2014,79.5356147,10.99757225,1250,Non-calcareous,1.60736,4.890008,0.211504638,1.16,11.8249561,1.17753158,0.572199258,0,7.93579629,7.800887753,0.8365
QY085,QY085,2015,79.5356147,9.721626471,1250,Non-calcareous,1.61376,4.815208,0.2108789,0.93,10.58022388,1.17753158,0.665024929,0,7.936496533,7.801576092,0.84
QY085,QY085,2016,79.5356147,8.445680686,1250,Non-calcareous,1.61752,4.808872,0.210048072,1.24,9.335491657,1.17753158,0.678582532,0,7.937231722,7.802298783,0.84
QY085,QY085,2017,79.5356147,7.169734902,1250,Non-calcareous,1.61948,4.728088,0.207574207,0.95,8.090759436,1.17753158,0.638454889,0,8.208233281,8.068693315,0.84
QY085,QY085,2018,79.5356147,5.893789118,1250,Non-calcareous,1.63784,4.66112,0.204977036,0.93,6.846027215,1.17753158,0.660672666,0,7.79422252,7.661720737,0.84
QY085,QY085,2019,79.5356147,4.617843333,1250,Non-calcareous,1.63592,4.584032,0.201612121,0.91,5.601294994,1.17753158,0.659221818,0,7.621273858,7.491712203,0.84
QY087,QY087,1985,100.11673,21,1379.999995,Calcareous,2.212210153,6.703688,0.182920108,1.47,6.540480816,1.18527533,0.336195923,5.115726133,12.58968667,12.375662,0.3
QY087,QY087,1986,100.11673,20.72854309,1379.999995,Calcareous,2.193659428,6.70184,0.18713936,1.48,6.540480816,1.18527533,0.354725578,5.281878369,13.41193832,13.18393537,0.3185
QY087,QY087,1987,100.11673,20.45708618,1379.999995,Calcareous,2.180905805,6.699992,0.191380153,1.53,6.540480816,1.18527533,0.424216101,5.752036009,12.17169268,11.96477391,0.337
QY087,QY087,1988,100.11673,20.18562926,1379.999995,Calcareous,2.163333341,6.6948,0.195839342,1.2,6.540480816,1.18527533,0.43484332,6.123885812,12.25795662,12.04957135,0.3555
QY087,QY087,1989,100.11673,19.91417235,1379.999995,Calcareous,2.148297109,6.692336,0.200452049,1.2,6.540480816,1.18527533,0.493631041,6.134301737,12.25712143,12.04875037,0.374
QY087,QY087,1990,100.11673,19.64271544,1379.999995,Calcareous,2.134239138,6.695152,0.205074845,1.47,6.540480816,1.18527533,0.552970804,6.14489565,12,11.796,0.3925
QY087,QY087,1991,100.11673,19.37125853,1379.999995,Calcareous,2.121413051,6.692336,0.209691657,1.48,7.06857698,1.18527533,0.573207783,5.839257335,11.82533268,11.62430202,0.411
QY087,QY087,1992,100.11673,19.09980162,1379.999995,Calcareous,2.108913051,6.691984,0.214386919,1.53,7.596673143,1.18527533,0.590536652,5.538950813,12.51268693,12.29997125,0.4295
QY087,QY087,1993,100.11673,18.82834471,1379.999995,Calcareous,2.095724645,6.6882,0.21912536,1.2,8.124769306,1.18527533,0.616394653,6.178775813,12.51268693,12.29997125,0.448
QY087,QY087,1994,100.11673,18.55688779,1379.999995,Calcareous,2.082463775,6.70096,0.224320637,1.95,8.652865469,1.18527533,0.601735025,6.325894855,12.41031069,12.19933541,0.4665
QY087,QY087,1995,100.11673,18.28543088,1379.999995,Calcareous,2.078840587,6.682304,0.229660676,0.89,9.180961633,1.18527533,0.709138582,6.525994739,12.33416691,12.12448608,0.485
QY087,QY087,1996,100.11673,18.01397397,1379.999995,Calcareous,2.079311601,6.691104,0.23541483,1.47,9.709057796,1.18527533,0.693116495,6.961347322,12.09055212,11.88501273,0.5035
QY087,QY087,1997,100.11673,17.74251706,1379.999995,Calcareous,2.077427543,6.697792,0.241439856,1.98,10.23715396,1.18527533,0.66074881,7.66555372,12.40048201,12.18967382,0.522
QY087,QY087,1998,100.11673,17.47106015,1379.999995,Calcareous,2.076449283,6.69216,0.247811368,1.33,10.76525012,1.18527533,0.690161603,8.229298701,12.66450434,12.44920776,0.5405
QY087,QY087,1999,100.11673,17.19960324,1379.999995,Calcareous,2.089130442,6.686,0.254650971,1,11.29334629,1.18527533,0.703944656,8.882345474,12.60760935,12.39327999,0.559
QY087,QY087,2000,100.11673,16.92814632,1379.999995,Calcareous,2.104057978,6.687936,0.261957677,1.41,11.82144245,1.18527533,0.727846589,9.120607487,12.53684645,12.32372006,0.5775
QY087,QY087,2001,100.11673,16.65668941,1379.999995,Calcareous,2.099239138,6.683712,0.269487266,1.14,12.34953861,1.18527533,0.73180498,9.401966047,12.44031168,12.22882638,0.596
QY087,QY087,2002,100.11673,16.3852325,1379.999995,Calcareous,2.093623196,6.701576,0.277347697,2.09,12.87763478,1.18527533,0.714717798,9.409229983,12.47691833,12.26481072,0.6145
QY087,QY087,2003,100.11673,16.11377559,1379.999995,Calcareous,2.091231891,6.66532,0.285245137,0.85,13.40573094,1.18527533,0.88033934,9.49770228,12.9782788,12.75764806,0.633
QY087,QY087,2004,100.11673,15.84231868,1379.999995,Calcareous,2.091195659,6.68908,0.293559877,1.31,13.9338271,1.18527533,0.968409021,9.900693559,13.98719959,13.7494172,0.6515
QY087,QY087,2005,100.11673,15.57086176,1379.999995,Calcareous,2.092137688,6.679312,0.302124874,1.31,14.46192327,1.18527533,1.0686603,10.33221772,13.11857348,12.89555773,0.67
QY087,QY087,2006,100.11673,15.29940485,1379.999995,Calcareous,2.093876819,6.692336,0.311091461,1.55,14.99001943,1.18527533,1.072142532,10.7360368,11.90466099,11.70228175,0.6885
QY087,QY087,2007,100.11673,15.02794794,1379.999995,Calcareous,2.091847833,6.684944,0.320407072,1.18,15.51811559,1.18527533,1.085562508,11.01889154,11.74593953,11.54625855,0.707
QY087,QY087,2008,100.11673,14.75649103,1379.999995,Calcareous,2.086884065,6.680544,0.330077615,1.11,16.04621175,1.18527533,1.101163468,9.096695017,11.62258995,11.42500592,0.7255
QY087,QY087,2009,100.11673,14.48503412,1379.999995,Calcareous,2.089202906,6.674208,0.339251041,0.95,16.57430792,1.18527533,1.131432955,9.330630607,10.97213884,10.78561248,0.744
QY087,QY087,2010,100.11673,14.21357721,1379.999995,Calcareous,2.091702906,6.672624,0.348757461,0.91,16.57430792,1.18527533,1.146675266,9.572405037,10.26725275,10.09270945,0.7625
QY087,QY087,2011,100.11673,13.94212029,1379.999995,Calcareous,2.095579717,6.64068,0.358389766,0.6,15.34658141,1.18527533,1.183798251,9.420452021,10.43267526,10.25531978,0.781
QY087,QY087,2012,100.11673,13.67066338,1379.999995,Calcareous,2.09909421,6.660744,0.367567416,0.98,14.11885489,1.18527533,1.210131856,9.568332651,10.6092074,10.42885088,0.7995
QY087,QY087,2013,100.11673,13.39920647,1379.999995,Calcareous,2.092137688,6.624224,0.376277611,0.43,12.89112838,1.18527533,1.231527221,9.458573384,10.6287304,10.44804198,0.818
QY087,QY087,2014,100.11673,13.12774956,1379.999995,Calcareous,2.094347833,6.679576,0.384611286,1.16,11.66340187,1.18527533,1.30150043,9.44,10.58106172,10.40118367,0.8365
QY087,QY087,2015,100.11673,12.85629265,1379.999995,Calcareous,2.097500007,6.66576,0.392380341,0.93,10.43567536,1.18527533,1.538165319,8.604015426,10.58199538,10.40210146,0.84
QY087,QY087,2016,100.11673,12.58483574,1379.999995,Calcareous,2.09775363,6.675176,0.399513012,1.24,9.207948843,1.18527533,1.571632516,8.667032264,10.58297563,10.40306504,0.84
QY087,QY087,2017,100.11673,12.31337882,1379.999995,Calcareous,2.095869572,6.667608,0.406148624,0.95,7.980222331,1.18527533,1.469922472,8.630308188,10.94431104,10.75825775,0.84
QY087,QY087,2018,100.11673,12.04192191,1379.999995,Calcareous,2.113695659,6.666376,0.412313688,0.93,6.752495818,1.18527533,1.526522238,8.017293793,10.39229669,10.21562765,0.84
QY087,QY087,2019,100.11673,11.770465,1379.999995,Calcareous,2.106847833,6.664088,0.417844614,0.91,5.524769306,1.18527533,1.522640832,7.581995597,10.16169848,9.988949603,0.84
QY090,QY090,1985,108.447782,21,1379.999995,Calcareous,2.141920297,6.70492,0.153095144,1.47,6.192973518,1.183341835,0.162698886,0,9.442265003,9.281746498,0.3
QY090,QY090,1986,108.447782,20.76530951,1379.999995,Calcareous,2.119456529,6.703688,0.155449227,1.48,6.192973518,1.183341835,0.168124551,0,10.05895374,9.887951528,0.3185
QY090,QY090,1987,108.447782,20.53061902,1379.999995,Calcareous,2.101413051,6.70272,0.157777595,1.53,6.192973518,1.183341835,0.203763341,0,9.128769513,8.973580431,0.337
QY090,QY090,1988,108.447782,20.29592853,1379.999995,Calcareous,2.079927543,6.698672,0.16013281,1.2,6.192973518,1.183341835,0.213279284,0,9.193467462,9.037178515,0.3555
QY090,QY090,1989,108.447782,20.06123804,1379.999995,Calcareous,2.060652181,6.69744,0.162509179,1.2,6.192973518,1.183341835,0.24373707,0,9.192841076,9.036562778,0.374
QY090,QY090,1990,108.447782,19.82654755,1379.999995,Calcareous,2.042282616,6.700608,0.164888822,1.47,6.192973518,1.183341835,0.274414843,0,9,8.847,0.3925
QY090,QY090,1991,108.447782,19.59185706,1379.999995,Calcareous,2.025144935,6.698056,0.167255117,1.48,6.651568222,1.183341835,0.287446026,0,8.868999509,8.718226517,0.411
QY090,QY090,1992,108.447782,19.35716657,1379.999995,Calcareous,2.008478268,6.697792,0.169786988,1.53,7.110162925,1.183341835,0.298322582,0,9.384515195,9.224978437,0.4295
QY090,QY090,1993,108.447782,19.12247608,1379.999995,Calcareous,1.991159427,6.695064,0.172460605,1.2,7.568757629,1.183341835,0.311311417,0,9.384515195,9.224978437,0.448
QY090,QY090,1994,108.447782,18.88778559,1379.999995,Calcareous,1.973985514,6.705712,0.175328838,1.95,8.027352333,1.183341835,0.306770734,0,9.30773302,9.149501558,0.4665
QY090,QY090,1995,108.447782,18.6530951,1379.999995,Calcareous,1.964202905,6.692336,0.178284756,0.89,8.485947036,1.183341835,0.35351038,0,9.250625185,9.093364557,0.485
QY090,QY090,1996,108.447782,18.41840461,1379.999995,Calcareous,1.957463775,6.69788,0.181521209,1.47,8.94454174,1.183341835,0.353490531,0,9.06791409,8.91375955,0.5035
QY090,QY090,1997,108.447782,18.18371412,1379.999995,Calcareous,1.949021746,6.703072,0.184863326,1.98,9.403136444,1.183341835,0.340501192,0,9.300361508,9.142255363,0.522
QY090,QY090,1998,108.447782,17.94902363,1379.999995,Calcareous,1.941340586,6.700168,0.188299031,1.33,9.861731147,1.183341835,0.358792504,0,9.498378252,9.336905822,0.5405
QY090,QY090,1999,108.447782,17.71433314,1379.999995,Calcareous,1.94391305,6.695416,0.191964693,1,10.32032585,1.183341835,0.365727963,0,9.455707014,9.294959995,0.559
QY090,QY090,2000,108.447782,17.47964265,1379.999995,Calcareous,1.948442036,6.696032,0.195830031,1.41,10.77892055,1.183341835,0.368964145,0,9.402634834,9.242790042,0.5775
QY090,QY090,2001,108.447782,17.24495216,1379.999995,Calcareous,1.938260876,6.693304,0.199812131,1.14,11.23751526,1.183341835,0.376202482,0,9.330233761,9.171619787,0.596
QY090,QY090,2002,108.447782,17.01026167,1379.999995,Calcareous,1.927717398,6.707296,0.203993414,2.09,11.69610996,1.183341835,0.36390568,0,9.35768875,9.198608041,0.6145
QY090,QY090,2003,108.447782,16.77557118,1379.999995,Calcareous,1.91967392,6.679488,0.208216684,0.85,12.15470467,1.183341835,0.443811304,0,9.733709102,9.568236047,0.633
QY090,QY090,2004,108.447782,16.54088069,1379.999995,Calcareous,1.913442036,6.699904,0.21275721,1.31,12.61329937,1.183341835,0.48068102,0,10.49039969,10.3120629,0.6515
QY090,QY090,2005,108.447782,16.3061902,1379.999995,Calcareous,1.908007253,6.69128,0.217392382,1.31,13.07189407,1.183341835,0.525414909,0,9.838930109,9.671668297,0.67
QY090,QY090,2006,108.447782,16.07149971,1379.999995,Calcareous,1.903260876,6.70272,0.222220101,1.55,13.53048878,1.183341835,0.526494949,0,8.92849574,8.776711313,0.6885
QY090,QY090,2007,108.447782,15.83680922,1379.999995,Calcareous,1.895797108,6.69832,0.227211464,1.18,13.98908348,1.183341835,0.535037909,0,8.809454644,8.659693915,0.707
QY090,QY090,2008,108.447782,15.60211873,1379.999995,Calcareous,1.88699276,6.694712,0.232419141,1.11,14.44767818,1.183341835,0.543273146,0,8.716942463,8.568754441,0.7255
QY090,QY090,2009,108.447782,15.36742824,1379.999995,Calcareous,1.88333334,6.690664,0.237800138,0.95,14.90627289,1.183341835,0.559022088,0,8.22910413,8.089209359,0.744
QY090,QY090,2010,108.447782,15.13273775,1379.999995,Calcareous,1.879855079,6.689608,0.243385568,0.91,14.90627289,1.183341835,0.567104492,0,7.700439562,7.56953209,0.7625
QY090,QY090,2011,108.447782,14.89804725,1379.999995,Calcareous,1.877536238,6.665672,0.248993435,0.6,13.80210453,1.183341835,0.586547116,0,7.824506445,7.691489836,0.781
QY090,QY090,2012,108.447782,14.66335676,1379.999995,Calcareous,1.875036238,6.678784,0.254240586,0.98,12.69793616,1.183341835,0.601074323,0,7.956905554,7.821638159,0.7995
QY090,QY090,2013,108.447782,14.42866627,1379.999995,Calcareous,1.864782615,6.656344,0.259025047,0.43,11.5937678,1.183341835,0.611228644,0,7.971547801,7.836031489,0.818
QY090,QY090,2014,108.447782,14.19397578,1379.999995,Calcareous,1.861521746,6.695768,0.263498287,1.16,10.48959944,1.183341835,0.648419651,0,7.93579629,7.800887753,0.8365
QY090,QY090,2015,108.447782,13.95928529,1379.999995,Calcareous,1.859311601,6.686176,0.267469343,0.93,9.385431077,1.183341835,0.734165982,0,7.936496533,7.801576092,0.84
QY090,QY090,2016,108.447782,13.7245948,1379.999995,Calcareous,1.854818847,6.692248,0.271097331,1.24,8.281262715,1.183341835,0.748887929,0,7.937231722,7.802298783,0.84
QY090,QY090,2017,108.447782,13.48990431,1379.999995,Calcareous,1.848840586,6.688112,0.27426531,0.95,7.177094353,1.183341835,0.710314559,0,8.208233281,8.068693315,0.84
QY090,QY090,2018,108.447782,13.25521382,1379.999995,Calcareous,1.857898557,6.68776,0.277048066,0.93,6.072925991,1.183341835,0.731105103,0,7.79422252,7.661720737,0.84
QY090,QY090,2019,108.447782,13.02052333,1379.999995,Calcareous,1.848514499,6.686088,0.279446638,0.91,4.968757629,1.183341835,0.730084739,0,7.621273858,7.491712203,0.84
QY094,QY094,1985,152.512294,21,1379.999995,Calcareous,1.451956527,6.71064,0.180373021,1.47,5.832090342,1.180771099,0.087412799,0,8.393124447,8.250441332,0.3
QY094,QY094,1986,152.512294,21.03602814,1379.999995,Calcareous,1.439746382,6.70932,0.182406885,1.48,5.832090342,1.180771099,0.093429738,0,8.941292215,8.789290247,0.3185
QY094,QY094,1987,152.512294,21.07205627,1379.999995,Calcareous,1.431413048,6.7102,0.184409087,1.53,5.832090342,1.180771099,0.111842774,0,8.114461789,7.976515939,0.337
QY094,QY094,1988,152.512294,21.10808441,1379.999995,Calcareous,1.419927541,6.706328,0.186434094,1.2,5.832090342,1.180771099,0.113740597,0,8.171971077,8.033047569,0.3555
QY094,QY094,1989,152.512294,21.14411255,1379.999995,Calcareous,1.41028986,6.705448,0.188501101,1.2,5.832090342,1.180771099,0.129639171,0,8.17141429,8.032500247,0.374
QY094,QY094,1990,152.512294,21.18014069,1379.999995,Calcareous,1.401376816,6.70844,0.19056588,1.47,5.832090342,1.180771099,0.145686381,0,8,7.864,0.3925
QY094,QY094,1991,152.512294,21.21616882,1379.999995,Calcareous,1.393442034,6.706152,0.19259313,1.48,6.21850841,1.180771099,0.15054054,0,7.883555119,7.749534682,0.411
QY094,QY094,1992,152.512294,21.25219696,1379.999995,Calcareous,1.385760874,6.706768,0.194756533,1.53,6.604926479,1.180771099,0.15498915,0,8.341791284,8.199980833,0.4295
QY094,QY094,1993,152.512294,21.2882251,1379.999995,Calcareous,1.377391309,6.702808,0.197027564,1.2,6.991344547,1.180771099,0.161554436,0,8.341791284,8.199980833,0.448
QY094,QY094,1994,152.512294,21.32425324,1379.999995,Calcareous,1.369021744,6.709232,0.199489997,1.95,7.377762615,1.180771099,0.156951969,0,8.273540462,8.132890274,0.4665
QY094,QY094,1995,152.512294,21.36028137,1379.999995,Calcareous,1.367101454,6.7058,0.201953968,0.89,7.764180684,1.180771099,0.186825134,0,8.222777943,8.082990718,0.485
QY094,QY094,1996,152.512294,21.39630951,1379.999995,Calcareous,1.367862324,6.705096,0.204755933,1.47,8.150598752,1.180771099,0.180407305,0,8.06036808,7.923341823,0.5035
QY094,QY094,1997,152.512294,21.43233765,1379.999995,Calcareous,1.366956526,6.708088,0.207587986,1.98,8.537016821,1.180771099,0.170647684,0,8.266988007,8.126449211,0.522
QY094,QY094,1998,152.512294,21.46836578,1379.999995,Calcareous,1.36663044,6.713192,0.210448096,1.33,8.923434889,1.180771099,0.177249146,0,8.443002891,8.299471841,0.5405
QY094,QY094,1999,152.512294,21.50439392,1379.999995,Calcareous,1.375362324,6.707648,0.213567343,1,9.309852957,1.180771099,0.181130591,0,8.405072901,8.262186662,0.559
QY094,QY094,2000,152.512294,21.54042206,1379.999995,Calcareous,1.385760874,6.705008,0.216886849,1.41,9.696271026,1.180771099,0.189435299,0,8.35789763,8.21581337,0.5775
QY094,QY094,2001,152.512294,21.5764502,1379.999995,Calcareous,1.383043483,6.707296,0.220267905,1.14,10.08268909,1.180771099,0.188682732,0,8.293541121,8.152550922,0.596
QY094,QY094,2002,152.512294,21.61247833,1379.999995,Calcareous,1.379818845,6.711872,0.22384843,2.09,10.46910716,1.180771099,0.185965701,0,8.317945555,8.176540481,0.6145
QY094,QY094,2003,152.512294,21.64850647,1379.999995,Calcareous,1.378731889,6.70228,0.227369505,0.85,10.85552523,1.180771099,0.231014103,0,8.652185868,8.505098709,0.633
QY094,QY094,2004,152.512294,21.68453461,1379.999995,Calcareous,1.37913044,6.710024,0.231277566,1.31,11.2419433,1.180771099,0.255258039,0,9.324799729,9.166278133,0.6515
QY094,QY094,2005,152.512294,21.72056275,1379.999995,Calcareous,1.380144932,6.704216,0.235208675,1.31,11.62836137,1.180771099,0.283222235,0,8.745715653,8.597038487,0.67
QY094,QY094,2006,152.512294,21.75659088,1379.999995,Calcareous,1.381702903,6.711168,0.239304452,1.55,12.01477944,1.180771099,0.284674092,0,7.936440658,7.801521167,0.6885
QY094,QY094,2007,152.512294,21.79261902,1379.999995,Calcareous,1.380760874,6.711872,0.243520872,1.18,12.4011975,1.180771099,0.287473899,0,7.83062635,7.697505702,0.707
QY094,QY094,2008,152.512294,21.82864716,1379.999995,Calcareous,1.378478266,6.707736,0.24796102,1.11,12.78761557,1.180771099,0.291542507,0,7.7483933,7.616670614,0.7255
QY094,QY094,2009,152.512294,21.86467529,1379.999995,Calcareous,1.380688411,6.707032,0.252553786,0.95,13.17403364,1.180771099,0.299349236,0,7.314759226,7.19040832,0.744
QY094,QY094,2010,152.512294,21.90070343,1379.999995,Calcareous,1.383007251,6.703336,0.25733848,0.91,13.17403364,1.180771099,0.303237706,0,6.844835166,6.728472968,0.7625
QY094,QY094,2011,152.512294,21.93673157,1379.999995,Calcareous,1.386268121,6.692248,0.262148074,0.6,12.1981793,1.180771099,0.312269089,0,6.95511684,6.836879854,0.781
QY094,QY094,2012,152.512294,21.97275971,1379.999995,Calcareous,1.389239135,6.696208,0.266671689,0.98,11.22232495,1.180771099,0.318660104,0,7.072804937,6.952567253,0.7995
QY094,QY094,2013,152.512294,22.00878784,1379.999995,Calcareous,1.38528986,6.693832,0.270743997,0.43,10.24647061,1.180771099,0.32448033,0,7.085820268,6.965361323,0.818
QY094,QY094,2014,152.512294,22.04481598,1379.999995,Calcareous,1.387427541,6.705624,0.274604477,1.16,9.270616266,1.180771099,0.342275251,0,7.054041147,6.934122447,0.8365
QY094,QY094,2015,152.512294,22.08084412,1379.999995,Calcareous,1.390398556,6.703336,0.27793356,0.93,8.294761922,1.180771099,0.415774075,0,7.054663585,6.934734304,0.84
QY094,QY094,2016,152.512294,22.11687225,1379.999995,Calcareous,1.391304353,6.704392,0.28098653,1.24,7.318907578,1.180771099,0.425126968,0,7.055317086,6.935376696,0.84
QY094,QY094,2017,152.512294,22.15290039,1379.999995,Calcareous,1.390797106,6.703952,0.283598754,0.95,6.343053235,1.180771099,0.394244578,0,7.29620736,7.172171835,0.84
QY094,QY094,2018,152.512294,22.18892853,1379.999995,Calcareous,1.403550729,6.703688,0.285903738,0.93,5.367198891,1.180771099,0.411700405,0,6.928197795,6.810418433,0.84
QY094,QY094,2019,152.512294,22.22495667,1379.999995,Calcareous,1.399927541,6.702456,0.287872868,0.91,4.391344547,1.180771099,0.410342383,0,6.774465652,6.659299736,0.84
QY095,QY095,1985,114.3166033,24,1409.999967,Non-calcareous,1.443865282,5.633784,0.210979157,1.47,5.992042684,1.175109802,0.095031885,1.723306049,6.294843335,6.187830999,0.3
QY095,QY095,1986,114.3166033,23.74920109,1409.999967,Non-calcareous,1.42914897,5.600168,0.212033651,1.48,5.992042684,1.175109802,0.097969594,1.779276823,6.705969161,6.591967685,0.3185
QY095,QY095,1987,114.3166033,23.49840218,1409.999967,Non-calcareous,1.417340459,5.555376,0.212915967,1.53,5.992042684,1.175109802,0.11672567,1.937656198,6.085846342,5.982386954,0.337
QY095,QY095,1988,114.3166033,23.24760328,1409.999967,Non-calcareous,1.403226984,5.80864,0.213720815,1.2,5.992042684,1.175109802,0.121254562,2.062919161,6.128978308,6.024785677,0.3555
QY095,QY095,1989,114.3166033,22.99680437,1409.999967,Non-calcareous,1.390461026,5.834864,0.215469451,1.2,5.992042684,1.175109802,0.136411935,2.066427916,6.128560717,6.024375185,0.374
QY095,QY095,1990,114.3166033,22.74600546,1409.999967,Non-calcareous,1.378226983,5.68632,0.217248024,1.47,5.992042684,1.175109802,0.151717948,2.069996628,6,5.898,0.3925
QY095,QY095,1991,114.3166033,22.49520655,1409.999967,Non-calcareous,1.366737621,5.62076,0.21845959,1.48,6.410451221,1.175109802,0.158069142,1.967037958,5.912666339,5.812151012,0.411
QY095,QY095,1992,114.3166033,22.24440765,1409.999967,Non-calcareous,1.355496486,5.5244,0.219569202,1.53,6.828859758,1.175109802,0.162904491,1.86587538,6.256343463,6.149985624,0.4295
QY095,QY095,1993,114.3166033,21.99360874,1409.999967,Non-calcareous,1.344007124,5.806264,0.220338182,1.2,7.247268295,1.175109802,0.170516023,2.081409649,6.256343463,6.149985624,0.448
QY095,QY095,1994,114.3166033,21.74280983,1409.999967,Non-calcareous,1.332553223,5.68456,0.222428353,1.95,7.665676832,1.175109802,0.167873035,2.130968818,6.205155346,6.099667706,0.4665
QY095,QY095,1995,114.3166033,21.49201092,1409.999967,Non-calcareous,1.325957478,5.897608,0.223626442,0.89,8.084085369,1.175109802,0.194458627,2.198375347,6.167083457,6.062243038,0.485
QY095,QY095,1996,114.3166033,21.24121202,1409.999967,Non-calcareous,1.321418471,5.783472,0.226439236,1.47,8.502493906,1.175109802,0.194168901,2.345030136,6.04527606,5.942506367,0.5035
QY095,QY095,1997,114.3166033,20.99041311,1409.999967,Non-calcareous,1.315886556,5.696528,0.228734032,1.98,8.920902443,1.175109802,0.187693233,2.582252206,6.200241006,6.094836908,0.522
QY095,QY095,1998,114.3166033,20.7396142,1409.999967,Non-calcareous,1.310851095,5.744488,0.230440021,1.33,9.339310979,1.175109802,0.197941861,2.772157825,6.332252168,6.224603881,0.5405
QY095,QY095,1999,114.3166033,20.48881529,1409.999967,Non-calcareous,1.312624145,5.975928,0.23314045,1,9.757719516,1.175109802,0.201181796,2.992146039,6.303804676,6.196639996,0.559
QY095,QY095,2000,114.3166033,20.23801639,1409.999967,Non-calcareous,1.315602868,5.785144,0.236806839,1.41,10.17612805,1.175109802,0.204089267,3.072408031,6.268423223,6.161860028,0.5775
QY095,QY095,2001,114.3166033,19.98721748,1409.999967,Non-calcareous,1.309042584,5.8742,0.239903307,1.14,10.59453659,1.175109802,0.208621305,3.167187715,6.220155841,6.114413192,0.596
QY095,QY095,2002,114.3166033,19.73641857,1409.999967,Non-calcareous,1.30212769,5.701984,0.243629874,2.09,11.01294513,1.175109802,0.200401858,3.169634676,6.238459166,6.132405361,0.6145
QY095,QY095,2003,114.3166033,19.48561966,1409.999967,Non-calcareous,1.296879463,5.775728,0.246000444,0.85,11.43135366,1.175109802,0.242991722,3.199437844,6.489139401,6.378824032,0.633
QY095,QY095,2004,114.3166033,19.23482076,1409.999967,Non-calcareous,1.29283691,5.776608,0.250048644,1.31,11.8497622,1.175109802,0.26543762,3.335191263,6.993599797,6.8747086,0.6515
QY095,QY095,2005,114.3166033,18.98402185,1409.999967,Non-calcareous,1.289397194,5.697496,0.25373462,1.31,12.26817074,1.175109802,0.289998942,3.480556394,6.55928674,6.447778865,0.67
QY095,QY095,2006,114.3166033,18.73322294,1409.999967,Non-calcareous,1.286383009,5.673824,0.257419303,1.55,12.68657927,1.175109802,0.289860257,3.616588669,5.952330494,5.851140875,0.6885
QY095,QY095,2007,114.3166033,18.48242403,1409.999967,Non-calcareous,1.281666697,5.730848,0.260963618,1.18,13.10498781,1.175109802,0.294975203,3.711872363,5.872969763,5.773129277,0.707
QY095,QY095,2008,114.3166033,18.23162513,1409.999967,Non-calcareous,1.275531945,5.814096,0.265311515,1.11,13.52339635,1.175109802,0.299308023,3.064352771,5.811294975,5.712502961,0.7255
QY095,QY095,2009,114.3166033,17.98082622,1409.999967,Non-calcareous,1.273049676,5.85924,0.269846649,0.95,13.94180489,1.175109802,0.307918331,3.143157344,5.48606942,5.39280624,0.744
QY095,QY095,2010,114.3166033,17.73002731,1409.999967,Non-calcareous,1.27070925,5.959648,0.274835593,0.91,13.94180489,1.175109802,0.312333934,3.224602544,5.133626375,5.046354726,0.7625
QY095,QY095,2011,114.3166033,17.4792284,1409.999967,Non-calcareous,1.269113505,6.069824,0.280094577,0.6,12.9090786,1.175109802,0.324044597,3.173414982,5.21633763,5.12765989,0.781
QY095,QY095,2012,114.3166033,17.2284295,1409.999967,Non-calcareous,1.267446839,5.888984,0.285364638,0.98,11.87635231,1.175109802,0.332330248,3.223230702,5.304603702,5.214425439,0.7995
QY095,QY095,2013,114.3166033,16.97763059,1409.999967,Non-calcareous,1.26070925,6.154832,0.289637422,0.43,10.84362602,1.175109802,0.337842923,3.186256712,5.314365201,5.224020992,0.818
QY095,QY095,2014,114.3166033,16.72683168,1409.999967,Non-calcareous,1.258510668,5.869976,0.29437369,1.16,9.810899734,1.175109802,0.358226879,3.18,5.29053086,5.200591836,0.8365
QY095,QY095,2015,114.3166033,16.47603277,1409.999967,Non-calcareous,1.256844001,5.662384,0.297620252,0.93,8.778173446,1.175109802,0.401689116,2.898386552,5.290997689,5.201050728,0.84
QY095,QY095,2016,114.3166033,16.22523387,1409.999967,Non-calcareous,1.253794356,5.609408,0.300142154,1.24,7.745447158,1.175109802,0.409866766,2.919614682,5.291487815,5.201532522,0.84
QY095,QY095,2017,114.3166033,15.97443496,1409.999967,Non-calcareous,1.249787264,5.699344,0.301575651,0.95,6.712720871,1.175109802,0.389809854,2.907243648,5.47215552,5.379128877,0.84
QY095,QY095,2018,114.3166033,15.72363605,1409.999967,Non-calcareous,1.255496484,5.666168,0.303347835,0.93,5.679994583,1.175109802,0.400443434,2.700740917,5.196148346,5.107813825,0.84
QY095,QY095,2019,114.3166033,15.47283714,1409.999967,Non-calcareous,1.249184427,5.712632,0.304623409,0.91,4.647268295,1.175109802,0.400028163,2.554104449,5.080849239,4.994474802,0.84
QY101,QY101,1985,65.26996198,25,1399.999976,Non-calcareous,0.722928584,5.984552,0.154262702,1.47,6.950103903,1.183543612,0.103684572,0,6.294843335,6.187830999,0.3
QY101,QY101,1986,65.26996198,24.69612824,1399.999976,Non-calcareous,0.719357155,5.93932,0.154698497,1.48,6.950103903,1.183543612,0.109740453,0,6.705969161,6.591967685,0.3185
QY101,QY101,1987,65.26996198,24.39225647,1399.999976,Non-calcareous,0.718607155,5.899192,0.154884033,1.53,6.950103903,1.183543612,0.131202487,0,6.085846342,5.982386954,0.337
QY101,QY101,1988,65.26996198,24.08838471,1399.999976,Non-calcareous,0.715428584,5.896288,0.154979356,1.2,6.950103903,1.183543612,0.134193282,0,6.128978308,6.024785677,0.3555
QY101,QY101,1989,65.26996198,23.78451294,1399.999976,Non-calcareous,0.713571441,5.877896,0.155446766,1.2,6.950103903,1.183543612,0.152413267,0,6.128560717,6.024375185,0.374
QY101,QY101,1990,65.26996198,23.48064118,1399.999976,Non-calcareous,0.712107155,5.843928,0.155852885,1.47,6.950103903,1.183543612,0.170805672,0,6,5.898,0.3925
QY101,QY101,1991,65.26996198,23.17676941,1399.999976,Non-calcareous,0.711321441,5.814536,0.155828588,1.48,7.560124684,1.183543612,0.176885607,0,5.912666339,5.812151012,0.411
QY101,QY101,1992,65.26996198,22.87289765,1399.999976,Non-calcareous,0.710607155,5.78664,0.155916506,1.53,8.170145464,1.183543612,0.182162017,0,6.256343463,6.149985624,0.4295
QY101,QY101,1993,65.26996198,22.56902588,1399.999976,Non-calcareous,0.709321441,5.798608,0.155980877,1.2,8.780166245,1.183543612,0.190091622,0,6.256343463,6.149985624,0.448
QY101,QY101,1994,65.26996198,22.26515412,1399.999976,Non-calcareous,0.707928583,5.79192,0.15678138,1.95,9.390187026,1.183543612,0.185340604,0,6.205155346,6.099667706,0.4665
QY101,QY101,1995,65.26996198,21.96128235,1399.999976,Non-calcareous,0.711214298,5.762264,0.156709785,0.89,10.00020781,1.183543612,0.219007203,0,6.167083457,6.062243038,0.485
QY101,QY101,1996,65.26996198,21.65741059,1399.999976,Non-calcareous,0.716392869,5.76332,0.158301836,1.47,10.61022859,1.183543612,0.213400953,0,6.04527606,5.942506367,0.5035
QY101,QY101,1997,65.26996198,21.35353882,1399.999976,Non-calcareous,0.720250012,5.757952,0.159269947,1.98,11.22024937,1.183543612,0.203064978,0,6.200241006,6.094836908,0.522
QY101,QY101,1998,65.26996198,21.04966706,1399.999976,Non-calcareous,0.724428584,5.723016,0.159655363,1.33,11.83027015,1.183543612,0.211816824,0,6.332252168,6.224603881,0.5405
QY101,QY101,1999,65.26996198,20.74579529,1399.999976,Non-calcareous,0.735214298,5.742728,0.161101121,1,12.44029093,1.183543612,0.216126847,0,6.303804676,6.196639996,0.559
QY101,QY101,2000,65.26996198,20.44192353,1399.999976,Non-calcareous,0.747178584,5.716944,0.163368113,1.41,13.05031171,1.183543612,0.224141138,0,6.268423223,6.161860028,0.5775
QY101,QY101,2001,65.26996198,20.13805176,1399.999976,Non-calcareous,0.749321441,5.712632,0.165150066,1.14,13.66033249,1.183543612,0.224853541,0,6.220155841,6.114413192,0.596
QY101,QY101,2002,65.26996198,19.83418,1399.999976,Non-calcareous,0.751035727,5.722136,0.167616033,2.09,14.27035327,1.183543612,0.22005106,0,6.238459166,6.132405361,0.6145
QY101,QY101,2003,65.26996198,19.53030824,1399.999976,Non-calcareous,0.754214299,5.646544,0.168801618,0.85,14.88037405,1.183543612,0.271569646,0,6.489139401,6.378824032,0.633
QY101,QY101,2004,65.26996198,19.22643647,1399.999976,Non-calcareous,0.758464299,5.676904,0.171918624,1.31,15.49039483,1.183543612,0.299153199,0,6.993599797,6.8747086,0.6515
QY101,QY101,2005,65.26996198,18.92256471,1399.999976,Non-calcareous,0.763107156,5.65992,0.174454187,1.31,16.10041561,1.183543612,0.330570805,0,6.55928674,6.447778865,0.67
QY101,QY101,2006,65.26996198,18.61869294,1399.999976,Non-calcareous,0.768035727,5.668808,0.177210134,1.55,16.71043639,1.183543612,0.331777796,0,5.952330494,5.851140875,0.6885
QY101,QY101,2007,65.26996198,18.31482118,1399.999976,Non-calcareous,0.771071442,5.653408,0.179890227,1.18,17.32045717,1.183543612,0.335720114,0,5.872969763,5.773129277,0.707
QY101,QY101,2008,65.26996198,18.01094941,1399.999976,Non-calcareous,0.773035727,5.659744,0.183396333,1.11,17.93047795,1.183543612,0.340518963,0,5.811294975,5.712502961,0.7255
QY101,QY101,2009,65.26996198,17.70707765,1399.999976,Non-calcareous,0.778250013,5.64936,0.187258646,0.95,18.54049874,1.183543612,0.349815842,0,5.48606942,5.39280624,0.744
QY101,QY101,2010,65.26996198,17.40320588,1399.999976,Non-calcareous,0.783464299,5.67136,0.191626906,0.91,18.54049874,1.183543612,0.354484607,0,5.133626375,5.046354726,0.7625
QY101,QY101,2011,65.26996198,17.09933412,1399.999976,Non-calcareous,0.789321442,5.642936,0.196186711,0.6,17.16712846,1.183543612,0.365764795,0,5.21633763,5.12765989,0.781
QY101,QY101,2012,65.26996198,16.79546235,1399.999976,Non-calcareous,0.794928585,5.666872,0.200747362,0.98,15.79375818,1.183543612,0.373746764,0,5.304603702,5.214425439,0.7995
QY101,QY101,2013,65.26996198,16.49159059,1399.999976,Non-calcareous,0.795321442,5.62648,0.204105445,0.43,14.42038791,1.183543612,0.380405961,0,5.314365201,5.224020992,0.818
QY101,QY101,2014,65.26996198,16.18771882,1399.999976,Non-calcareous,0.800142871,5.702072,0.207979454,1.16,13.04701763,1.183543612,0.401824779,0,5.29053086,5.200591836,0.8365
QY101,QY101,2015,65.26996198,15.88384706,1399.999976,Non-calcareous,0.805571442,5.657016,0.210109914,0.93,11.67364735,1.183543612,0.478072439,0,5.290997689,5.201050728,0.84
QY101,QY101,2016,65.26996198,15.57997529,1399.999976,Non-calcareous,0.809357157,5.671624,0.212044611,1.24,10.30027708,1.183543612,0.488569222,0,5.291487815,5.201532522,0.84
QY101,QY101,2017,65.26996198,15.27610353,1399.999976,Non-calcareous,0.812035728,5.669864,0.212898962,0.95,8.926906798,1.183543612,0.455993293,0,5.47215552,5.379128877,0.84
QY101,QY101,2018,65.26996198,14.97223176,1399.999976,Non-calcareous,0.824500014,5.655872,0.213791419,0.93,7.553536522,1.183543612,0.474195379,0,5.196148346,5.107813825,0.84
QY101,QY101,2019,65.26996198,14.66836,1399.999976,Non-calcareous,0.824785728,5.663264,0.214220561,0.91,6.180166245,1.183543612,0.472902899,0,5.080849239,4.994474802,0.84
QY106,QY106,1985,187.5,16,1460.000038,Calcareous,2.298184871,6.706592,0.162564077,1.47,6.195315683,1.19183736,0.131769721,0,8.393124447,8.250441332,0.3
QY106,QY106,1986,187.5,15.67986248,1460.000038,Calcareous,2.270068434,6.70536,0.16467038,1.48,6.195315683,1.19183736,0.138670098,0,8.941292215,8.789290247,0.3185
QY106,QY106,1987,187.5,15.35972497,1460.000038,Calcareous,2.245753366,6.705008,0.166743665,1.53,6.195315683,1.19183736,0.169055705,0,8.114461789,7.976515939,0.337
QY106,QY106,1988,187.5,15.03958745,1460.000038,Calcareous,2.218664326,6.701576,0.168849709,1.2,6.195315683,1.19183736,0.175434493,0,8.171971077,8.033047569,0.3555
QY106,QY106,1989,187.5,14.71944993,1460.000038,Calcareous,2.19352734,6.700696,0.170972722,1.2,6.195315683,1.19183736,0.20239386,0,8.17141429,8.032500247,0.374
QY106,QY106,1990,187.5,14.39931242,1460.000038,Calcareous,2.169349258,6.70404,0.173095825,1.47,6.195315683,1.19183736,0.229533574,0,8,7.864,0.3925
QY106,QY106,1991,187.5,14.0791749,1460.000038,Calcareous,2.14633556,6.701752,0.175205377,1.48,6.65437882,1.19183736,0.23977328,0,7.883555119,7.749534682,0.411
QY106,QY106,1992,187.5,13.75903739,1460.000038,Calcareous,2.123835561,6.701928,0.177470327,1.53,7.113441956,1.19183736,0.249076801,0,8.341791284,8.199980833,0.4295
QY106,QY106,1993,187.5,13.43889987,1460.000038,Calcareous,2.100958849,6.698848,0.179860481,1.2,7.572505093,1.19183736,0.259268648,0,8.341791284,8.199980833,0.448
QY106,QY106,1994,187.5,13.11876235,1460.000038,Calcareous,2.078321864,6.707384,0.182432234,1.95,8.03156823,1.19183736,0.25399581,0,8.273540462,8.132890274,0.4665
QY106,QY106,1995,187.5,12.79862484,1460.000038,Calcareous,2.062054741,6.6992,0.1850834,0.89,8.490631366,1.19183736,0.296056851,0,8.222777943,8.082990718,0.485
QY106,QY106,1996,187.5,12.47848732,1460.000038,Calcareous,2.048424604,6.70184,0.188001473,1.47,8.949694503,1.19183736,0.29162032,0,8.06036808,7.923341823,0.5035
QY106,QY106,1997,187.5,12.1583498,1460.000038,Calcareous,2.033458851,6.705712,0.191015896,1.98,9.40875764,1.19183736,0.277949594,0,8.266988007,8.126449211,0.522
QY106,QY106,1998,187.5,11.83821229,1460.000038,Calcareous,2.019212276,6.70756,0.194111314,1.33,9.867820776,1.19183736,0.29083335,0,8.443002891,8.299471841,0.5405
QY106,QY106,1999,187.5,11.51807477,1460.000038,Calcareous,2.013732824,6.702192,0.197422307,1,10.32688391,1.19183736,0.297375268,0,8.405072901,8.262186662,0.559
QY106,QY106,2000,187.5,11.19793725,1460.000038,Calcareous,2.009897208,6.700696,0.200920763,1.41,10.78594705,1.19183736,0.303794097,0,8.35789763,8.21581337,0.5775
QY106,QY106,2001,187.5,10.87779974,1460.000038,Calcareous,1.993732825,6.700872,0.204526768,1.14,11.24501019,1.19183736,0.305948514,0,8.293541121,8.152550922,0.596
QY106,QY106,2002,187.5,10.55766222,1460.000038,Calcareous,1.977465702,6.709672,0.20832099,2.09,11.70407332,1.19183736,0.299878669,0,8.317945555,8.176540481,0.6145
QY106,QY106,2003,187.5,10.23752471,1460.000038,Calcareous,1.963458853,6.692072,0.212147892,0.85,12.16313646,1.19183736,0.370229924,0,8.652185868,8.505098709,0.633
QY106,QY106,2004,187.5,9.91738719,1460.000038,Calcareous,1.951095839,6.705272,0.216272745,1.31,12.6221996,1.19183736,0.402432628,0,9.324799729,9.166278133,0.6515
QY106,QY106,2005,187.5,9.597249673,1460.000038,Calcareous,1.939520497,6.698408,0.220467918,1.31,13.08126273,1.19183736,0.443112272,0,8.745715653,8.597038487,0.67
QY106,QY106,2006,187.5,9.277112157,1460.000038,Calcareous,1.92859584,6.707296,0.224851293,1.55,13.54032587,1.19183736,0.445395693,0,7.936440658,7.801521167,0.6885
QY106,QY106,2007,187.5,8.956974641,1460.000038,Calcareous,1.915513649,6.7058,0.229399777,1.18,13.99938901,1.19183736,0.450876899,0,7.83062635,7.697505702,0.707
QY106,QY106,2008,187.5,8.636837124,1460.000038,Calcareous,1.90140406,6.702016,0.234155182,1.11,14.45845214,1.19183736,0.457762962,0,7.7483933,7.616670614,0.7255
QY106,QY106,2009,187.5,8.316699608,1460.000038,Calcareous,1.891780772,6.699992,0.239073266,0.95,14.91751528,1.19183736,0.47062653,0,7.314759226,7.19040832,0.744
QY106,QY106,2010,187.5,7.996562092,1460.000038,Calcareous,1.882362965,6.697352,0.244191166,0.91,14.91751528,1.19183736,0.477144876,0,6.844835166,6.728472968,0.7625
QY106,QY106,2011,187.5,7.676424575,1460.000038,Calcareous,1.874041047,6.680544,0.249335688,0.6,13.81251415,1.19183736,0.491499851,0,6.95511684,6.836879854,0.781
QY106,QY106,2012,187.5,7.356287059,1460.000038,Calcareous,1.86561639,6.688552,0.254136888,0.98,12.70751302,1.19183736,0.502428151,0,7.072804937,6.952567253,0.7995
QY106,QY106,2013,187.5,7.036149542,1460.000038,Calcareous,1.850787623,6.677464,0.258491383,0.43,11.60251188,1.19183736,0.511337963,0,7.085820268,6.965361323,0.818
QY106,QY106,2014,187.5,6.716012026,1460.000038,Calcareous,1.841986253,6.701136,0.262557346,1.16,10.49751075,1.19183736,0.541194622,0,7.054041147,6.934122447,0.8365
QY106,QY106,2015,187.5,6.39587451,1460.000038,Calcareous,1.834178034,6.695768,0.266134825,0.93,9.39250962,1.19183736,0.637377854,0,7.054663585,6.934734304,0.84
QY106,QY106,2016,187.5,6.075736993,1460.000038,Calcareous,1.824486254,6.699112,0.269390572,1.24,8.287508488,1.19183736,0.65078094,0,7.055317086,6.935376696,0.84
QY106,QY106,2017,187.5,5.755599477,1460.000038,Calcareous,1.813664336,6.697264,0.272200649,0.95,7.182507357,1.19183736,0.609617396,0,7.29620736,7.172171835,0.84
QY106,QY106,2018,187.5,5.435461961,1460.000038,Calcareous,1.815616391,6.696648,0.27463924,0.93,6.077506225,1.19183736,0.6325753,0,6.928197795,6.810418433,0.84
QY106,QY106,2019,187.5,5.115324444,1460.000038,Calcareous,1.802054747,6.69524,0.276717174,0.91,4.972505093,1.19183736,0.630974324,0,6.774465652,6.659299736,0.84
QY107,QY107,1985,146,24,1409.999967,Non-calcareous,1.404609962,6.091296,0.144478246,1.47,6.32866081,1.179206482,0.098990338,0,6.294843335,6.187830999,0.3
QY107,QY107,1986,146,23.41084186,1409.999967,Non-calcareous,1.389361735,6.029256,0.145824931,1.48,6.32866081,1.179206482,0.102909855,0,6.705969161,6.591967685,0.3185
QY107,QY107,1987,146,22.82168373,1409.999967,Non-calcareous,1.376985848,5.973904,0.146989373,1.53,6.32866081,1.179206482,0.127831361,0,6.085846342,5.982386954,0.337
QY107,QY107,1988,146,22.23252559,1409.999967,Non-calcareous,1.362375919,5.947944,0.148112934,1.2,6.32866081,1.179206482,0.135010874,0,6.128978308,6.024785677,0.3555
QY107,QY107,1989,146,21.64336745,1409.999967,Non-calcareous,1.349184429,5.916,0.149319426,1.2,6.32866081,1.179206482,0.157717643,0,6.128560717,6.024375185,0.374
QY107,QY107,1990,146,21.05420931,1409.999967,Non-calcareous,1.336631237,5.8786,0.150458093,1.47,6.32866081,1.179206482,0.180528458,0,6,5.898,0.3925
QY107,QY107,1991,146,20.46505118,1409.999967,Non-calcareous,1.324893648,5.845072,0.151391262,1.48,6.814392972,1.179206482,0.190301655,0,5.912666339,5.812151012,0.411
QY107,QY107,1992,146,19.87589304,1409.999967,Non-calcareous,1.313439747,5.8104,0.152417128,1.53,7.300125134,1.179206482,0.199235819,0,6.256343463,6.149985624,0.4295
QY107,QY107,1993,146,19.2867349,1409.999967,Non-calcareous,1.301595775,5.799664,0.153426763,1.2,7.785857296,1.179206482,0.207065845,0,6.256343463,6.149985624,0.448
QY107,QY107,1994,146,18.69757676,1409.999967,Non-calcareous,1.289822726,5.79544,0.154777144,1.95,8.271589458,1.179206482,0.204115403,0,6.205155346,6.099667706,0.4665
QY107,QY107,1995,146,18.10841863,1409.999967,Non-calcareous,1.282872371,5.738328,0.155768046,0.89,8.75732162,1.179206482,0.234077778,0,6.167083457,6.062243038,0.485
QY107,QY107,1996,146,17.51926049,1409.999967,Non-calcareous,1.277943293,5.748272,0.157537855,1.47,9.243053782,1.179206482,0.233998139,0,6.04527606,5.942506367,0.5035
QY107,QY107,1997,146,16.93010235,1409.999967,Non-calcareous,1.271879463,5.742024,0.159066517,1.98,9.728785944,1.179206482,0.22409443,0,6.200241006,6.094836908,0.522
QY107,QY107,1998,146,16.34094422,1409.999967,Non-calcareous,1.266276626,5.685,0.160304323,1.33,10.21451811,1.179206482,0.235661711,0,6.332252168,6.224603881,0.5405
QY107,QY107,1999,146,15.75178608,1409.999967,Non-calcareous,1.267375917,5.682008,0.16202913,1,10.70025027,1.179206482,0.241191519,0,6.303804676,6.196639996,0.559
QY107,QY107,2000,146,15.16262794,1409.999967,Non-calcareous,1.269751803,5.678048,0.164191669,1.41,11.18598243,1.179206482,0.242058214,0,6.268423223,6.161860028,0.5775
QY107,QY107,2001,146,14.5734698,1409.999967,Non-calcareous,1.262482299,5.647952,0.166148632,1.14,11.67171459,1.179206482,0.245604253,0,6.220155841,6.114413192,0.596
QY107,QY107,2002,146,13.98431167,1409.999967,Non-calcareous,1.25500003,5.674616,0.168447039,2.09,12.15744675,1.179206482,0.240092803,0,6.238459166,6.132405361,0.6145
QY107,QY107,2003,146,13.39515353,1409.999967,Non-calcareous,1.249184427,5.554848,0.170067264,0.85,12.64317892,1.179206482,0.295411329,0,6.489139401,6.378824032,0.633
QY107,QY107,2004,146,12.80599539,1409.999967,Non-calcareous,1.244539037,5.598232,0.172674306,1.31,13.12891108,1.179206482,0.316741981,0,6.993599797,6.8747086,0.6515
QY107,QY107,2005,146,12.21683725,1409.999967,Non-calcareous,1.240425561,5.574472,0.174934896,1.31,13.61464324,1.179206482,0.346781834,0,6.55928674,6.447778865,0.67
QY107,QY107,2006,146,11.62767912,1409.999967,Non-calcareous,1.236773079,5.584152,0.177361158,1.55,14.1003754,1.179206482,0.34873994,0,5.952330494,5.851140875,0.6885
QY107,QY107,2007,146,11.03852098,1409.999967,Non-calcareous,1.231347547,5.543144,0.179815877,1.18,14.58610756,1.179206482,0.353594452,0,5.872969763,5.773129277,0.707
QY107,QY107,2008,146,10.44936284,1409.999967,Non-calcareous,1.22503549,5.533816,0.182732408,1.11,15.07183973,1.179206482,0.359340283,0,5.811294975,5.712502961,0.7255
QY107,QY107,2009,146,9.860204706,1409.999967,Non-calcareous,1.222127689,5.503016,0.185857632,0.95,15.55757189,1.179206482,0.369811741,0,5.48606942,5.39280624,0.744
QY107,QY107,2010,146,9.271046569,1409.999967,Non-calcareous,1.219290809,5.508384,0.189312163,0.91,15.55757189,1.179206482,0.37518146,0,5.133626375,5.046354726,0.7625
QY107,QY107,2011,146,8.681888431,1409.999967,Non-calcareous,1.217234071,5.440976,0.192890519,0.6,14.40515916,1.179206482,0.386330847,0,5.21633763,5.12765989,0.781
QY107,QY107,2012,146,8.092730294,1409.999967,Non-calcareous,1.21503549,5.47952,0.196304842,0.98,13.25274642,1.179206482,0.395375896,0,5.304603702,5.214425439,0.7995
QY107,QY107,2013,146,7.503572157,1409.999967,Non-calcareous,1.207836908,5.367584,0.198774417,0.43,12.10033369,1.179206482,0.402252716,0,5.314365201,5.224020992,0.818
QY107,QY107,2014,146,6.91441402,1409.999967,Non-calcareous,1.205177333,5.4936,0.201450041,1.16,10.94792096,1.179206482,0.42684849,0,5.29053086,5.200591836,0.8365
QY107,QY107,2015,146,6.325255882,1409.999967,Non-calcareous,1.203191518,5.439656,0.202826554,0.93,9.795508226,1.179206482,0.491808313,0,5.290997689,5.201050728,0.84
QY107,QY107,2016,146,5.736097745,1409.999967,Non-calcareous,1.199751801,5.46368,0.203963824,1.24,8.643095493,1.179206482,0.501555226,0,5.291487815,5.201532522,0.84
QY107,QY107,2017,146,5.146939608,1409.999967,Non-calcareous,1.195319177,5.43684,0.204207735,0.95,7.490682761,1.179206482,0.473315639,0,5.47215552,5.379128877,0.84
QY107,QY107,2018,146,4.557781471,1409.999967,Non-calcareous,1.200744709,5.422232,0.204348725,0.93,6.338270028,1.179206482,0.488884193,0,5.196148346,5.107813825,0.84
QY107,QY107,2019,146,3.968623333,1409.999967,Non-calcareous,1.194078042,5.41352,0.204100306,0.91,5.185857296,1.179206482,0.487909439,0,5.080849239,4.994474802,0.84
QY110,QY110,1985,220.5,21,1379.999995,Non-calcareous,1.259384062,6.072904,0.197049089,1.47,6.403145754,1.246596876,0.095348555,0,9.442265003,9.281746498,0.3
QY110,QY110,1986,220.5,20.7086002,1379.999995,Non-calcareous,1.250942033,5.981296,0.197922839,1.48,6.403145754,1.246596876,0.098292859,0,10.05895374,9.887951528,0.3185
QY110,QY110,1987,220.5,20.41720039,1379.999995,Non-calcareous,1.24684783,5.911688,0.19848035,1.53,6.403145754,1.246596876,0.123887942,0,9.128769513,8.973580431,0.337
QY110,QY110,1988,220.5,20.12580059,1379.999995,Non-calcareous,1.239094207,5.892768,0.198942374,1.2,6.403145754,1.246596876,0.132500788,0,9.193467462,9.037178515,0.3555
QY110,QY110,1989,220.5,19.83440078,1379.999995,Non-calcareous,1.233333338,5.858976,0.199591813,1.2,6.403145754,1.246596876,0.156254482,0,9.192841076,9.036562778,0.374
QY110,QY110,1990,220.5,19.54300098,1379.999995,Non-calcareous,1.228260874,5.822632,0.200155437,1.47,6.403145754,1.246596876,0.180085469,0,9,8.847,0.3925
QY110,QY110,1991,220.5,19.25160118,1379.999995,Non-calcareous,1.224202903,5.784352,0.200424127,1.48,6.903774905,1.246596876,0.19101021,0,8.868999509,8.718226517,0.411
QY110,QY110,1992,220.5,18.96020137,1379.999995,Non-calcareous,1.220362323,5.7532,0.200767946,1.53,7.404404056,1.246596876,0.201057887,0,9.384515195,9.224978437,0.4295
QY110,QY110,1993,220.5,18.66880157,1379.999995,Non-calcareous,1.215652178,5.755752,0.201068011,1.2,7.905033207,1.246596876,0.208714521,0,9.384515195,9.224978437,0.448
QY110,QY110,1994,220.5,18.37740176,1379.999995,Non-calcareous,1.210833338,5.757336,0.201880068,1.95,8.405662358,1.246596876,0.206552319,0,9.30773302,9.149501558,0.4665
QY110,QY110,1995,220.5,18.08600196,1379.999995,Non-calcareous,1.21318841,5.69776,0.202147649,0.89,8.906291509,1.246596876,0.234373749,0,9.250625185,9.093364557,0.485
QY110,QY110,1996,220.5,17.79460216,1379.999995,Non-calcareous,1.218405801,5.709816,0.203503324,1.47,9.40692066,1.246596876,0.236511726,0,9.06791409,8.91375955,0.5035
QY110,QY110,1997,220.5,17.50320235,1379.999995,Non-calcareous,1.221630439,5.714656,0.204489012,1.98,9.907549811,1.246596876,0.227121827,0,9.300361508,9.142255363,0.522
QY110,QY110,1998,220.5,17.21180255,1379.999995,Non-calcareous,1.225398555,5.681216,0.205112003,1.33,10.40817896,1.246596876,0.23957312,0,9.498378252,9.336905822,0.5405
QY110,QY110,1999,220.5,16.92040275,1379.999995,Non-calcareous,1.239239135,5.67664,0.206484955,1,10.90880811,1.246596876,0.245384634,0,9.455707014,9.294959995,0.559
QY110,QY110,2000,220.5,16.62900294,1379.999995,Non-calcareous,1.254818845,5.655872,0.208413959,1.41,11.40943726,1.246596876,0.24346743,0,9.402634834,9.242790042,0.5775
QY110,QY110,2001,220.5,16.33760314,1379.999995,Non-calcareous,1.255471019,5.666344,0.210027455,1.14,11.91006641,1.246596876,0.248154237,0,9.330233761,9.171619787,0.596
QY110,QY110,2002,220.5,16.04620333,1379.999995,Non-calcareous,1.255507251,5.684648,0.212220529,2.09,12.41069556,1.246596876,0.242295504,0,9.35768875,9.198608041,0.6145
QY110,QY110,2003,220.5,15.75480353,1379.999995,Non-calcareous,1.257934787,5.586616,0.213579381,0.85,12.91132472,1.246596876,0.297597434,0,9.733709102,9.568236047,0.633
QY110,QY110,2004,220.5,15.46340373,1379.999995,Non-calcareous,1.261956526,5.628064,0.216204495,1.31,13.41195387,1.246596876,0.316137347,0,10.49039969,10.3120629,0.6515
QY110,QY110,2005,220.5,15.17200392,1379.999995,Non-calcareous,1.266557975,5.61328,0.218449978,1.31,13.91258302,1.246596876,0.344858808,0,9.838930109,9.671668297,0.67
QY110,QY110,2006,220.5,14.88060412,1379.999995,Non-calcareous,1.271666671,5.62604,0.220931491,1.55,14.41321217,1.246596876,0.346975551,0,8.92849574,8.776711313,0.6885
QY110,QY110,2007,220.5,14.58920431,1379.999995,Non-calcareous,1.273913048,5.607296,0.223473296,1.18,14.91384132,1.246596876,0.352136637,0,8.809454644,8.659693915,0.707
QY110,QY110,2008,220.5,14.29780451,1379.999995,Non-calcareous,1.274601454,5.615568,0.226622324,1.11,15.41447047,1.246596876,0.35809844,0,8.716942463,8.568754441,0.7255
QY110,QY110,2009,220.5,14.00640471,1379.999995,Non-calcareous,1.280253628,5.59436,0.230075476,0.95,15.91509962,1.246596876,0.368780031,0,8.22910413,8.089209359,0.744
QY110,QY110,2010,220.5,13.7150049,1379.999995,Non-calcareous,1.285942033,5.616272,0.233917209,0.91,15.91509962,1.246596876,0.37429728,0,7.700439562,7.56953209,0.7625
QY110,QY110,2011,220.5,13.4236051,1379.999995,Non-calcareous,1.2926087,5.575352,0.237948009,0.6,14.73620335,1.246596876,0.385251538,0,7.824506445,7.691489836,0.781
QY110,QY110,2012,220.5,13.13220529,1379.999995,Non-calcareous,1.298913048,5.61636,0.24186537,0.98,13.55730708,1.246596876,0.394543675,0,7.956905554,7.821638159,0.7995
QY110,QY110,2013,220.5,12.84080549,1379.999995,Non-calcareous,1.297318845,5.566992,0.244908024,0.43,12.37841082,1.246596876,0.401327578,0,7.971547801,7.836031489,0.818
QY110,QY110,2014,220.5,12.54940569,1379.999995,Non-calcareous,1.302536236,5.653848,0.248204962,1.16,11.19951455,1.246596876,0.426594107,0,7.93579629,7.800887753,0.8365
QY110,QY110,2015,220.5,12.25800588,1379.999995,Non-calcareous,1.308659425,5.592776,0.25026725,0.93,10.02061828,1.246596876,0.48483013,0,7.936496533,7.801576092,0.84
QY110,QY110,2016,220.5,11.96660608,1379.999995,Non-calcareous,1.312355077,5.619352,0.252039646,1.24,8.841722012,1.246596876,0.494038501,0,7.937231722,7.802298783,0.84
QY110,QY110,2017,220.5,11.67520627,1379.999995,Non-calcareous,1.314420294,5.616888,0.25300543,0.95,7.662825743,1.246596876,0.468428741,0,8.208233281,8.068693315,0.84
QY110,QY110,2018,220.5,11.38380647,1379.999995,Non-calcareous,1.331340584,5.590664,0.253882467,0.93,6.483929475,1.246596876,0.482426555,0,7.79422252,7.661720737,0.84
QY110,QY110,2019,220.5,11.09240667,1379.999995,Non-calcareous,1.32971015,5.610992,0.254324207,0.91,5.305033207,1.246596876,0.481625348,0,7.621273858,7.491712203,0.84
QY154,QY154,1985,112.295057,21,1389.999986,Non-calcareous,1.665395701,6.488088,0.374277115,1.47,6.632735098,1.137423059,0.050203291,1.723306049,8.393124447,8.250441332,0.3
QY154,QY154,1986,112.295057,20.69961363,1389.999986,Non-calcareous,1.64949642,6.39164,0.376201058,1.48,6.632735098,1.137423059,0.046451607,1.779276823,8.941292215,8.789290247,0.3185
QY154,QY154,1987,112.295057,20.39922725,1389.999986,Non-calcareous,1.637482031,6.3098,0.377884297,1.53,6.632735098,1.137423059,0.054502902,1.937656198,8.114461789,7.976515939,0.337
QY154,QY154,1988,112.295057,20.09884088,1389.999986,Non-calcareous,1.622338146,6.270464,0.37952504,1.2,6.632735098,1.137423059,0.060524169,2.062919161,8.171971077,8.033047569,0.3555
QY154,QY154,1989,112.295057,19.79845451,1389.999986,Non-calcareous,1.60892088,6.2306,0.381293335,1.2,6.632735098,1.137423059,0.065401198,2.066427916,8.17141429,8.032500247,0.374
QY154,QY154,1990,112.295057,19.49806814,1389.999986,Non-calcareous,1.596259009,6.180968,0.382967208,1.47,6.632735098,1.137423059,0.070337687,2.069996628,8,7.864,0.3925
QY154,QY154,1991,112.295057,19.19768176,1389.999986,Non-calcareous,1.584496419,6.13424,0.384365025,1.48,7.179282117,1.137423059,0.075273421,1.967037958,7.883555119,7.749534682,0.411
QY154,QY154,1992,112.295057,18.89729539,1389.999986,Non-calcareous,1.573021599,6.079856,0.385797815,1.53,7.725829137,1.137423059,0.077826342,1.86587538,8.341791284,8.199980833,0.4295
QY154,QY154,1993,112.295057,18.59690902,1389.999986,Non-calcareous,1.561079153,6.064456,0.387111295,1.2,8.272376156,1.137423059,0.082544947,2.081409649,8.341791284,8.199980833,0.448
QY154,QY154,1994,112.295057,18.29652265,1389.999986,Non-calcareous,1.549172678,6.079504,0.388914474,1.95,8.818923176,1.137423059,0.084622918,2.130968818,8.273540462,8.132890274,0.4665
QY154,QY154,1995,112.295057,17.99613627,1389.999986,Non-calcareous,1.543705052,5.975136,0.390335603,0.89,9.365470195,1.137423059,0.08999704,2.198375347,8.222777943,8.082990718,0.485
QY154,QY154,1996,112.295057,17.6957499,1389.999986,Non-calcareous,1.540971239,6.005408,0.392619781,1.47,9.912017215,1.137423059,0.099686114,2.345030136,8.06036808,7.923341823,0.5035
QY154,QY154,1997,112.295057,17.39536353,1389.999986,Non-calcareous,1.536726635,6.001008,0.394692363,1.98,10.45856423,1.137423059,0.102350172,2.582252206,8.266988007,8.126449211,0.522
QY154,QY154,1998,112.295057,17.09497716,1389.999986,Non-calcareous,1.533093541,5.888544,0.396493428,1.33,11.00511125,1.137423059,0.112285088,2.772157825,8.443002891,8.299471841,0.5405
QY154,QY154,1999,112.295057,16.79459078,1389.999986,Non-calcareous,1.538525196,5.883264,0.398786173,1,11.55165827,1.137423059,0.112554646,2.992146039,8.405072901,8.262186662,0.559
QY154,QY154,2000,112.295057,16.49420441,1389.999986,Non-calcareous,1.545539584,5.892856,0.401729297,1.41,12.09820529,1.137423059,0.105082056,3.072408031,8.35789763,8.21581337,0.5775
QY154,QY154,2001,112.295057,16.19381804,1389.999986,Non-calcareous,1.539496419,5.821048,0.404458987,1.14,12.64475231,1.137423059,0.115350239,3.167187715,8.293541121,8.152550922,0.596
QY154,QY154,2002,112.295057,15.89343167,1389.999986,Non-calcareous,1.533021599,5.899896,0.407527452,2.09,13.19129933,1.137423059,0.103258594,3.169634676,8.317945555,8.176540481,0.6145
QY154,QY154,2003,112.295057,15.59304529,1389.999986,Non-calcareous,1.528741023,5.680424,0.409903746,0.85,13.73784635,1.137423059,0.116360879,3.199437844,8.652185868,8.505098709,0.633
QY154,QY154,2004,112.295057,15.29265892,1389.999986,Non-calcareous,1.526043181,5.770184,0.413206232,1.31,14.28439337,1.137423059,0.122462379,3.335191263,9.324799729,9.166278133,0.6515
QY154,QY154,2005,112.295057,14.99227255,1389.999986,Non-calcareous,1.523992821,5.72196,0.416239464,1.31,14.83094039,1.137423059,0.126842308,3.480556394,8.745715653,8.597038487,0.67
QY154,QY154,2006,112.295057,14.69188618,1389.999986,Non-calcareous,1.522553973,5.750648,0.4194078,1.55,15.37748741,1.137423059,0.124241966,3.616588669,7.936440658,7.801521167,0.6885
QY154,QY154,2007,112.295057,14.3914998,1389.999986,Non-calcareous,1.51866908,5.673736,0.422721354,1.18,15.92403443,1.137423059,0.129992167,3.711872363,7.83062635,7.697505702,0.707
QY154,QY154,2008,112.295057,14.09111343,1389.999986,Non-calcareous,1.513021598,5.6542,0.426533828,1.11,16.47058145,1.137423059,0.132148033,3.064352771,7.7483933,7.616670614,0.7255
QY154,QY154,2009,112.295057,13.79072706,1389.999986,Non-calcareous,1.512158289,5.59832,0.430348457,0.95,17.01712847,1.137423059,0.136877885,3.143157344,7.314759226,7.19040832,0.744
QY154,QY154,2010,112.295057,13.49034069,1389.999986,Non-calcareous,1.511474836,5.602104,0.434529208,0.91,17.01712847,1.137423059,0.13948754,3.224602544,6.844835166,6.728472968,0.7625
QY154,QY154,2011,112.295057,13.18995431,1389.999986,Non-calcareous,1.511690663,5.468784,0.438928943,0.6,15.75660043,1.137423059,0.148458651,3.173414982,6.95511684,6.836879854,0.781
QY154,QY154,2012,112.295057,12.88956794,1389.999986,Non-calcareous,1.511726634,5.49756,0.443031064,0.98,14.4960724,1.137423059,0.154804331,3.223230702,7.072804937,6.952567253,0.7995
QY154,QY154,2013,112.295057,12.58918157,1389.999986,Non-calcareous,1.504892102,5.325608,0.445829439,0.43,13.23554436,1.137423059,0.156517318,3.186256712,7.085820268,6.965361323,0.818
QY154,QY154,2014,112.295057,12.2887952,1389.999986,Non-calcareous,1.504172677,5.512344,0.448992604,1.16,11.97501633,1.137423059,0.168813357,3.18,7.054041147,6.934122447,0.8365
QY154,QY154,2015,112.295057,11.98840882,1389.999986,Non-calcareous,1.504172677,5.429272,0.450484148,0.93,10.71448829,1.137423059,0.138139711,2.898386552,7.054663585,6.934734304,0.84
QY154,QY154,2016,112.295057,11.68802245,1389.999986,Non-calcareous,1.502230231,5.449336,0.451533123,1.24,9.45396026,1.137423059,0.139530382,2.919614682,7.055317086,6.935376696,0.84
QY154,QY154,2017,112.295057,11.38763608,1389.999986,Non-calcareous,1.498920879,5.380608,0.451343817,0.95,8.193432225,1.137423059,0.148828383,2.907243648,7.29620736,7.172171835,0.84
QY154,QY154,2018,112.295057,11.08724971,1389.999986,Non-calcareous,1.508741023,5.34576,0.451024294,0.93,6.932904191,1.137423059,0.142166219,2.700740917,6.928197795,6.810418433,0.84
QY154,QY154,2019,112.295057,10.78686333,1389.999986,Non-calcareous,1.502230231,5.293224,0.450080074,0.91,5.672376156,1.137423059,0.143508512,2.554104449,6.774465652,6.659299736,0.84
QY163,QY163,1985,164,27,1399.999976,Non-calcareous,2.055250035,5.86364,0.247403744,1.47,9.223981762,1.176806098,0.149901136,0,15.73710834,15.4695775,0.3
QY163,QY163,1986,164,26.42065971,1399.999976,Non-calcareous,2.042107178,5.840408,0.248528706,1.48,9.223981762,1.176806098,0.158777902,0,16.7649229,16.47991921,0.3185
QY163,QY163,1987,164,25.84131941,1399.999976,Non-calcareous,2.036071463,5.81656,0.249436373,1.53,9.223981762,1.176806098,0.189849019,0,15.21461585,14.95596738,0.337
QY163,QY163,1988,164,25.26197912,1399.999976,Non-calcareous,2.024035749,5.795528,0.25044096,1.2,9.223981762,1.176806098,0.194089789,0,15.32244577,15.06196419,0.3555
QY163,QY163,1989,164,24.68263882,1399.999976,Non-calcareous,2.015250034,5.773792,0.251563169,1.2,9.223981762,1.176806098,0.220502913,0,15.32140179,15.06093796,0.374
QY163,QY163,1990,164,24.10329853,1399.999976,Non-calcareous,2.007642891,5.752496,0.252625835,1.47,9.223981762,1.176806098,0.247165747,0,15,14.745,0.3925
QY163,QY163,1991,164,23.52395824,1399.999976,Non-calcareous,2.001642891,5.725744,0.253504499,1.48,10.28877811,1.176806098,0.255919548,0,14.78166585,14.53037753,0.411
QY163,QY163,1992,164,22.94461794,1399.999976,Non-calcareous,1.996000034,5.7026,0.254704409,1.53,11.35357447,1.176806098,0.263547909,0,15.64085866,15.37496406,0.4295
QY163,QY163,1993,164,22.36527765,1399.999976,Non-calcareous,1.988928605,5.682624,0.256058121,1.2,12.41837082,1.176806098,0.274996088,0,15.64085866,15.37496406,0.448
QY163,QY163,1994,164,21.78593735,1399.999976,Non-calcareous,1.981678605,5.685616,0.257965719,1.95,13.48316717,1.176806098,0.268047735,0,15.51288837,15.24916926,0.4665
QY163,QY163,1995,164,21.20659706,1399.999976,Non-calcareous,1.986178605,5.630968,0.259713173,0.89,14.54796352,1.176806098,0.316919622,0,15.41770864,15.1556076,0.485
QY163,QY163,1996,164,20.62725676,1399.999976,Non-calcareous,1.995392891,5.638624,0.262496863,1.47,15.61275988,1.176806098,0.308588911,0,15.11319015,14.85626592,0.5035
QY163,QY163,1997,164,20.04791647,1399.999976,Non-calcareous,2.001357177,5.63616,0.26525697,1.98,16.67755623,1.176806098,0.293506329,0,15.50060251,15.23709227,0.522
QY163,QY163,1998,164,19.46857618,1399.999976,Non-calcareous,2.008250034,5.5948,0.267921438,1.33,17.74235258,1.176806098,0.306055651,0,15.83063042,15.5615097,0.5405
QY163,QY163,1999,164,18.88923588,1399.999976,Non-calcareous,2.031607177,5.577024,0.271318618,1,18.80714893,1.176806098,0.312319875,0,15.75951169,15.49159999,0.559
QY163,QY163,2000,164,18.30989559,1399.999976,Non-calcareous,2.057857178,5.58072,0.275346671,1.41,19.87194529,1.176806098,0.32411289,0,15.67105806,15.40465007,0.5775
QY163,QY163,2001,164,17.73055529,1399.999976,Non-calcareous,2.059642892,5.551944,0.279441703,1.14,20.93674164,1.176806098,0.324962419,0,15.5503896,15.28603298,0.596
QY163,QY163,2002,164,17.151215,1399.999976,Non-calcareous,2.060428607,5.572976,0.284117693,2.09,22.00153799,1.176806098,0.318196841,0,15.59614792,15.3310134,0.6145
QY163,QY163,2003,164,16.57187471,1399.999976,Non-calcareous,2.065000035,5.466672,0.288330475,0.85,23.06633434,1.176806098,0.392894741,0,16.2228485,15.94706008,0.633
QY163,QY163,2004,164,15.99253441,1399.999976,Non-calcareous,2.072250035,5.494392,0.293665023,1.31,24.1311307,1.176806098,0.432905337,0,17.48399949,17.1867715,0.6515
QY163,QY163,2005,164,15.41319412,1399.999976,Non-calcareous,2.080464321,5.468696,0.298782637,1.31,25.19592705,1.176806098,0.478524038,0,16.39821685,16.11944716,0.67
QY163,QY163,2006,164,14.83385382,1399.999976,Non-calcareous,2.089500036,5.473096,0.304341094,1.55,26.2607234,1.176806098,0.48032694,0,14.88082623,14.62785219,0.6885
QY163,QY163,2007,164,14.25451353,1399.999976,Non-calcareous,2.093821464,5.432704,0.310239893,1.18,27.32551975,1.176806098,0.485956671,0,14.68242441,14.43282319,0.707
QY163,QY163,2008,164,13.67517324,1399.999976,Non-calcareous,2.095607179,5.415016,0.316807295,1.11,28.3903161,1.176806098,0.492897618,0,14.52823744,14.2812574,0.7255
QY163,QY163,2009,164,13.09583294,1399.999976,Non-calcareous,2.10553575,5.37832,0.323770852,0.95,29.45511246,1.176806098,0.506334355,0,13.71517355,13.4820156,0.744
QY163,QY163,2010,164,12.51649265,1399.999976,Non-calcareous,2.115464322,5.373216,0.331289765,0.91,29.45511246,1.176806098,0.513077837,0,12.83406594,12.61588682,0.7625
QY163,QY163,2011,164,11.93715235,1399.999976,Non-calcareous,2.127035751,5.299472,0.338975544,0.6,27.27325228,1.176806098,0.529322272,0,13.04084408,12.81914973,0.781
QY163,QY163,2012,164,11.35781206,1399.999976,Non-calcareous,2.137964322,5.332648,0.346062604,0.98,25.09139209,1.176806098,0.540817032,0,13.26150926,13.0360636,0.7995
QY163,QY163,2013,164,10.77847176,1399.999976,Non-calcareous,2.136000036,5.217368,0.35183602,0.43,22.90953191,1.176806098,0.550471992,0,13.285913,13.06005248,0.818
QY163,QY163,2014,164,10.19913147,1399.999976,Non-calcareous,2.145142894,5.336256,0.357385989,1.16,20.72767173,1.176806098,0.581403073,0,13.22632715,13.00147959,0.8365
QY163,QY163,2015,164,9.619791176,1399.999976,Non-calcareous,2.155785751,5.287768,0.361329847,0.93,18.54581155,1.176806098,0.692866463,0,13.22749422,13.00262682,0.84
QY163,QY163,2016,164,9.040450882,1399.999976,Non-calcareous,2.162428608,5.308536,0.364671056,1.24,16.36395137,1.176806098,0.708109226,0,13.22871954,13.0038313,0.84
QY163,QY163,2017,164,8.461110588,1399.999976,Non-calcareous,2.166392894,5.276152,0.36674226,0.95,14.18209118,1.176806098,0.660557001,0,13.6803888,13.44782219,0.84
QY163,QY163,2018,164,7.881770294,1399.999976,Non-calcareous,2.194785752,5.25512,0.368254102,0.93,12.000231,1.176806098,0.687153893,0,12.99037087,12.76953456,0.84
QY163,QY163,2019,164,7.30243,1399.999976,Non-calcareous,2.192678609,5.242008,0.36901633,0.91,9.818370819,1.176806098,0.685249516,0,12.7021231,12.486187,0.84
QY165,QY165,1985,223,21,1399.999976,Calcareous,2.465000042,6.702456,0.330266858,1.47,9.584098125,1.084520564,0.373779557,0,12.58968667,12.375662,0.3
QY165,QY165,1986,223,20.59177078,1399.999976,Calcareous,2.44057147,6.700696,0.333162251,1.48,9.584098125,1.084520564,0.394811971,0,13.41193832,13.18393537,0.3185
QY165,QY165,1987,223,20.18354156,1399.999976,Calcareous,2.421892898,6.69876,0.335990668,1.53,9.584098125,1.084520564,0.476985409,0,12.17169268,11.96477391,0.337
QY165,QY165,1988,223,19.77531234,1399.999976,Calcareous,2.398642898,6.693392,0.338908627,1.2,9.584098125,1.084520564,0.491363707,0,12.25795662,12.04957135,0.3555
QY165,QY165,1989,223,19.36708312,1399.999976,Calcareous,2.378178612,6.69216,0.341862771,1.2,9.584098125,1.084520564,0.562985454,0,12.25712143,12.04875037,0.374
QY165,QY165,1990,223,18.9588539,1399.999976,Calcareous,2.358857183,6.69524,0.344829357,1.47,9.584098125,1.084520564,0.635172022,0,12,11.796,0.3925
QY165,QY165,1991,223,18.55062468,1399.999976,Calcareous,2.341035754,6.6926,0.347786827,1.48,10.72091775,1.084520564,0.66074163,0,11.82533268,11.62430202,0.411
QY165,QY165,1992,223,18.14239546,1399.999976,Calcareous,2.323714325,6.692336,0.351156499,1.53,11.85773738,1.084520564,0.683659855,0,12.51268693,12.29997125,0.4295
QY165,QY165,1993,223,17.73416624,1399.999976,Calcareous,2.305500039,6.688288,0.354871844,1.2,12.994557,1.084520564,0.712365391,0,12.51268693,12.29997125,0.448
QY165,QY165,1994,223,17.32593702,1399.999976,Calcareous,2.287357182,6.70096,0.35904626,1.95,14.13137663,1.084520564,0.69612704,0,12.41031069,12.19933541,0.4665
QY165,QY165,1995,223,16.9177078,1399.999976,Calcareous,2.278821467,6.682832,0.363492797,0.89,15.26819625,1.084520564,0.817052439,0,12.33416691,12.12448608,0.485
QY165,QY165,1996,223,16.50947858,1399.999976,Calcareous,2.274214324,6.691368,0.368556962,1.47,16.40501588,1.084520564,0.800141583,0,12.09055212,11.88501273,0.5035
QY165,QY165,1997,223,16.10124936,1399.999976,Calcareous,2.267214324,6.697968,0.37392765,1.98,17.5418355,1.084520564,0.761625026,0,12.40048201,12.18967382,0.522
QY165,QY165,1998,223,15.69302014,1399.999976,Calcareous,2.261142896,6.692864,0.379568502,1.33,18.67865513,1.084520564,0.79548042,0,12.66450434,12.44920776,0.5405
QY165,QY165,1999,223,15.28479092,1399.999976,Calcareous,2.26842861,6.686352,0.385719102,1,19.81547475,1.084520564,0.812721954,0,12.60760935,12.39327999,0.559
QY165,QY165,2000,223,14.8765617,1399.999976,Calcareous,2.278142896,6.688464,0.392336427,1.41,20.95229438,1.084520564,0.836634626,0,12.53684645,12.32372006,0.5775
QY165,QY165,2001,223,14.46833248,1399.999976,Calcareous,2.26842861,6.684416,0.399288887,1.14,22.089114,1.084520564,0.840490009,0,12.44031168,12.22882638,0.596
QY165,QY165,2002,223,14.06010327,1399.999976,Calcareous,2.258142896,6.70184,0.406707046,2.09,23.22593363,1.084520564,0.823804555,0,12.47691833,12.26481072,0.6145
QY165,QY165,2003,223,13.65187405,1399.999976,Calcareous,2.251142895,6.66708,0.41432653,0.85,24.36275325,1.084520564,1.017543859,0,12.9782788,12.75764806,0.633
QY165,QY165,2004,223,13.24364483,1399.999976,Calcareous,2.24642861,6.689608,0.422599044,1.31,25.49957288,1.084520564,1.113131691,0,13.98719959,13.7494172,0.6515
QY165,QY165,2005,223,12.83541561,1399.999976,Calcareous,2.24267861,6.680192,0.431143897,1.31,26.6363925,1.084520564,1.228159117,0,13.11857348,12.89555773,0.67
QY165,QY165,2006,223,12.42718639,1399.999976,Calcareous,2.239750038,6.692688,0.440176465,1.55,27.77321213,1.084520564,1.233822707,0,11.90466099,11.70228175,0.6885
QY165,QY165,2007,223,12.01895717,1399.999976,Calcareous,2.233178609,6.686176,0.449654653,1.18,28.91003175,1.084520564,1.248514189,0,11.74593953,11.54625855,0.707
QY165,QY165,2008,223,11.61072795,1399.999976,Calcareous,2.224785752,6.681336,0.459625912,1.11,30.04685138,1.084520564,1.267004813,0,11.62258995,11.42500592,0.7255
QY165,QY165,2009,223,11.20249873,1399.999976,Calcareous,2.223107181,6.675088,0.470017607,0.95,31.183671,1.084520564,1.302078921,0,10.97213884,10.78561248,0.744
QY165,QY165,2010,223,10.79426951,1399.999976,Calcareous,2.221535752,6.673504,0.480899027,0.91,31.183671,1.084520564,1.319766462,0,10.26725275,10.09270945,0.7625
QY165,QY165,2011,223,10.38604029,1399.999976,Calcareous,2.221500038,6.642176,0.491841673,0.6,28.87376944,1.084520564,1.360252776,0,10.43267526,10.25531978,0.781
QY165,QY165,2012,223,9.977811068,1399.999976,Calcareous,2.221035752,6.661448,0.50201094,0.98,26.56386789,1.084520564,1.39005729,0,10.6092074,10.42885088,0.7995
QY165,QY165,2013,223,9.569581848,1399.999976,Calcareous,2.210428609,6.625456,0.511255498,0.43,24.25396633,1.084520564,1.414823037,0,10.6287304,10.44804198,0.818
QY165,QY165,2014,223,9.161352629,1399.999976,Calcareous,2.208892895,6.679576,0.519812832,1.16,21.94406478,1.084520564,1.495877581,0,10.58106172,10.40118367,0.8365
QY165,QY165,2015,223,8.753123409,1399.999976,Calcareous,2.208714323,6.666552,0.527404449,0.93,19.63416322,1.084520564,1.773665466,0,10.58199538,10.40210146,0.84
QY165,QY165,2016,223,8.344894189,1399.999976,Calcareous,2.205464323,6.675792,0.534302216,1.24,17.32426167,1.084520564,1.811818726,0,10.58297563,10.40306504,0.84
QY165,QY165,2017,223,7.936664969,1399.999976,Calcareous,2.200214323,6.668224,0.540275983,0.95,15.01436011,1.084520564,1.693256468,0,10.94431104,10.75825775,0.84
QY165,QY165,2018,223,7.52843575,1399.999976,Calcareous,2.214678609,6.667344,0.545405774,0.93,12.70445856,1.084520564,1.759526965,0,10.39229669,10.21562765,0.84
QY165,QY165,2019,223,7.12020653,1399.999976,Calcareous,2.204785752,6.664792,0.549758451,0.91,10.394557,1.084520564,1.754813717,0,10.16169848,9.988949603,0.84
QY175,QY175,1985,181.5285171,20,1389.999986,Calcareous,2.251726642,6.707472,0.223373053,1.47,6.104958022,1.336850399,0.090011556,0,8.393124447,8.250441332,0.3
QY175,QY175,1986,181.5285171,19.92525083,1389.999986,Calcareous,2.226330958,6.706416,0.225665498,1.48,6.104958022,1.336850399,0.093324433,0,8.941292215,8.789290247,0.3185
QY175,QY175,1987,181.5285171,19.85050167,1389.999986,Calcareous,2.204892109,6.706416,0.22793173,1.53,6.104958022,1.336850399,0.11127538,0,8.114461789,7.976515939,0.337
QY175,QY175,1988,181.5285171,19.7757525,1389.999986,Calcareous,2.180467648,6.702984,0.230217702,1.2,6.104958022,1.336850399,0.115202145,0,8.171971077,8.033047569,0.3555
QY175,QY175,1989,181.5285171,19.70100333,1389.999986,Calcareous,2.158093547,6.702368,0.232532219,1.2,6.104958022,1.336850399,0.129871816,0,8.17141429,8.032500247,0.374
QY175,QY175,1990,181.5285171,19.62625417,1389.999986,Calcareous,2.136618727,6.705008,0.234844924,1.47,6.104958022,1.336850399,0.144684179,0,8,7.864,0.3925
QY175,QY175,1991,181.5285171,19.551505,1389.999986,Calcareous,2.116294986,6.702544,0.237131146,1.48,6.545949626,1.336850399,0.1505418,0,7.883555119,7.749534682,0.411
QY175,QY175,1992,181.5285171,19.47675583,1389.999986,Calcareous,2.096474842,6.70228,0.23957262,1.53,6.986941231,1.336850399,0.155121857,0,8.341791284,8.199980833,0.4295
QY175,QY175,1993,181.5285171,19.40200667,1389.999986,Calcareous,2.076223043,6.6992,0.242145243,1.2,7.427932835,1.336850399,0.162261528,0,8.341791284,8.199980833,0.448
QY175,QY175,1994,181.5285171,19.3272575,1389.999986,Calcareous,2.0561511,6.707824,0.244912672,1.95,7.868924439,1.336850399,0.159410743,0,8.273540462,8.132890274,0.4665
QY175,QY175,1995,181.5285171,19.25250833,1389.999986,Calcareous,2.042697863,6.699288,0.247738608,0.89,8.309916044,1.336850399,0.185458923,0,8.222777943,8.082990718,0.485
QY175,QY175,1996,181.5285171,19.17775917,1389.999986,Calcareous,2.032050381,6.702016,0.250864031,1.47,8.750907648,1.336850399,0.18420029,0,8.06036808,7.923341823,0.5035
QY175,QY175,1997,181.5285171,19.10301,1389.999986,Calcareous,2.020000021,6.705976,0.254068962,1.98,9.191899253,1.336850399,0.177458216,0,8.266988007,8.126449211,0.522
QY175,QY175,1998,181.5285171,19.02826083,1389.999986,Calcareous,2.008669085,6.706856,0.25734695,1.33,9.632890857,1.336850399,0.186713352,0,8.443002891,8.299471841,0.5405
QY175,QY175,1999,181.5285171,18.95351167,1389.999986,Calcareous,2.006510812,6.701928,0.260866937,1,10.07388246,1.336850399,0.189926331,0,8.405072901,8.262186662,0.559
QY175,QY175,2000,181.5285171,18.8787625,1389.999986,Calcareous,2.006187071,6.701136,0.264588293,1.41,10.51487407,1.336850399,0.193581062,0,8.35789763,8.21581337,0.5775
QY175,QY175,2001,181.5285171,18.80401333,1389.999986,Calcareous,1.993021603,6.700432,0.268405976,1.14,10.95586567,1.336850399,0.197086281,0,8.293541121,8.152550922,0.596
QY175,QY175,2002,181.5285171,18.72926417,1389.999986,Calcareous,1.979532394,6.710112,0.27242379,2.09,11.39685727,1.336850399,0.190075999,0,8.317945555,8.176540481,0.6145
QY175,QY175,2003,181.5285171,18.654515,1389.999986,Calcareous,1.968345344,6.690576,0.276447061,0.85,11.83784888,1.336850399,0.231355634,0,8.652185868,8.505098709,0.633
QY175,QY175,2004,181.5285171,18.57976583,1389.999986,Calcareous,1.958848941,6.705448,0.28081051,1.31,12.27884048,1.336850399,0.253191382,0,9.324799729,9.166278133,0.6515
QY175,QY175,2005,181.5285171,18.50501667,1389.999986,Calcareous,1.950107934,6.698232,0.28524142,1.31,12.71983209,1.336850399,0.277314711,0,8.745715653,8.597038487,0.67
QY175,QY175,2006,181.5285171,18.4302675,1389.999986,Calcareous,1.94205038,6.707472,0.289849884,1.55,13.16082369,1.336850399,0.27743606,0,7.936440658,7.801521167,0.6885
QY175,QY175,2007,181.5285171,18.35551833,1389.999986,Calcareous,1.931726639,6.705624,0.294604345,1.18,13.6018153,1.336850399,0.281975986,0,7.83062635,7.697505702,0.707
QY175,QY175,2008,181.5285171,18.28076917,1389.999986,Calcareous,1.920251818,6.702192,0.299580099,1.11,14.0428069,1.336850399,0.286093219,0,7.7483933,7.616670614,0.7255
QY175,QY175,2009,181.5285171,18.20602,1389.999986,Calcareous,1.913345343,6.699728,0.30472318,0.95,14.48379851,1.336850399,0.294230543,0,7.314759226,7.19040832,0.744
QY175,QY175,2010,181.5285171,18.13127083,1389.999986,Calcareous,1.906726638,6.698144,0.310066023,0.91,14.48379851,1.336850399,0.29838518,0,6.844835166,6.728472968,0.7625
QY175,QY175,2011,181.5285171,18.05652167,1389.999986,Calcareous,1.90118707,6.680104,0.315430172,0.6,13.41092454,1.336850399,0.309198731,0,6.95511684,6.836879854,0.781
QY175,QY175,2012,181.5285171,17.9817725,1389.999986,Calcareous,1.895539588,6.688464,0.320458197,0.98,12.33805058,1.336850399,0.316849815,0,7.072804937,6.952567253,0.7995
QY175,QY175,2013,181.5285171,17.90702333,1389.999986,Calcareous,1.883165487,6.676144,0.325021528,0.43,11.26517662,1.336850399,0.322191191,0,7.085820268,6.965361323,0.818
QY175,QY175,2014,181.5285171,17.83227417,1389.999986,Calcareous,1.876942465,6.70228,0.329308733,1.16,10.19230265,1.336850399,0.341345543,0,7.054041147,6.934122447,0.8365
QY175,QY175,2015,181.5285171,17.757525,1389.999986,Calcareous,1.871762609,6.69612,0.333071722,0.93,9.119428688,1.336850399,0.387875145,0,7.054663585,6.934734304,0.84
QY175,QY175,2016,181.5285171,17.68277583,1389.999986,Calcareous,1.864604336,6.699728,0.336501641,1.24,8.046554725,1.336850399,0.395913727,0,7.055317086,6.935376696,0.84
QY175,QY175,2017,181.5285171,17.60802667,1389.999986,Calcareous,1.856223041,6.69744,0.339471989,0.95,6.973680762,1.336850399,0.374927015,0,7.29620736,7.172171835,0.84
QY175,QY175,2018,181.5285171,17.5332775,1389.999986,Calcareous,1.861151098,6.697352,0.342090548,0.93,5.900806798,1.336850399,0.386226812,0,6.928197795,6.810418433,0.84
QY175,QY175,2019,181.5285171,17.45852833,1389.999986,Calcareous,1.849892105,6.695856,0.344335509,0.91,4.827932835,1.336850399,0.385677312,0,6.774465652,6.659299736,0.84
QY182,QY182,1985,165.9297845,25,1360.000014,Calcareous,1.576544101,6.705272,0.102071631,1.47,11.02211859,1.10363762,0.184866256,0,6.294843335,6.187830999,0.3
QY182,QY182,1986,165.9297845,24.49335564,1360.000014,Calcareous,1.559080866,6.7036,0.106245763,1.48,11.02211859,1.10363762,0.196149797,0,6.705969161,6.591967685,0.3185
QY182,QY182,1987,165.9297845,23.98671127,1360.000014,Calcareous,1.544669101,6.703336,0.110389308,1.53,11.02211859,1.10363762,0.234586128,0,6.085846342,5.982386954,0.337
QY182,QY182,1988,165.9297845,23.48006691,1360.000014,Calcareous,1.527904396,6.699464,0.114549718,1.2,11.02211859,1.10363762,0.239586027,0,6.128978308,6.024785677,0.3555
QY182,QY182,1989,165.9297845,22.97342255,1360.000014,Calcareous,1.512683808,6.698672,0.118724373,1.2,11.02211859,1.10363762,0.272358581,0,6.128560717,6.024375185,0.374
QY182,QY182,1990,165.9297845,22.46677819,1360.000014,Calcareous,1.498124984,6.701928,0.122895272,1.47,11.02211859,1.10363762,0.305440299,0,6,5.898,0.3925
QY182,QY182,1991,165.9297845,21.96013382,1360.000014,Calcareous,1.484448514,6.699464,0.127041339,1.48,12.44654231,1.10363762,0.316135764,0,5.912666339,5.812151012,0.411
QY182,QY182,1992,165.9297845,21.45348946,1360.000014,Calcareous,1.471066161,6.699552,0.131700519,1.53,13.87096603,1.10363762,0.325543569,0,6.256343463,6.149985624,0.4295
QY182,QY182,1993,165.9297845,20.9468451,1360.000014,Calcareous,1.457352926,6.696384,0.136846858,1.2,15.29538975,1.10363762,0.339617862,0,6.256343463,6.149985624,0.448
QY182,QY182,1994,165.9297845,20.44020074,1360.000014,Calcareous,1.44371322,6.705712,0.142541433,1.95,16.71981347,1.10363762,0.330828522,0,6.205155346,6.099667706,0.4665
QY182,QY182,1995,165.9297845,19.93355637,1360.000014,Calcareous,1.435147044,6.695064,0.148645267,0.89,18.14423719,1.10363762,0.391649675,0,6.167083457,6.062243038,0.485
QY182,QY182,1996,165.9297845,19.42691201,1360.000014,Calcareous,1.428676456,6.699024,0.155412047,1.47,19.56866091,1.10363762,0.380751833,0,6.04527606,5.942506367,0.5035
QY182,QY182,1997,165.9297845,18.92026765,1360.000014,Calcareous,1.421066162,6.703512,0.162602198,1.98,20.99308463,1.10363762,0.361765403,0,6.200241006,6.094836908,0.522
QY182,QY182,1998,165.9297845,18.41362328,1360.000014,Calcareous,1.414007338,6.703688,0.170200244,1.33,22.41750834,1.10363762,0.376955309,0,6.332252168,6.224603881,0.5405
QY182,QY182,1999,165.9297845,17.90697892,1360.000014,Calcareous,1.413897044,6.697968,0.178396165,1,23.84193206,1.10363762,0.384772112,0,6.303804676,6.196639996,0.559
QY182,QY182,2000,165.9297845,17.40033456,1360.000014,Calcareous,1.415147044,6.697264,0.187147986,1.41,25.26635578,1.10363762,0.39988701,0,6.268423223,6.161860028,0.5775
QY182,QY182,2001,165.9297845,16.8936902,1360.000014,Calcareous,1.406507338,6.696736,0.196334159,1.14,26.6907795,1.10363762,0.400435512,0,6.220155841,6.114413192,0.596
QY182,QY182,2002,165.9297845,16.38704583,1360.000014,Calcareous,1.397610279,6.707384,0.206074339,2.09,28.11520322,1.10363762,0.392583121,0,6.238459166,6.132405361,0.6145
QY182,QY182,2003,165.9297845,15.88040147,1360.000014,Calcareous,1.390477927,6.685912,0.216120138,0.85,29.53962694,1.10363762,0.485300383,0,6.489139401,6.378824032,0.633
QY182,QY182,2004,165.9297845,15.37375711,1360.000014,Calcareous,1.384558809,6.700872,0.226917352,1.31,30.96405066,1.10363762,0.535008553,0,6.993599797,6.8747086,0.6515
QY182,QY182,2005,165.9297845,14.86711275,1360.000014,Calcareous,1.379227927,6.69348,0.238096332,1.31,32.38847438,1.10363762,0.591812932,0,6.55928674,6.447778865,0.67
QY182,QY182,2006,165.9297845,14.36046838,1360.000014,Calcareous,1.37441175,6.702984,0.249810938,1.55,33.81289809,1.10363762,0.594196577,0,5.952330494,5.851140875,0.6885
QY182,QY182,2007,165.9297845,13.85382402,1360.000014,Calcareous,1.367757339,6.700344,0.262009114,1.18,35.23732181,1.10363762,0.600946231,0,5.872969763,5.773129277,0.707
QY182,QY182,2008,165.9297845,13.34717966,1360.000014,Calcareous,1.360220574,6.696208,0.274800593,1.11,36.66174553,1.10363762,0.609514621,0,5.811294975,5.712502961,0.7255
QY182,QY182,2009,165.9297845,12.84053529,1360.000014,Calcareous,1.356213221,6.692864,0.288106243,0.95,38.08616925,1.10363762,0.626074049,0,5.48606942,5.39280624,0.744
QY182,QY182,2010,165.9297845,12.33389093,1360.000014,Calcareous,1.352352927,6.690488,0.301981044,0.91,38.08616925,1.10363762,0.634372919,0,5.133626375,5.046354726,0.7625
QY182,QY182,2011,165.9297845,11.82724657,1360.000014,Calcareous,1.349301456,6.67016,0.315871291,0.6,35.26497153,1.10363762,0.654229908,0,5.21633763,5.12765989,0.781
QY182,QY182,2012,165.9297845,11.32060221,1360.000014,Calcareous,1.346139692,6.680984,0.328789298,0.98,32.44377381,1.10363762,0.668281074,0,5.304603702,5.214425439,0.7995
QY182,QY182,2013,165.9297845,10.81395784,1360.000014,Calcareous,1.337794104,6.663384,0.340516157,0.43,29.62257608,1.10363762,0.680264124,0,5.314365201,5.224020992,0.818
QY182,QY182,2014,165.9297845,10.30731348,1360.000014,Calcareous,1.334154398,6.694624,0.351385732,1.16,26.80137836,1.10363762,0.718313173,0,5.29053086,5.200591836,0.8365
QY182,QY182,2015,165.9297845,9.800669118,1360.000014,Calcareous,1.331249986,6.687672,0.360955652,0.93,23.98018064,1.10363762,0.859176093,0,5.290997689,5.201050728,0.84
QY182,QY182,2016,165.9297845,9.294024755,1360.000014,Calcareous,1.326874986,6.692248,0.369593003,1.24,21.15898292,1.10363762,0.878160013,0,5.291487815,5.201532522,0.84
QY182,QY182,2017,165.9297845,8.787380392,1360.000014,Calcareous,1.321470574,6.68864,0.377043956,0.95,18.33778519,1.10363762,0.818254832,0,5.47215552,5.379128877,0.84
QY182,QY182,2018,165.9297845,8.280736029,1360.000014,Calcareous,1.326286751,6.688112,0.383502633,0.93,15.51658747,1.10363762,0.851834055,0,5.196148346,5.107813825,0.84
QY182,QY182,2019,165.9297845,7.774091667,1360.000014,Calcareous,1.318676457,6.686352,0.388943954,0.91,12.69538975,1.10363762,0.849386469,0,5.080849239,4.994474802,0.84
QY189,QY189,1985,146,24,1409.999967,Calcareous,1.677659614,6.710464,0.186155358,1.47,5.107354188,1.493477194,0.096480173,0,9.442265003,9.281746498,0.3
QY189,QY189,1986,146,25.7235374,1409.999967,Calcareous,1.664503586,6.70932,0.188214728,1.48,5.107354188,1.493477194,0.100587275,0,10.05895374,9.887951528,0.3185
QY189,QY189,1987,146,27.4470748,1409.999967,Calcareous,1.655673798,6.710112,0.190257842,1.53,5.107354188,1.493477194,0.125106216,0,9.128769513,8.973580431,0.337
QY189,QY189,1988,146,29.17061221,1409.999967,Calcareous,1.643439755,6.705712,0.192313623,1.2,5.107354188,1.493477194,0.131984666,0,9.193467462,9.037178515,0.3555
QY189,QY189,1989,146,30.89414961,1409.999967,Calcareous,1.633191528,6.70492,0.194404815,1.2,5.107354188,1.493477194,0.154447583,0,9.192841076,9.036562778,0.374
QY189,QY189,1990,146,32.61768701,1409.999967,Calcareous,1.623723443,6.70844,0.196499181,1.47,5.107354188,1.493477194,0.177011574,0,9,8.847,0.3925
QY189,QY189,1991,146,34.34122441,1409.999967,Calcareous,1.615354648,6.70624,0.198567683,1.48,5.348825026,1.493477194,0.186537984,0,8.868999509,8.718226517,0.411
QY189,QY189,1992,146,36.06476181,1409.999967,Calcareous,1.607340464,6.707032,0.200720635,1.53,5.590295863,1.493477194,0.195344502,0,9.384515195,9.224978437,0.4295
QY189,QY189,1993,146,37.78829922,1409.999967,Calcareous,1.598581598,6.703424,0.202943014,1.2,5.831766701,1.493477194,0.202938598,0,9.384515195,9.224978437,0.448
QY189,QY189,1994,146,39.51183662,1409.999967,Calcareous,1.589787272,6.709672,0.205292128,1.95,6.073237539,1.493477194,0.199884257,0,9.30773302,9.149501558,0.4665
QY189,QY189,1995,146,41.23537402,1409.999967,Calcareous,1.588120605,6.705976,0.20762271,0.89,6.314708376,1.493477194,0.229577926,0,9.250625185,9.093364557,0.485
QY189,QY189,1996,146,42.95891142,1409.999967,Calcareous,1.589432662,6.705448,0.210190929,1.47,6.556179214,1.493477194,0.229013833,0,9.06791409,8.91375955,0.5035
QY189,QY189,1997,146,44.68244882,1409.999967,Calcareous,1.589113513,6.708352,0.21276284,1.98,6.797650052,1.493477194,0.218976921,0,9.300361508,9.142255363,0.522
QY189,QY189,1998,146,46.40598623,1409.999967,Calcareous,1.589432662,6.713016,0.215338548,1.33,7.039120889,1.493477194,0.230047457,0,9.498378252,9.336905822,0.5405
QY189,QY189,1999,146,48.12952363,1409.999967,Calcareous,1.59971635,6.707912,0.218093462,1,7.280591727,1.493477194,0.235563787,0,9.455707014,9.294959995,0.559
QY189,QY189,2000,146,49.85306103,1409.999967,Calcareous,1.612056776,6.705624,0.220980882,1.41,7.522062564,1.493477194,0.236804111,0,9.402634834,9.242790042,0.5775
QY189,QY189,2001,146,51.57659843,1409.999967,Calcareous,1.610106421,6.707296,0.223893713,1.14,7.763533402,1.493477194,0.239836741,0,9.330233761,9.171619787,0.596
QY189,QY189,2002,146,53.30013583,1409.999967,Calcareous,1.607482308,6.712312,0.226936386,2.09,8.00500424,1.493477194,0.234929873,0,9.35768875,9.198608041,0.6145
QY189,QY189,2003,146,55.02367324,1409.999967,Calcareous,1.607163159,6.701752,0.229918064,0.85,8.246475077,1.493477194,0.289593285,0,9.733709102,9.568236047,0.633
QY189,QY189,2004,146,56.74721064,1409.999967,Calcareous,1.608510676,6.710552,0.233180405,1.31,8.487945915,1.493477194,0.310618862,0,10.49039969,10.3120629,0.6515
QY189,QY189,2005,146,58.47074804,1409.999967,Calcareous,1.610567414,6.704568,0.236452442,1.31,8.729416753,1.493477194,0.340439719,0,9.838930109,9.671668297,0.67
QY189,QY189,2006,146,60.19428544,1409.999967,Calcareous,1.613191528,6.712048,0.239826313,1.55,8.97088759,1.493477194,0.342527842,0,8.92849574,8.776711313,0.6885
QY189,QY189,2007,146,61.91782284,1409.999967,Calcareous,1.613156067,6.712224,0.243263869,1.18,9.212358428,1.493477194,0.347094843,0,8.809454644,8.659693915,0.707
QY189,QY189,2008,146,63.64136025,1409.999967,Calcareous,1.611631244,6.70844,0.24684835,1.11,9.453829265,1.493477194,0.352732881,0,8.716942463,8.568754441,0.7255
QY189,QY189,2009,146,65.36489765,1409.999967,Calcareous,1.615000038,6.707384,0.2505294,0.95,9.695300103,1.493477194,0.362967847,0,8.22910413,8.089209359,0.744
QY189,QY189,2010,146,67.08843505,1409.999967,Calcareous,1.618510677,6.70448,0.254331462,0.91,9.695300103,1.493477194,0.368207083,0,7.700439562,7.56953209,0.7625
QY189,QY189,2011,146,68.81197245,1409.999967,Calcareous,1.623120606,6.693128,0.2581484,0.6,8.977129725,1.493477194,0.378907914,0,7.824506445,7.691489836,0.781
QY189,QY189,2012,146,70.53550985,1409.999967,Calcareous,1.627446847,6.697088,0.2617628,0.98,8.258959347,1.493477194,0.387635679,0,7.956905554,7.821638159,0.7995
QY189,QY189,2013,146,72.25904725,1409.999967,Calcareous,1.624184436,6.694008,0.265056206,0.43,7.540788969,1.493477194,0.39442685,0,7.971547801,7.836031489,0.818
QY189,QY189,2014,146,73.98258466,1409.999967,Calcareous,1.627482308,6.707296,0.268196176,1.16,6.822618591,1.493477194,0.418407822,0,7.93579629,7.800887753,0.8365
QY189,QY189,2015,146,75.70612206,1409.999967,Calcareous,1.631773088,6.704392,0.270960224,0.93,6.104448213,1.493477194,0.484901327,0,7.936496533,7.801576092,0.84
QY189,QY189,2016,146,77.42965946,1409.999967,Calcareous,1.633794365,6.705712,0.273530685,1.24,5.386277835,1.493477194,0.494578707,0,7.937231722,7.802298783,0.84
QY189,QY189,2017,146,79.15319686,1409.999967,Calcareous,1.634255358,6.705008,0.275788929,0.95,4.668107457,1.493477194,0.46587422,0,8.208233281,8.068693315,0.84
QY189,QY189,2018,146,80.87673426,1409.999967,Calcareous,1.64932628,6.705184,0.27782742,0.93,3.949937079,1.493477194,0.481775882,0,7.79422252,7.661720737,0.84
QY189,QY189,2019,146,82.60027167,1409.999967,Calcareous,1.646524862,6.703864,0.279623124,0.91,3.231766701,1.493477194,0.480734013,0,7.621273858,7.491712203,0.84
QY193,QY193,1985,146.9239544,21,1379.999995,Calcareous,3.093659431,6.706944,0.260177418,1.47,5.29672932,1.324394635,0.244933021,0,14.68796778,14.43827233,0.3
QY193,QY193,1986,146.9239544,20.58794745,1379.999995,Calcareous,3.061992764,6.705624,0.26193161,1.48,5.29672932,1.324394635,0.256747496,0,15.64726138,15.38125793,0.3185
QY193,QY193,1987,146.9239544,20.1758949,1379.999995,Calcareous,3.037210155,6.704744,0.263638459,1.53,5.29672932,1.324394635,0.306574689,0,14.20030813,13.95890289,0.337
QY193,QY193,1988,146.9239544,19.76384235,1379.999995,Calcareous,3.006992764,6.700256,0.265411104,1.2,5.29672932,1.324394635,0.315344351,0,14.30094939,14.05783325,0.3555
QY193,QY193,1989,146.9239544,19.3517898,1379.999995,Calcareous,2.980108706,6.69832,0.267204143,1.2,5.29672932,1.324394635,0.356914848,0,14.29997501,14.05687543,0.374
QY193,QY193,1990,146.9239544,18.93973725,1379.999995,Calcareous,2.954637691,6.700432,0.26900399,1.47,5.29672932,1.324394635,0.398883695,0,14,13.762,0.3925
QY193,QY193,1991,146.9239544,18.52768471,1379.999995,Calcareous,2.931014503,6.697528,0.270801279,1.48,5.576075184,1.324394635,0.413988691,0,13.79622146,13.56168569,0.411
QY193,QY193,1992,146.9239544,18.11563216,1379.999995,Calcareous,2.908007256,6.696736,0.272705061,1.53,5.855421048,1.324394635,0.4264524,0,14.59813475,14.34996646,0.4295
QY193,QY193,1993,146.9239544,17.70357961,1379.999995,Calcareous,2.883985517,6.692776,0.274668228,1.2,6.134766912,1.324394635,0.44551211,0,14.59813475,14.34996646,0.448
QY193,QY193,1994,146.9239544,17.29152706,1379.999995,Calcareous,2.860108706,6.703776,0.276764854,1.95,6.414112776,1.324394635,0.435920769,0,14.47869581,14.23255798,0.4665
QY193,QY193,1995,146.9239544,16.87947451,1379.999995,Calcareous,2.847644937,6.688464,0.278888554,0.89,6.69345864,1.324394635,0.511378248,0,14.3898614,14.14523376,0.485
QY193,QY193,1996,146.9239544,16.46742196,1379.999995,Calcareous,2.839855082,6.695152,0.281239789,1.47,6.972804504,1.324394635,0.502757813,0,14.10564414,13.86584819,0.5035
QY193,QY193,1997,146.9239544,16.05536941,1379.999995,Calcareous,2.829311604,6.701048,0.28364101,1.98,7.252150368,1.324394635,0.481199562,0,14.46722901,14.22128612,0.522
QY193,QY193,1998,146.9239544,15.64331686,1379.999995,Calcareous,2.819855082,6.697088,0.286066955,1.33,7.531496232,1.324394635,0.503997511,0,14.77525506,14.52407572,0.5405
QY193,QY193,1999,146.9239544,15.23126431,1379.999995,Calcareous,2.826304358,6.691984,0.288655295,1,7.810842096,1.324394635,0.513501671,0,14.70887758,14.45882666,0.559
QY193,QY193,2000,146.9239544,14.81921176,1379.999995,Calcareous,2.835615952,6.693568,0.29138361,1.41,8.09018796,1.324394635,0.528202158,0,14.62632085,14.3776734,0.5775
QY193,QY193,2001,146.9239544,14.40715922,1379.999995,Calcareous,2.821992763,6.68908,0.294180099,1.14,8.369533824,1.324394635,0.533583724,0,14.51369696,14.26696411,0.596
QY193,QY193,2002,146.9239544,13.99510667,1379.999995,Calcareous,2.807717401,6.704744,0.297117535,2.09,8.648879688,1.324394635,0.518598699,0,14.55640472,14.30894584,0.6145
QY193,QY193,2003,146.9239544,13.58305412,1379.999995,Calcareous,2.797355082,6.673768,0.300047133,0.85,8.928225552,1.324394635,0.635886463,0,15.14132527,14.88392274,0.633
QY193,QY193,2004,146.9239544,13.17100157,1379.999995,Calcareous,2.789782618,6.694712,0.303215879,1.31,9.207571416,1.324394635,0.698342958,0,16.31839953,16.04098673,0.6515
QY193,QY193,2005,146.9239544,12.75894902,1379.999995,Calcareous,2.783369575,6.685736,0.30641461,1.31,9.48691728,1.324394635,0.76852298,0,15.30500239,15.04481735,0.67
QY193,QY193,2006,146.9239544,12.34689647,1379.999995,Calcareous,2.777934792,6.697528,0.309776509,1.55,9.766263144,1.324394635,0.770187197,0,13.88877115,13.65266204,0.6885
QY193,QY193,2007,146.9239544,11.93484392,1379.999995,Calcareous,2.768260879,6.691984,0.313280222,1.18,10.04560901,1.324394635,0.780931874,0,13.70359611,13.47063498,0.707
QY193,QY193,2008,146.9239544,11.52279137,1379.999995,Calcareous,2.756449285,6.687848,0.316939718,1.11,10.32495487,1.324394635,0.792205641,0,13.55968828,13.32917358,0.7255
QY193,QY193,2009,146.9239544,11.11073882,1379.999995,Calcareous,2.752608705,6.682568,0.320715817,0.95,10.60430074,1.324394635,0.814252686,0,12.80082865,12.58321456,0.744
QY193,QY193,2010,146.9239544,10.69868627,1379.999995,Calcareous,2.748985517,6.681248,0.324650327,0.91,10.60430074,1.324394635,0.825411771,0,11.97846154,11.77482769,0.7625
QY193,QY193,2011,146.9239544,10.28663373,1379.999995,Calcareous,2.747137691,6.652824,0.32863014,0.6,9.818796978,1.324394635,0.853366869,0,12.17145447,11.96453974,0.781
QY193,QY193,2012,146.9239544,9.874581176,1379.999995,Calcareous,2.744891314,6.66928,0.33235642,0.98,9.03329322,1.324394635,0.873147281,0,12.37740864,12.16699269,0.7995
QY193,QY193,2013,146.9239544,9.462528627,1379.999995,Calcareous,2.730615951,6.639096,0.335754111,0.43,8.247789461,1.324394635,0.888314915,0,12.40018547,12.18938232,0.818
QY193,QY193,2014,146.9239544,9.050476078,1379.999995,Calcareous,2.727137691,6.68732,0.338940385,1.16,7.462285703,1.324394635,0.939629952,0,12.34457201,12.13471428,0.8365
QY193,QY193,2015,146.9239544,8.638423529,1379.999995,Calcareous,2.725253633,6.67588,0.341784375,0.93,6.676781945,1.324394635,1.094555578,0,12.34566127,12.13578503,0.84
QY193,QY193,2016,146.9239544,8.22637098,1379.999995,Calcareous,2.71981885,6.6838,0.344416222,1.24,5.891278187,1.324394635,1.117975991,0,12.3468049,12.13690922,0.84
QY193,QY193,2017,146.9239544,7.814318431,1379.999995,Calcareous,2.711992763,6.67764,0.346717598,0.95,5.105774428,1.324394635,1.050366855,0,12.76836288,12.55130071,0.84
QY193,QY193,2018,146.9239544,7.402265882,1379.999995,Calcareous,2.727572473,6.6772,0.348716586,0.93,4.32027067,1.324394635,1.087597326,0,12.12434614,11.91823226,0.84
QY193,QY193,2019,146.9239544,6.990213333,1379.999995,Calcareous,2.714347835,6.674736,0.350461425,0.91,3.534766912,1.324394635,1.085277679,0,11.85531489,11.65377454,0.84
QY199,QY199,1985,131.5,27,1399.999976,Calcareous,1.532392883,6.707208,0.152496952,1.47,15.11617269,1.149688075,0.227379626,0,9.442265003,9.281746498,0.3
QY199,QY199,1986,131.5,26.41275265,1399.999976,Calcareous,1.51953574,6.705536,0.157667108,1.48,15.11617269,1.149688075,0.241064741,0,10.05895374,9.887951528,0.3185
QY199,QY199,1987,131.5,25.82550529,1399.999976,Calcareous,1.510964311,6.705096,0.162775306,1.53,15.11617269,1.149688075,0.291069855,0,9.128769513,8.973580431,0.337
QY199,QY199,1988,131.5,25.23825794,1399.999976,Calcareous,1.498892883,6.700432,0.167923841,1.2,15.11617269,1.149688075,0.299030256,0,9.193467462,9.037178515,0.3555
QY199,QY199,1989,131.5,24.65101059,1399.999976,Calcareous,1.488821454,6.699288,0.173092317,1.2,15.11617269,1.149688075,0.342753266,0,9.192841076,9.036562778,0.374
QY199,QY199,1990,131.5,24.06376324,1399.999976,Calcareous,1.479535739,6.702632,0.178252221,1.47,15.11617269,1.149688075,0.386826197,0,9,8.847,0.3925
QY199,QY199,1991,131.5,23.47651588,1399.999976,Calcareous,1.471321454,6.700256,0.183378675,1.48,17.35940723,1.149688075,0.401917392,0,8.868999509,8.718226517,0.411
QY199,QY199,1992,131.5,22.88926853,1399.999976,Calcareous,1.463357168,6.700608,0.189294188,1.53,19.60264177,1.149688075,0.415633272,0,9.384515195,9.224978437,0.4295
QY199,QY199,1993,131.5,22.30202118,1399.999976,Calcareous,1.454642882,6.696648,0.195946865,1.2,21.84587631,1.149688075,0.432977602,0,9.384515195,9.224978437,0.448
QY199,QY199,1994,131.5,21.71477382,1399.999976,Calcareous,1.445928596,6.705624,0.203432893,1.95,24.08911085,1.149688075,0.422494812,0,9.30773302,9.149501558,0.4665
QY199,QY199,1995,131.5,21.12752647,1399.999976,Calcareous,1.444321453,6.695944,0.211559989,0.89,26.33234539,1.149688075,0.497462574,0,9.250625185,9.093364557,0.485
QY199,QY199,1996,131.5,20.54027912,1399.999976,Calcareous,1.445571453,6.698848,0.220677983,1.47,28.57557993,1.149688075,0.485417195,0,9.06791409,8.91375955,0.5035
QY199,QY199,1997,131.5,19.95303176,1399.999976,Calcareous,1.445035739,6.703424,0.230461672,1.98,30.81881447,1.149688075,0.461090852,0,9.300361508,9.142255363,0.522
QY199,QY199,1998,131.5,19.36578441,1399.999976,Calcareous,1.445071453,6.70448,0.240882238,1.33,33.062049,1.149688075,0.480832596,0,9.498378252,9.336905822,0.5405
QY199,QY199,1999,131.5,18.77853706,1399.999976,Calcareous,1.455071453,6.698408,0.252200174,1,35.30528354,1.149688075,0.491451731,0,9.455707014,9.294959995,0.559
QY199,QY199,2000,131.5,18.19128971,1399.999976,Calcareous,1.466892882,6.697704,0.264360555,1.41,37.54851808,1.149688075,0.507721225,0,9.402634834,9.242790042,0.5775
QY199,QY199,2001,131.5,17.60404235,1399.999976,Calcareous,1.464071454,6.697176,0.277202784,1.14,39.79175262,1.149688075,0.508738511,0,9.330233761,9.171619787,0.596
QY199,QY199,2002,131.5,17.016795,1399.999976,Calcareous,1.460750025,6.707296,0.29089127,2.09,42.03498716,1.149688075,0.499785467,0,9.35768875,9.198608041,0.6145
QY199,QY199,2003,131.5,16.42954765,1399.999976,Calcareous,1.459785739,6.686968,0.305088928,0.85,44.2782217,1.149688075,0.618672702,0,9.733709102,9.568236047,0.633
QY199,QY199,2004,131.5,15.84230029,1399.999976,Calcareous,1.460464311,6.700784,0.320365377,1.31,46.52145624,1.149688075,0.677960841,0,10.49039969,10.3120629,0.6515
QY199,QY199,2005,131.5,15.25505294,1399.999976,Calcareous,1.461785739,6.693304,0.336226463,1.31,48.76469078,1.149688075,0.74920055,0,9.838930109,9.671668297,0.67
QY199,QY199,2006,131.5,14.66780559,1399.999976,Calcareous,1.463678596,6.702808,0.352918638,1.55,51.00792531,1.149688075,0.752971963,0,8.92849574,8.776711313,0.6885
QY199,QY199,2007,131.5,14.08055824,1399.999976,Calcareous,1.462821453,6.700256,0.370391373,1.18,53.25115985,1.149688075,0.761396158,0,8.809454644,8.659693915,0.707
QY199,QY199,2008,131.5,13.49331088,1399.999976,Calcareous,1.460464311,6.696208,0.388756004,1.11,55.49439439,1.149688075,0.77259656,0,8.716942463,8.568754441,0.7255
QY199,QY199,2009,131.5,12.90606353,1399.999976,Calcareous,1.463071453,6.692424,0.407907692,0.95,57.73762893,1.149688075,0.793813728,0,8.22910413,8.089209359,0.744
QY199,QY199,2010,131.5,12.31881618,1399.999976,Calcareous,1.465750025,6.68952,0.427930528,0.91,57.73762893,1.149688075,0.804479709,0,7.700439562,7.56953209,0.7625
QY199,QY199,2011,131.5,11.73156882,1399.999976,Calcareous,1.469500025,6.669104,0.447989927,0.6,53.46076753,1.149688075,0.828675669,0,7.824506445,7.691489836,0.781
QY199,QY199,2012,131.5,11.14432147,1399.999976,Calcareous,1.472892882,6.68028,0.466591364,0.98,49.18390613,1.149688075,0.846433419,0,7.956905554,7.821638159,0.7995
QY199,QY199,2013,131.5,10.55707412,1399.999976,Calcareous,1.468607168,6.661712,0.483469758,0.43,44.90704472,1.149688075,0.861645876,0,7.971547801,7.836031489,0.818
QY199,QY199,2014,131.5,9.969826765,1399.999976,Calcareous,1.471035739,6.693216,0.499041393,1.16,40.63018332,1.149688075,0.91048744,0,7.93579629,7.800887753,0.8365
QY199,QY199,2015,131.5,9.382579412,1399.999976,Calcareous,1.474428597,6.686528,0.512768904,0.93,36.35332192,1.149688075,1.087840884,0,7.936496533,7.801576092,0.84
QY199,QY199,2016,131.5,8.795332059,1399.999976,Calcareous,1.475464311,6.691104,0.525092203,1.24,32.07646052,1.149688075,1.111498635,0,7.937231722,7.802298783,0.84
QY199,QY199,2017,131.5,8.208084706,1399.999976,Calcareous,1.474964311,6.68732,0.535700245,0.95,27.79959911,1.149688075,1.036272976,0,8.208233281,8.068693315,0.84
QY199,QY199,2018,131.5,7.620837353,1399.999976,Calcareous,1.489142883,6.686792,0.54481674,0.93,23.52273771,1.149688075,1.078503785,0,7.79422252,7.661720737,0.84
QY199,QY199,2019,131.5,7.03359,1399.999976,Calcareous,1.485107168,6.685032,0.552443596,0.91,19.24587631,1.149688075,1.075391141,0,7.621273858,7.491712203,0.84
QY200,QY200,1985,220,22,1379.999995,Calcareous,1.645398556,6.705976,0.237622077,1.47,14.25269094,1.131679777,0.104394045,0,6.294843335,6.187830999,0.3
QY200,QY200,1986,220,21.62211461,1379.999995,Calcareous,1.62663044,6.70492,0.242536185,1.48,14.25269094,1.131679777,0.107877342,0,6.705969161,6.591967685,0.3185
QY200,QY200,1987,220,21.24422922,1379.999995,Calcareous,1.610833339,6.704656,0.247398382,1.53,14.25269094,1.131679777,0.128006705,0,6.085846342,5.982386954,0.337
QY200,QY200,1988,220,20.86634382,1379.999995,Calcareous,1.592789861,6.701224,0.252282038,1.2,14.25269094,1.131679777,0.132467964,0,6.128978308,6.024785677,0.3555
QY200,QY200,1989,220,20.48845843,1379.999995,Calcareous,1.576268121,6.700256,0.257208746,1.2,14.25269094,1.131679777,0.148558243,0,6.128560717,6.024375185,0.374
QY200,QY200,1990,220,20.11057304,1379.999995,Calcareous,1.560398556,6.70316,0.262122212,1.47,14.25269094,1.131679777,0.164818705,0,6,5.898,0.3925
QY200,QY200,1991,220,19.73268765,1379.999995,Calcareous,1.545434788,6.700784,0.266977794,1.48,16.32322913,1.131679777,0.171340374,0,5.912666339,5.812151012,0.411
QY200,QY200,1992,220,19.35480225,1379.999995,Calcareous,1.530833339,6.700696,0.272569283,1.53,18.39376731,1.131679777,0.176219604,0,6.256343463,6.149985624,0.4295
QY200,QY200,1993,220,18.97691686,1379.999995,Calcareous,1.51586957,6.69788,0.278852584,1.2,20.4643055,1.131679777,0.184545689,0,6.256343463,6.149985624,0.448
QY200,QY200,1994,220,18.59903147,1379.999995,Calcareous,1.50105073,6.70712,0.285942022,1.95,22.53484369,1.131679777,0.181433931,0,6.205155346,6.099667706,0.4665
QY200,QY200,1995,220,18.22114608,1379.999995,Calcareous,1.491231889,6.697088,0.293583091,0.89,24.60538188,1.131679777,0.210961499,0,6.167083457,6.062243038,0.485
QY200,QY200,1996,220,17.84326069,1379.999995,Calcareous,1.483478266,6.700784,0.302221412,1.47,26.67592006,1.131679777,0.209966155,0,6.04527606,5.942506367,0.5035
QY200,QY200,1997,220,17.46537529,1379.999995,Calcareous,1.474637686,6.70492,0.31144426,1.98,28.74645825,1.131679777,0.202799708,0,6.200241006,6.094836908,0.522
QY200,QY200,1998,220,17.0874899,1379.999995,Calcareous,1.466376817,6.704304,0.321234767,1.33,30.81699644,1.131679777,0.213659337,0,6.332252168,6.224603881,0.5405
QY200,QY200,1999,220,16.70960451,1379.999995,Calcareous,1.465000005,6.699376,0.331920751,1,32.88753463,1.131679777,0.217074871,0,6.303804676,6.196639996,0.559
QY200,QY200,2000,220,16.33171912,1379.999995,Calcareous,1.464927541,6.698936,0.343426298,1.41,34.95807281,1.131679777,0.221105886,0,6.268423223,6.161860028,0.5775
QY200,QY200,2001,220,15.95383373,1379.999995,Calcareous,1.455144933,6.697616,0.355532169,1.14,37.028611,1.131679777,0.225692837,0,6.220155841,6.114413192,0.596
QY200,QY200,2002,220,15.57594833,1379.999995,Calcareous,1.445144933,6.709056,0.368454859,2.09,39.09914919,1.131679777,0.21683878,0,6.238459166,6.132405361,0.6145
QY200,QY200,2003,220,15.19806294,1379.999995,Calcareous,1.436884063,6.68644,0.381775122,0.85,41.16968738,1.131679777,0.263031474,0,6.489139401,6.378824032,0.633
QY200,QY200,2004,220,14.82017755,1379.999995,Calcareous,1.429891309,6.703336,0.396208602,1.31,43.24022556,1.131679777,0.288297774,0,6.993599797,6.8747086,0.6515
QY200,QY200,2005,220,14.44229216,1379.999995,Calcareous,1.423442034,6.695856,0.41115852,1.31,45.31076375,1.131679777,0.315354031,0,6.55928674,6.447778865,0.67
QY200,QY200,2006,220,14.06440676,1379.999995,Calcareous,1.417536237,6.705624,0.426863417,1.55,47.38130194,1.131679777,0.315135832,0,5.952330494,5.851140875,0.6885
QY200,QY200,2007,220,13.68652137,1379.999995,Calcareous,1.409855077,6.702984,0.443257277,1.18,49.45184013,1.131679777,0.320605183,0,5.872969763,5.773129277,0.707
QY200,QY200,2008,220,13.30863598,1379.999995,Calcareous,1.401340585,6.699464,0.460524321,1.11,51.52237831,1.131679777,0.325236876,0,5.811294975,5.712502961,0.7255
QY200,QY200,2009,220,12.93075059,1379.999995,Calcareous,1.396268121,6.696208,0.478536103,0.95,53.5929165,1.131679777,0.334516662,0,5.48606942,5.39280624,0.744
QY200,QY200,2010,220,12.5528652,1379.999995,Calcareous,1.391376816,6.694888,0.497370955,0.91,53.5929165,1.131679777,0.339263427,0,5.133626375,5.046354726,0.7625
QY200,QY200,2011,220,12.1749798,1379.999995,Calcareous,1.387318845,6.675,0.516233229,0.6,49.62307083,1.131679777,0.352059627,0,5.21633763,5.12765989,0.781
QY200,QY200,2012,220,11.79709441,1379.999995,Calcareous,1.383152179,6.684944,0.533763624,0.98,45.65322517,1.131679777,0.360985076,0,5.304603702,5.214425439,0.7995
QY200,QY200,2013,220,11.41920902,1379.999995,Calcareous,1.373876816,6.669456,0.549620915,0.43,41.6833795,1.131679777,0.366994411,0,5.314365201,5.224020992,0.818
QY200,QY200,2014,220,11.04132363,1379.999995,Calcareous,1.369311599,6.699904,0.56432144,1.16,37.71353383,1.131679777,0.388912014,0,5.29053086,5.200591836,0.8365
QY200,QY200,2015,220,10.66343824,1379.999995,Calcareous,1.365471019,6.692688,0.577172663,0.93,33.74368817,1.131679777,0.438026167,0,5.290997689,5.201050728,0.84
QY200,QY200,2016,220,10.28555284,1379.999995,Calcareous,1.360181164,6.697352,0.588691439,1.24,29.7738425,1.131679777,0.447067264,0,5.291487815,5.201532522,0.84
QY200,QY200,2017,220,9.907667451,1379.999995,Calcareous,1.353913048,6.694008,0.598546113,0.95,25.80399683,1.131679777,0.424531186,0,5.47215552,5.379128877,0.84
QY200,QY200,2018,220,9.529782059,1379.999995,Calcareous,1.357717396,6.693744,0.607066489,0.93,21.83415117,1.131679777,0.436527765,0,5.196148346,5.107813825,0.84
QY200,QY200,2019,220,9.151896667,1379.999995,Calcareous,1.349275367,6.692424,0.614165894,0.91,17.8643055,1.131679777,0.436028241,0,5.080849239,4.994474802,0.84
QY207,QY207,1985,170.5272497,21,1379.999995,Non-calcareous,2.600833342,6.281024,0.135285851,1.47,5.680344367,1.310014751,0.24995335,1.517376395,15.73710834,15.4695775,0.3
QY207,QY207,1986,170.5272497,20.72735142,1379.999995,Non-calcareous,2.579746386,6.182904,0.137846608,1.48,5.680344367,1.310014751,0.261392656,1.566658838,16.7649229,16.47991921,0.3185
QY207,QY207,1987,170.5272497,20.45470284,1379.999995,Non-calcareous,2.565905806,6.109952,0.140316905,1.53,5.680344367,1.310014751,0.312024979,1.706112375,15.21461585,14.95596738,0.337
QY207,QY207,1988,170.5272497,20.18205426,1379.999995,Non-calcareous,2.546014502,6.07572,0.142833626,1.2,5.680344367,1.310014751,0.321396768,1.816406809,15.32244577,15.06196419,0.3555
QY207,QY207,1989,170.5272497,19.90940569,1379.999995,Non-calcareous,2.529420299,6.039728,0.145400996,1.2,5.680344367,1.310014751,0.363454968,1.819496278,15.32140179,15.06093796,0.374
QY207,QY207,1990,170.5272497,19.63675711,1379.999995,Non-calcareous,2.514094212,5.995816,0.147943552,1.47,5.680344367,1.310014751,0.405917464,1.82263854,15,14.745,0.3925
QY207,QY207,1991,170.5272497,19.36410853,1379.999995,Non-calcareous,2.500362327,5.955864,0.150417446,1.48,6.03641324,1.310014751,0.421516033,1.731983108,14.78166585,14.53037753,0.411
QY207,QY207,1992,170.5272497,19.09145995,1379.999995,Non-calcareous,2.487065226,5.915296,0.15294915,1.53,6.392482114,1.310014751,0.434235034,1.64290914,15.64085866,15.37496406,0.4295
QY207,QY207,1993,170.5272497,18.81881137,1379.999995,Non-calcareous,2.472681168,5.906232,0.155479882,1.2,6.748550987,1.310014751,0.453766605,1.832687741,15.64085866,15.37496406,0.448
QY207,QY207,1994,170.5272497,18.54616279,1379.999995,Non-calcareous,2.458188414,5.89708,0.1582653,1.95,7.10461986,1.310014751,0.444383061,1.876324745,15.51288837,15.24916926,0.4665
QY207,QY207,1995,170.5272497,18.27351422,1379.999995,Non-calcareous,2.455760878,5.839616,0.160995822,0.89,7.460688734,1.310014751,0.520377952,1.935676406,15.41770864,15.1556076,0.485
QY207,QY207,1996,170.5272497,18.00086564,1379.999995,Non-calcareous,2.458260878,5.84912,0.164093666,1.47,7.816757607,1.310014751,0.512726424,2.064806409,15.11319015,14.85626592,0.5035
QY207,QY207,1997,170.5272497,17.72821706,1379.999995,Non-calcareous,2.4577174,5.839704,0.167222902,1.98,8.172826481,1.310014751,0.491434579,2.273681188,15.50060251,15.23709227,0.522
QY207,QY207,1998,170.5272497,17.45556848,1379.999995,Non-calcareous,2.458260878,5.774584,0.170367893,1.33,8.528895354,1.310014751,0.51522602,2.440893682,15.83063042,15.5615097,0.5405
QY207,QY207,1999,170.5272497,17.1829199,1379.999995,Non-calcareous,2.475688414,5.781008,0.173783874,1,8.884964227,1.310014751,0.524757136,2.634593997,15.75951169,15.49159999,0.559
QY207,QY207,2000,170.5272497,16.91027132,1379.999995,Non-calcareous,2.496050733,5.771592,0.177505692,1.41,9.241033101,1.310014751,0.538710363,2.705264933,15.67105806,15.40465007,0.5775
QY207,QY207,2001,170.5272497,16.63762275,1379.999995,Non-calcareous,2.491702907,5.737624,0.18124554,1.14,9.597101974,1.310014751,0.545118748,2.788718743,15.5503896,15.28603298,0.596
QY207,QY207,2002,170.5272497,16.36497417,1379.999995,Non-calcareous,2.486340588,5.767104,0.185198248,2.09,9.953170847,1.310014751,0.528924558,2.7908733,15.59614792,15.3310134,0.6145
QY207,QY207,2003,170.5272497,16.09232559,1379.999995,Non-calcareous,2.485000009,5.628504,0.188970356,0.85,10.30923972,1.310014751,0.647522551,2.817115083,16.2228485,15.94706008,0.633
QY207,QY207,2004,170.5272497,15.81967701,1379.999995,Non-calcareous,2.486521748,5.68192,0.193132321,1.31,10.66530859,1.310014751,0.710589196,2.936646395,17.48399949,17.1867715,0.6515
QY207,QY207,2005,170.5272497,15.54702843,1379.999995,Non-calcareous,2.489202907,5.648304,0.197286761,1.31,11.02137747,1.310014751,0.781207211,3.06464085,16.39821685,16.11944716,0.67
QY207,QY207,2006,170.5272497,15.27437985,1379.999995,Non-calcareous,2.492789864,5.659832,0.201634093,1.55,11.37744634,1.310014751,0.782611393,3.184417696,14.88082623,14.62785219,0.6885
QY207,QY207,2007,170.5272497,15.00173127,1379.999995,Non-calcareous,2.491702907,5.613808,0.206138729,1.18,11.73351521,1.310014751,0.793931091,3.268315288,14.68242441,14.43282319,0.707
QY207,QY207,2008,170.5272497,14.7290827,1379.999995,Non-calcareous,2.487500009,5.605888,0.210897677,1.11,12.08958409,1.310014751,0.805420444,2.698172251,14.52823744,14.2812574,0.7255
QY207,QY207,2009,170.5272497,14.45643412,1379.999995,Non-calcareous,2.492028994,5.57148,0.215596512,0.95,12.44565296,1.310014751,0.827940475,2.767559926,13.71517355,13.4820156,0.744
QY207,QY207,2010,170.5272497,14.18378554,1379.999995,Non-calcareous,2.496702907,5.588552,0.220520898,0.91,12.44565296,1.310014751,0.839360525,2.83927268,12.83406594,12.61588682,0.7625
QY207,QY207,2011,170.5272497,13.91113696,1379.999995,Non-calcareous,2.503079719,5.507944,0.225564061,0.6,11.52375274,1.310014751,0.868212734,2.794201871,13.04084408,12.81914973,0.781
QY207,QY207,2012,170.5272497,13.63848838,1379.999995,Non-calcareous,2.508985516,5.548072,0.230319413,0.98,10.60185252,1.310014751,0.888627714,2.838064769,13.26150926,13.0360636,0.7995
QY207,QY207,2013,170.5272497,13.3658398,1379.999995,Non-calcareous,2.501811603,5.425664,0.234567519,0.43,9.679952303,1.310014751,0.903966647,2.805509054,13.285913,13.06005248,0.818
QY207,QY207,2014,170.5272497,13.09319123,1379.999995,Non-calcareous,2.506050733,5.573152,0.238666323,1.16,8.758052084,1.310014751,0.956511287,2.8,13.22632715,13.00147959,0.8365
QY207,QY207,2015,170.5272497,12.82054265,1379.999995,Non-calcareous,2.511630443,5.509792,0.242173818,0.93,7.836151864,1.310014751,1.10836955,2.552038474,13.22749422,13.00262682,0.84
QY207,QY207,2016,170.5272497,12.54789407,1379.999995,Non-calcareous,2.513442038,5.532848,0.245327607,1.24,6.914251645,1.310014751,1.131929029,2.570729909,13.22871954,13.0038313,0.84
QY207,QY207,2017,170.5272497,12.27524549,1379.999995,Non-calcareous,2.512572472,5.50416,0.247969064,0.95,5.992351426,1.310014751,1.065249693,2.559837174,13.6803888,13.44782219,0.84
QY207,QY207,2018,170.5272497,12.00259691,1379.999995,Non-calcareous,2.536449284,5.487,0.250331218,0.93,5.070451206,1.310014751,1.101813948,2.378010871,12.99037087,12.76953456,0.84
QY207,QY207,2019,170.5272497,11.72994833,1379.999995,Non-calcareous,2.529420299,5.477408,0.252308642,0.91,4.148550987,1.310014751,1.09962853,2.248896999,12.7021231,12.486187,0.84
QY208,QY208,1985,152.9467681,21,1379.999995,Calcareous,3.03750001,6.693568,0.221960285,1.47,4.766155594,1.32196822,0.724326821,13.4396195,11.54054611,11.34435683,0.3
QY208,QY208,1986,152.9467681,20.6117177,1379.999995,Calcareous,3.006666677,6.689432,0.228784841,1.48,4.766155594,1.32196822,0.775058907,13.87612114,12.2942768,12.08527409,0.3185
QY208,QY208,1987,152.9467681,20.22343539,1379.999995,Calcareous,2.981195662,6.68688,0.23573829,1.53,4.766155594,1.32196822,0.925126886,15.11128104,11.15738496,10.96770942,0.337
QY208,QY208,1988,152.9467681,19.83515309,1379.999995,Calcareous,2.951231894,6.68028,0.243211392,1.2,4.766155594,1.32196822,0.938566527,16.08817459,11.23646023,11.04544041,0.3555
QY208,QY208,1989,152.9467681,19.44687078,1379.999995,Calcareous,2.923297112,6.677376,0.251048039,1.2,4.766155594,1.32196822,1.067273972,16.11553846,11.23569465,11.04468784,0.374
QY208,QY208,1990,152.9467681,19.05858848,1379.999995,Calcareous,2.896231894,6.6816,0.258921077,1.47,4.766155594,1.32196822,1.197246019,16.14336993,11,10.813,0.3925
QY208,QY208,1991,152.9467681,18.67030618,1379.999995,Calcareous,2.87000001,6.678784,0.266818524,1.48,4.939386713,1.32196822,1.235319,15.34042181,10.83988829,10.65561019,0.411
QY208,QY208,1992,152.9467681,18.28202387,1379.999995,Calcareous,2.844021749,6.677728,0.274486469,1.53,5.112617832,1.32196822,1.270024537,14.55148095,11.46996302,11.27497364,0.4295
QY208,QY208,1993,152.9467681,17.89374157,1379.999995,Calcareous,2.818586966,6.671832,0.281892307,1.2,5.285848951,1.32196822,1.324303343,16.23237714,11.46996302,11.27497364,0.448
QY208,QY208,1994,152.9467681,17.50545926,1379.999995,Calcareous,2.793007256,6.690224,0.290003938,1.95,5.45908007,1.32196822,1.28539108,16.61887631,11.37611814,11.18272413,0.4665
QY208,QY208,1995,152.9467681,17.11717696,1379.999995,Calcareous,2.776630444,6.658896,0.298215816,0.89,5.632311189,1.32196822,1.533878935,17.14456245,11.30631967,11.11411224,0.485
QY208,QY208,1996,152.9467681,16.72889466,1379.999995,Calcareous,2.764456531,6.675616,0.306859462,1.47,5.805542308,1.32196822,1.478071245,18.28828534,11.08300611,10.89459501,0.5035
QY208,QY208,1997,152.9467681,16.34061235,1379.999995,Calcareous,2.750869575,6.685912,0.315891876,1.98,5.978773427,1.32196822,1.397399841,20.13831909,11.36710851,11.17386767,0.522
QY208,QY208,1998,152.9467681,15.95233005,1379.999995,Calcareous,2.738405807,6.674296,0.325538828,1.33,6.152004545,1.32196822,1.450457256,21.61934404,11.60912897,11.41177378,0.5405
QY208,QY208,1999,152.9467681,15.56404775,1379.999995,Calcareous,2.738876821,6.66444,0.335849637,1,6.325235664,1.32196822,1.481794216,23.3349754,11.55697524,11.36050666,0.559
QY208,QY208,2000,152.9467681,15.17576544,1379.999995,Calcareous,2.741304357,6.67016,0.346879464,1.41,6.498466783,1.32196822,1.554098638,23.96091797,11.49210924,11.29674338,0.5775
QY208,QY208,2001,152.9467681,14.78748314,1379.999995,Calcareous,2.725833343,6.662944,0.35815725,1.14,6.671697902,1.32196822,1.546508985,24.70008029,11.40361904,11.20975752,0.596
QY208,QY208,2002,152.9467681,14.39920083,1379.999995,Calcareous,2.709492763,6.688992,0.36978774,2.09,6.844929021,1.32196822,1.524278722,24.71916351,11.43717514,11.24274316,0.6145
QY208,QY208,2003,152.9467681,14.01091853,1379.999995,Calcareous,2.696304357,6.635488,0.38132999,0.85,7.01816014,1.32196822,1.893890338,24.95159073,11.89675557,11.69451072,0.633
QY208,QY208,2004,152.9467681,13.62263623,1379.999995,Calcareous,2.685833343,6.6662,0.393262968,1.31,7.191391259,1.32196822,2.097382102,26.01029664,12.82159963,12.60363243,0.6515
QY208,QY208,2005,152.9467681,13.23435392,1379.999995,Calcareous,2.67655798,6.65432,0.405589302,1.31,7.364622378,1.32196822,2.328822566,27.14396182,12.02535902,11.82092792,0.67
QY208,QY208,2006,152.9467681,12.84607162,1379.999995,Calcareous,2.668297111,6.669808,0.418485941,1.55,7.537853496,1.32196822,2.340332393,28.20484245,10.9126059,10.7270916,0.6885
QY208,QY208,2007,152.9467681,12.45778931,1379.999995,Calcareous,2.656702908,6.657664,0.43184647,1.18,7.711084615,1.32196822,2.363018722,28.94793541,10.76711123,10.58407034,0.707
QY208,QY208,2008,152.9467681,12.06950701,1379.999995,Calcareous,2.640036241,6.651328,0.445595896,1.11,7.884315734,1.32196822,2.396083991,23.89809708,10.65404079,10.47292209,0.7255
QY208,QY208,2009,152.9467681,11.68122471,1379.999995,Calcareous,2.63173914,6.64068,0.457586062,0.95,8.057546853,1.32196822,2.459894952,24.51267363,10.05779394,9.886811439,0.744
QY208,QY208,2010,152.9467681,11.2929424,1379.999995,Calcareous,2.624021748,6.637336,0.469929382,0.91,8.057546853,1.32196822,2.491619092,25.14784374,9.411648354,9.251650332,0.7625
QY208,QY208,2011,152.9467681,10.9046601,1379.999995,Calcareous,2.617391313,6.593952,0.482547985,0.6,7.460691531,1.32196822,2.566327644,24.74864514,9.563285655,9.400709799,0.781
QY208,QY208,2012,152.9467681,10.51637779,1379.999995,Calcareous,2.610905806,6.624048,0.494853447,0.98,6.863836208,1.32196822,2.61855508,25.1371451,9.725106788,9.559779972,0.7995
QY208,QY208,2013,152.9467681,10.12809549,1379.999995,Calcareous,2.594782618,6.566936,0.507011195,0.43,6.266980886,1.32196822,2.666460333,24.84879448,9.743002868,9.577371819,0.818
QY208,QY208,2014,152.9467681,9.739813186,1379.999995,Calcareous,2.587355081,6.643584,0.518955638,1.16,5.670125563,1.32196822,2.811663898,24.8,9.699306577,9.534418365,0.8365
QY208,QY208,2015,152.9467681,9.351530882,1379.999995,Calcareous,2.579927545,6.6222,0.530578481,0.93,5.073270241,1.32196822,3.42344824,22.60376934,9.70016243,9.535259668,0.84
QY208,QY208,2016,152.9467681,8.963248578,1379.999995,Calcareous,2.570688415,6.636544,0.54142475,1.24,4.476414918,1.32196822,3.501014385,22.76932205,9.701060994,9.536142957,0.84
QY208,QY208,2017,152.9467681,8.574966275,1379.999995,Calcareous,2.559673922,6.623696,0.552040626,0.95,3.879559596,1.32196822,3.244118173,22.67284355,10.03228512,9.861736274,0.84
QY208,QY208,2018,152.9467681,8.186683971,1379.999995,Calcareous,2.566268125,6.62044,0.562323836,0.93,3.282704273,1.32196822,3.389400777,21.062382,9.526271968,9.364325345,0.84
QY208,QY208,2019,152.9467681,7.798401667,1379.999995,Calcareous,2.5502174,6.616568,0.571865945,0.91,2.685848951,1.32196822,3.378050491,19.91880199,9.314890271,9.156537136,0.84
QY222,QY222,1985,184.0697085,21,1379.999995,Non-calcareous,1.289384062,6.393928,0.183700131,1.47,5.691935981,1.351477982,0.313712792,1.517376395,15.73710834,15.4695775,0.3
QY222,QY222,1986,184.0697085,20.78497902,1379.999995,Non-calcareous,1.289565222,6.29044,0.185286418,1.48,5.691935981,1.351477982,0.334214273,1.566658838,16.7649229,16.47991921,0.3185
QY222,QY222,1987,184.0697085,20.56995804,1379.999995,Non-calcareous,1.296811599,6.2152,0.186619231,1.53,5.691935981,1.351477982,0.404996848,1.706112375,15.21461585,14.95596738,0.337
QY222,QY222,1988,184.0697085,20.35493706,1379.999995,Non-calcareous,1.297753628,6.165392,0.187993452,1.2,5.691935981,1.351477982,0.415605384,1.816406809,15.32244577,15.06196419,0.3555
QY222,QY222,1989,184.0697085,20.13991608,1379.999995,Non-calcareous,1.301702903,6.120512,0.189456665,1.2,5.691935981,1.351477982,0.478429187,1.819496278,15.32140179,15.06093796,0.374
QY222,QY222,1990,184.0697085,19.9248951,1379.999995,Non-calcareous,1.306521744,6.07836,0.190857987,1.47,5.691935981,1.351477982,0.541728626,1.82263854,15,14.745,0.3925
QY222,QY222,1991,184.0697085,19.70987412,1379.999995,Non-calcareous,1.312644932,6.035504,0.192099324,1.48,6.050323177,1.351477982,0.562888704,1.731983108,14.78166585,14.53037753,0.411
QY222,QY222,1992,184.0697085,19.49485314,1379.999995,Non-calcareous,1.318840584,5.997664,0.193372782,1.53,6.408710373,1.351477982,0.582751024,1.64290914,15.64085866,15.37496406,0.4295
QY222,QY222,1993,184.0697085,19.27983216,1379.999995,Non-calcareous,1.323586961,5.964048,0.194559512,1.2,6.767097569,1.351477982,0.606471143,1.832687741,15.64085866,15.37496406,0.448
QY222,QY222,1994,184.0697085,19.06481118,1379.999995,Non-calcareous,1.327898555,5.950672,0.196081888,1.95,7.125484765,1.351477982,0.591034793,1.876324745,15.51288837,15.24916926,0.4665
QY222,QY222,1995,184.0697085,18.8497902,1379.999995,Non-calcareous,1.343913048,5.888808,0.197270095,0.89,7.483871961,1.351477982,0.697323865,1.935676406,15.41770864,15.1556076,0.485
QY222,QY222,1996,184.0697085,18.63476922,1379.999995,Non-calcareous,1.364565222,5.889336,0.199197702,1.47,7.842259157,1.351477982,0.678135604,2.064806409,15.11319015,14.85626592,0.5035
QY222,QY222,1997,184.0697085,18.41974824,1379.999995,Non-calcareous,1.381847831,5.878512,0.200963501,1.98,8.200646354,1.351477982,0.642190866,2.273681188,15.50060251,15.23709227,0.522
QY222,QY222,1998,184.0697085,18.20472725,1379.999995,Non-calcareous,1.399891309,5.83504,0.202547783,1.33,8.55903355,1.351477982,0.668438218,2.440893682,15.83063042,15.5615097,0.5405
QY222,QY222,1999,184.0697085,17.98970627,1379.999995,Non-calcareous,1.43452899,5.805736,0.204665909,1,8.917420746,1.351477982,0.683992395,2.634593997,15.75951169,15.49159999,0.559
QY222,QY222,2000,184.0697085,17.77468529,1379.999995,Non-calcareous,1.471811599,5.804504,0.207200713,1.41,9.275807942,1.351477982,0.708319478,2.705264933,15.67105806,15.40465007,0.5775
QY222,QY222,2001,184.0697085,17.55966431,1379.999995,Non-calcareous,1.48413044,5.777664,0.209664884,1.14,9.634195138,1.351477982,0.707341797,2.788718743,15.5503896,15.28603298,0.596
QY222,QY222,2002,184.0697085,17.34464333,1379.999995,Non-calcareous,1.495108701,5.793416,0.212503145,2.09,9.992582334,1.351477982,0.697788977,2.7908733,15.59614792,15.3310134,0.6145
QY222,QY222,2003,184.0697085,17.12962235,1379.999995,Non-calcareous,1.509782614,5.690456,0.214811868,0.85,10.35096953,1.351477982,0.866957778,2.817115083,16.2228485,15.94706008,0.633
QY222,QY222,2004,184.0697085,16.91460137,1379.999995,Non-calcareous,1.527028991,5.715096,0.217962049,1.31,10.70935673,1.351477982,0.949797287,2.936646395,17.48399949,17.1867715,0.6515
QY222,QY222,2005,184.0697085,16.69958039,1379.999995,Non-calcareous,1.545144933,5.694856,0.220880612,1.31,11.06774392,1.351477982,1.051449069,3.06464085,16.39821685,16.11944716,0.67
QY222,QY222,2006,184.0697085,16.48455941,1379.999995,Non-calcareous,1.563949281,5.699168,0.22408794,1.55,11.42613112,1.351477982,1.057832088,3.184417696,14.88082623,14.62785219,0.6885
QY222,QY222,2007,184.0697085,16.26953843,1379.999995,Non-calcareous,1.577753629,5.663088,0.227452424,1.18,11.78451831,1.351477982,1.068528546,3.268315288,14.68242441,14.43282319,0.707
QY222,QY222,2008,184.0697085,16.05451745,1379.999995,Non-calcareous,1.588188411,5.649184,0.231245511,1.11,12.14290551,1.351477982,1.084313794,2.698172251,14.52823744,14.2812574,0.7255
QY222,QY222,2009,184.0697085,15.83949647,1379.999995,Non-calcareous,1.607101455,5.62164,0.235020219,0.95,12.50129271,1.351477982,1.113900284,2.767559926,13.71517355,13.4820156,0.744
QY222,QY222,2010,184.0697085,15.62447549,1379.999995,Non-calcareous,1.625905803,5.617504,0.239129482,0.91,12.50129271,1.351477982,1.12872761,2.83927268,12.83406594,12.61588682,0.7625
QY222,QY222,2011,184.0697085,15.40945451,1379.999995,Non-calcareous,1.646195658,5.55564,0.243406264,0.6,11.57527103,1.351477982,1.161115815,2.794201871,13.04084408,12.81914973,0.781
QY222,QY222,2012,184.0697085,15.19443353,1379.999995,Non-calcareous,1.665688412,5.603424,0.24752761,0.98,10.64924934,1.351477982,1.185191083,2.838064769,13.26150926,13.0360636,0.7995
QY222,QY222,2013,184.0697085,14.97941255,1379.999995,Non-calcareous,1.671920296,5.500904,0.251045434,0.43,9.723227661,1.351477982,1.206772246,2.805509054,13.285913,13.06005248,0.818
QY222,QY222,2014,184.0697085,14.76439157,1379.999995,Non-calcareous,1.689275368,5.618824,0.254633052,1.16,8.797205979,1.351477982,1.274560803,2.8,13.22632715,13.00147959,0.8365
QY222,QY222,2015,184.0697085,14.54937059,1379.999995,Non-calcareous,1.707789861,5.573416,0.25738968,0.93,7.871184297,1.351477982,1.53828598,2.552038474,13.22749422,13.00262682,0.84
QY222,QY222,2016,184.0697085,14.33434961,1379.999995,Non-calcareous,1.722246383,5.598056,0.259932743,1.24,6.945162615,1.351477982,1.572002748,2.570729909,13.22871954,13.0038313,0.84
QY222,QY222,2017,184.0697085,14.11932863,1379.999995,Non-calcareous,1.733840586,5.57148,0.261886915,0.95,6.019140933,1.351477982,1.461144445,2.559837174,13.6803888,13.44782219,0.84
QY222,QY222,2018,184.0697085,13.90430765,1379.999995,Non-calcareous,1.769927542,5.554408,0.263639718,0.93,5.093119251,1.351477982,1.523763693,2.378010871,12.99037087,12.76953456,0.84
QY222,QY222,2019,184.0697085,13.68928667,1379.999995,Non-calcareous,1.774927542,5.549744,0.265042527,0.91,4.167097569,1.351477982,1.518922507,2.248896999,12.7021231,12.486187,0.84
QY231,QY231,1985,188.5,24,1409.999967,Calcareous,2.814822762,6.70184,0.188329099,1.47,4.843748772,1.352801285,0.547973297,0,13.63882723,13.40696716,0.3
QY231,QY231,1986,188.5,23.73318069,1409.999967,Calcareous,2.787234109,6.699024,0.190321306,1.48,4.843748772,1.352801285,0.586785686,0,14.52959985,14.28259665,0.3185
QY231,QY231,1987,188.5,23.46636137,1409.999967,Calcareous,2.76588659,6.697264,0.192298431,1.53,4.843748772,1.352801285,0.699782554,0,13.18600041,12.9618384,0.337
QY231,QY231,1988,188.5,23.19954206,1409.999967,Calcareous,2.739645455,6.689784,0.194335986,1.2,4.843748772,1.352801285,0.709243293,0,13.279453,13.0537023,0.3555
QY231,QY231,1989,188.5,22.93272275,1409.999967,Calcareous,2.716383043,6.68688,0.196390342,1.2,4.843748772,1.352801285,0.806005159,0,13.27854822,13.0528129,0.374
QY231,QY231,1990,188.5,22.66590343,1409.999967,Calcareous,2.694432688,6.691016,0.198472515,1.47,4.843748772,1.352801285,0.903732545,0,13,12.779,0.3925
QY231,QY231,1991,188.5,22.39908412,1409.999967,Calcareous,2.674148999,6.6882,0.200572317,1.48,5.032498526,1.352801285,0.93194699,0,12.81077707,12.59299386,0.411
QY231,QY231,1992,188.5,22.1322648,1409.999967,Calcareous,2.654397226,6.688288,0.202746499,1.53,5.221248281,1.352801285,0.957677609,0,13.55541084,13.32496885,0.4295
QY231,QY231,1993,188.5,21.86544549,1409.999967,Calcareous,2.633723467,6.682392,0.204969941,1.2,5.409998035,1.352801285,0.998682232,0,13.55541084,13.32496885,0.448
QY231,QY231,1994,188.5,21.59862618,1409.999967,Calcareous,2.613191551,6.696472,0.207293915,1.95,5.598747789,1.352801285,0.968911662,0,13.44450325,13.2159467,0.4665
QY231,QY231,1995,188.5,21.33180686,1409.999967,Calcareous,2.602978785,6.674824,0.209616721,0.89,5.787497544,1.352801285,1.157489627,0,13.36201416,13.13485992,0.485
QY231,QY231,1996,188.5,21.06498755,1409.999967,Calcareous,2.597127721,6.68512,0.212149442,1.47,5.976247298,1.352801285,1.11422271,0,13.09809813,12.87543046,0.5035
QY231,QY231,1997,188.5,20.79816824,1409.999967,Calcareous,2.588794388,6.69304,0.214691467,1.98,6.164997053,1.352801285,1.052989467,0,13.43385551,13.20547997,0.522
QY231,QY231,1998,188.5,20.53134892,1409.999967,Calcareous,2.581453962,6.687936,0.217227248,1.33,6.353746807,1.352801285,1.092541593,0,13.7198797,13.48664174,0.5405
QY231,QY231,1999,188.5,20.26452961,1409.999967,Calcareous,2.588617083,6.679048,0.219888505,1,6.542496561,1.352801285,1.116107457,0,13.65824346,13.42605333,0.559
QY231,QY231,2000,188.5,19.99771029,1409.999967,Calcareous,2.5985107,6.682304,0.222650336,1.41,6.731246316,1.352801285,1.172029889,0,13.58158365,13.35069673,0.5775
QY231,QY231,2001,188.5,19.73089098,1409.999967,Calcareous,2.587659636,6.678168,0.225465134,1.14,6.91999607,1.352801285,1.165632861,0,13.47700432,13.24789525,0.596
QY231,QY231,2002,188.5,19.46407167,1409.999967,Calcareous,2.576099352,6.69656,0.22837175,2.09,7.108745824,1.352801285,1.149204667,0,13.51666153,13.28687828,0.6145
QY231,QY231,2003,188.5,19.19725235,1409.999967,Calcareous,2.568085167,6.658192,0.231254906,0.85,7.297495579,1.352801285,1.428320713,0,14.05980204,13.8207854,0.633
QY231,QY231,2004,188.5,18.93043304,1409.999967,Calcareous,2.562553252,6.680368,0.234388426,1.31,7.486245333,1.352801285,1.583138909,0,15.15279956,14.89520197,0.6515
QY231,QY231,2005,188.5,18.66361373,1409.999967,Calcareous,2.558085167,6.670688,0.237578122,1.31,7.674995088,1.352801285,1.758517678,0,14.21178794,13.97018754,0.67
QY231,QY231,2006,188.5,18.39679441,1409.999967,Calcareous,2.554574529,6.68336,0.240913477,1.55,7.863744842,1.352801285,1.767202932,0,12.89671607,12.6774719,0.6885
QY231,QY231,2007,188.5,18.1299751,1409.999967,Calcareous,2.547198642,6.675,0.244330913,1.18,8.052494596,1.352801285,1.784114642,0,12.72476782,12.50844677,0.707
QY231,QY231,2008,188.5,17.86315578,1409.999967,Calcareous,2.537801479,6.669104,0.24785836,1.11,8.241244351,1.352801285,1.80897708,0,12.59113911,12.37708975,0.7255
QY231,QY231,2009,188.5,17.59633647,1409.999967,Calcareous,2.535673819,6.661008,0.251467598,0.95,8.429994105,1.352801285,1.857030631,0,11.88648374,11.68441352,0.744
QY231,QY231,2010,188.5,17.32951716,1409.999967,Calcareous,2.533723464,6.6574,0.255190438,0.91,8.429994105,1.352801285,1.880898408,0,11.12285715,10.93376857,0.7625
QY231,QY231,2011,188.5,17.06269784,1409.999967,Calcareous,2.533404315,6.621936,0.258943327,0.6,7.805550097,1.352801285,1.93727116,0,11.30206487,11.10992976,0.781
QY231,QY231,2012,188.5,16.79587853,1409.999967,Calcareous,2.532766017,6.64596,0.262514281,0.98,7.181106089,1.352801285,1.976523436,0,11.49330802,11.29792179,0.7995
QY231,QY231,2013,188.5,16.52905922,1409.999967,Calcareous,2.521170272,6.600728,0.265835935,0.43,6.556662082,1.352801285,2.012736102,0,11.51445794,11.31871215,0.818
QY231,QY231,2014,188.5,16.2622399,1409.999967,Calcareous,2.519326301,6.662504,0.269002868,1.16,5.932218074,1.352801285,2.121975598,0,11.46281686,11.26794898,0.8365
QY231,QY231,2015,188.5,15.99542059,1409.999967,Calcareous,2.518971691,6.647368,0.271918633,0.93,5.307774066,1.352801285,2.587695838,0,11.46382833,11.26894324,0.84
QY231,QY231,2016,188.5,15.72860127,1409.999967,Calcareous,2.515319208,6.65828,0.274793642,1.24,4.683330058,1.352801285,2.646513872,0,11.46489027,11.26998713,0.84
QY231,QY231,2017,188.5,15.46178196,1409.999967,Calcareous,2.509574527,6.648248,0.277424852,0.95,4.058886051,1.352801285,2.451099458,0,11.85633696,11.65477923,0.84
QY231,QY231,2018,188.5,15.19496265,1409.999967,Calcareous,2.52500006,6.646224,0.279778632,0.93,3.434442043,1.352801285,2.561673168,0,11.25832142,11.06692995,0.84
QY231,QY231,2019,188.5,14.92814333,1409.999967,Calcareous,2.514397223,6.643144,0.281958416,0.91,2.809998035,1.352801285,2.552998074,0,11.00850668,10.82136207,0.84
QY233,QY233,1985,408.2192649,40,1259.99999,Calcareous,2.400476209,6.700784,0.173594768,1.47,4.883355761,1.410878666,0.50467263,0,12.58968667,12.375662,0.3
QY233,QY233,1986,408.2192649,39.44010873,1259.99999,Calcareous,2.381547637,6.69832,0.175880918,1.48,4.883355761,1.410878666,0.536681444,0,13.41193832,13.18393537,0.3185
QY233,QY233,1987,408.2192649,38.88021745,1259.99999,Calcareous,2.369007954,6.696032,0.178150796,1.53,4.883355761,1.410878666,0.63921857,0,12.17169268,11.96477391,0.337
QY233,QY233,1988,408.2192649,38.32032618,1259.99999,Calcareous,2.351349224,6.68952,0.180478954,1.2,4.883355761,1.410878666,0.65035494,0,12.25795662,12.04957135,0.3555
QY233,QY233,1989,408.2192649,37.7604349,1259.99999,Calcareous,2.336666684,6.686352,0.182830828,1.2,4.883355761,1.410878666,0.736984893,0,12.25712143,12.04875037,0.374
QY233,QY233,1990,408.2192649,37.20054363,1259.99999,Calcareous,2.323134938,6.690224,0.185210077,1.47,4.883355761,1.410878666,0.824492996,0,12,11.796,0.3925
QY233,QY233,1991,408.2192649,36.64065235,1259.99999,Calcareous,2.311190494,6.68732,0.187601583,1.48,5.080026913,1.410878666,0.851442198,0,11.82533268,11.62430202,0.411
QY233,QY233,1992,408.2192649,36.08076108,1259.99999,Calcareous,2.29972224,6.687056,0.190078519,1.53,5.276698065,1.410878666,0.874968087,0,12.51268693,12.29997125,0.4295
QY233,QY233,1993,408.2192649,35.5208698,1259.99999,Calcareous,2.287142874,6.681952,0.192615392,1.2,5.473369217,1.410878666,0.913223394,0,12.51268693,12.29997125,0.448
QY233,QY233,1994,408.2192649,34.96097853,1259.99999,Calcareous,2.274523827,6.696824,0.195271004,1.95,5.670040369,1.410878666,0.888237025,0,12.41031069,12.19933541,0.4665
QY233,QY233,1995,408.2192649,34.40108725,1259.99999,Calcareous,2.272500017,6.673944,0.197922926,0.89,5.866711521,1.410878666,1.05576708,0,12.33416691,12.12448608,0.485
QY233,QY233,1996,408.2192649,33.84119598,1259.99999,Calcareous,2.274841287,6.685296,0.200815195,1.47,6.063382673,1.410878666,1.022773848,0,12.09055212,11.88501273,0.5035
QY233,QY233,1997,408.2192649,33.28130471,1259.99999,Calcareous,2.274642874,6.693392,0.203718766,1.98,6.260053826,1.410878666,0.970761411,0,12.40048201,12.18967382,0.522
QY233,QY233,1998,408.2192649,32.72141343,1259.99999,Calcareous,2.27535716,6.687056,0.206618908,1.33,6.456724978,1.410878666,1.010302193,0,12.66450434,12.44920776,0.5405
QY233,QY233,1999,408.2192649,32.16152216,1259.99999,Calcareous,2.290952398,6.678872,0.209670408,1,6.65339613,1.410878666,1.030905883,0,12.60760935,12.39327999,0.559
QY233,QY233,2000,408.2192649,31.60163088,1259.99999,Calcareous,2.309444462,6.681952,0.212840679,1.41,6.850067282,1.410878666,1.076220827,0,12.53684645,12.32372006,0.5775
QY233,QY233,2001,408.2192649,31.04173961,1259.99999,Calcareous,2.306468271,6.677728,0.21606521,1.14,7.046738434,1.410878666,1.075872455,0,12.44031168,12.22882638,0.596
QY233,QY233,2002,408.2192649,30.48184833,1259.99999,Calcareous,2.302579383,6.697,0.219401163,2.09,7.243409586,1.410878666,1.055204056,0,12.47691833,12.26481072,0.6145
QY233,QY233,2003,408.2192649,29.92195706,1259.99999,Calcareous,2.302142875,6.65652,0.222703689,0.85,7.440080738,1.410878666,1.305231288,0,12.9782788,12.75764806,0.633
QY233,QY233,2004,408.2192649,29.36206578,1259.99999,Calcareous,2.304127002,6.681248,0.226293021,1.31,7.63675189,1.410878666,1.443890784,0,13.98719959,13.7494172,0.6515
QY233,QY233,2005,408.2192649,28.80217451,1259.99999,Calcareous,2.307182557,6.671216,0.229942852,1.31,7.833423043,1.410878666,1.599221461,0,13.11857348,12.89555773,0.67
QY233,QY233,2006,408.2192649,28.24228324,1259.99999,Calcareous,2.311071446,6.684504,0.233747262,1.55,8.030094195,1.410878666,1.605365919,0,11.90466099,11.70228175,0.6885
QY233,QY233,2007,408.2192649,27.68239196,1259.99999,Calcareous,2.310912716,6.67632,0.237637876,1.18,8.226765347,1.410878666,1.62308789,0,11.74593953,11.54625855,0.707
QY233,QY233,2008,408.2192649,27.12250069,1259.99999,Calcareous,2.308571446,6.671128,0.241658516,1.11,8.423436499,1.410878666,1.645838987,0,11.62258995,11.42500592,0.7255
QY233,QY233,2009,408.2192649,26.56260941,1259.99999,Calcareous,2.313531764,6.663296,0.245773795,0.95,8.620107651,1.410878666,1.690156034,0,10.97213884,10.78561248,0.744
QY233,QY233,2010,408.2192649,26.00271814,1259.99999,Calcareous,2.318650811,6.660392,0.250016765,0.91,8.620107651,1.410878666,1.712297286,0,10.26725275,10.09270945,0.7625
QY233,QY233,2011,408.2192649,25.44282686,1259.99999,Calcareous,2.32535716,6.626336,0.254290121,0.6,7.981581158,1.410878666,1.766203521,0,10.43267526,10.25531978,0.781
QY233,QY233,2012,408.2192649,24.88293559,1259.99999,Calcareous,2.331627002,6.649744,0.25835894,0.98,7.343054666,1.410878666,1.803708955,0,10.6092074,10.42885088,0.7995
QY233,QY233,2013,408.2192649,24.32304431,1259.99999,Calcareous,2.326547637,6.607592,0.262138796,0.43,6.704528173,1.410878666,1.836174067,0,10.6287304,10.44804198,0.818
QY233,QY233,2014,408.2192649,23.76315304,1259.99999,Calcareous,2.331309541,6.66708,0.265746498,1.16,6.06600168,1.410878666,1.937699874,0,10.58106172,10.40118367,0.8365
QY233,QY233,2015,408.2192649,23.20326176,1259.99999,Calcareous,2.337579383,6.650448,0.269054618,0.93,5.427475188,1.410878666,2.328350685,0,10.58199538,10.40210146,0.84
QY233,QY233,2016,408.2192649,22.64337049,1259.99999,Calcareous,2.340357161,6.66136,0.272285241,1.24,4.788948695,1.410878666,2.380424065,0,10.58297563,10.40306504,0.84
QY233,QY233,2017,408.2192649,22.08347922,1259.99999,Calcareous,2.340833351,6.652296,0.27523371,0.95,4.150422202,1.410878666,2.214647547,0,10.94431104,10.75825775,0.84
QY233,QY233,2018,408.2192649,21.52358794,1259.99999,Calcareous,2.363095256,6.650008,0.27788543,0.93,3.51189571,1.410878666,2.307722751,0,10.39229669,10.21562765,0.84
QY233,QY233,2019,408.2192649,20.96369667,1259.99999,Calcareous,2.358531764,6.64728,0.280329175,0.91,2.873369217,1.410878666,2.300846074,0,10.16169848,9.988949603,0.84
QY236,QY236,1985,208.2484157,21,1379.999995,Calcareous,2.22985508,6.708528,0.122374241,1.47,5.613456034,1.366924558,0.139860478,0,8.393124447,8.250441332,0.3
QY236,QY236,1986,208.2484157,20.57086456,1379.999995,Calcareous,2.204021747,6.707032,0.124598197,1.48,5.613456034,1.366924558,0.149487581,0,8.941292215,8.789290247,0.3185
QY236,QY236,1987,208.2484157,20.14172912,1379.999995,Calcareous,2.182210152,6.707472,0.126797279,1.53,5.613456034,1.366924558,0.178948438,0,8.114461789,7.976515939,0.337
QY236,QY236,1988,208.2484157,19.71259368,1379.999995,Calcareous,2.15735508,6.70316,0.129022099,1.2,5.613456034,1.366924558,0.181984955,0,8.171971077,8.033047569,0.3555
QY236,QY236,1989,208.2484157,19.28345824,1379.999995,Calcareous,2.134565225,6.702104,0.131258991,1.2,5.613456034,1.366924558,0.207422673,0,8.17141429,8.032500247,0.374
QY236,QY236,1990,208.2484157,18.85432279,1379.999995,Calcareous,2.112681167,6.705272,0.133496614,1.47,5.613456034,1.366924558,0.233098209,0,8,7.864,0.3925
QY236,QY236,1991,208.2484157,18.42518735,1379.999995,Calcareous,2.091992761,6.702984,0.135723173,1.48,5.956147241,1.366924558,0.240864864,0,7.883555119,7.749534682,0.411
QY236,QY236,1992,208.2484157,17.99605191,1379.999995,Calcareous,2.071775369,6.703688,0.13807105,1.53,6.298838448,1.366924558,0.24798264,0,8.341791284,8.199980833,0.4295
QY236,QY236,1993,208.2484157,17.56691647,1379.999995,Calcareous,2.051123195,6.699992,0.140517232,1.2,6.641529655,1.366924558,0.258487098,0,8.341791284,8.199980833,0.448
QY236,QY236,1994,208.2484157,17.13778103,1379.999995,Calcareous,2.030652181,6.707736,0.143107675,1.95,6.984220862,1.366924558,0.251123151,0,8.273540462,8.132890274,0.4665
QY236,QY236,1995,208.2484157,16.70864559,1379.999995,Calcareous,2.016847833,6.701224,0.145754576,0.89,7.326912069,1.366924558,0.298920214,0,8.222777943,8.082990718,0.485
QY236,QY236,1996,208.2484157,16.27951015,1379.999995,Calcareous,2.00583334,6.70228,0.148622571,1.47,7.669603276,1.366924558,0.288651688,0,8.06036808,7.923341823,0.5035
QY236,QY236,1997,208.2484157,15.85037471,1379.999995,Calcareous,1.99333334,6.705888,0.151559317,1.98,8.012294483,1.366924558,0.273036295,0,8.266988007,8.126449211,0.522
QY236,QY236,1998,208.2484157,15.42123926,1379.999995,Calcareous,1.98159421,6.709496,0.154554144,1.33,8.354985689,1.366924558,0.283598633,0,8.443002891,8.299471841,0.5405
QY236,QY236,1999,208.2484157,14.99210382,1379.999995,Calcareous,1.979057978,6.703688,0.157723187,1,8.697676896,1.366924558,0.289808946,0,8.405072901,8.262186662,0.559
QY236,QY236,2000,208.2484157,14.56296838,1379.999995,Calcareous,1.978297108,6.701752,0.161041559,1.41,9.040368103,1.366924558,0.303096479,0,8.35789763,8.21581337,0.5775
QY236,QY236,2001,208.2484157,14.13383294,1379.999995,Calcareous,1.96449276,6.702896,0.164444287,1.14,9.38305931,1.366924558,0.301892371,0,8.293541121,8.152550922,0.596
QY236,QY236,2002,208.2484157,13.7046975,1379.999995,Calcareous,1.950434789,6.70976,0.167996186,2.09,9.725750517,1.366924558,0.297545122,0,8.317945555,8.176540481,0.6145
QY236,QY236,2003,208.2484157,13.27556206,1379.999995,Calcareous,1.938731891,6.695768,0.171565263,0.85,10.06844172,1.366924558,0.369622565,0,8.652185868,8.505098709,0.633
QY236,QY236,2004,208.2484157,12.84642662,1379.999995,Calcareous,1.928731891,6.706064,0.175386724,1.31,10.41113293,1.366924558,0.408412862,0,9.324799729,9.166278133,0.6515
QY236,QY236,2005,208.2484157,12.41729118,1379.999995,Calcareous,1.91949276,6.699464,0.1792637,1.31,10.75382414,1.366924558,0.453155576,0,8.745715653,8.597038487,0.67
QY236,QY236,2006,208.2484157,11.98815574,1379.999995,Calcareous,1.910905804,6.707472,0.183293431,1.55,11.09651534,1.366924558,0.455478547,0,7.936440658,7.801521167,0.6885
QY236,QY236,2007,208.2484157,11.55902029,1379.999995,Calcareous,1.900000007,6.706944,0.187450161,1.18,11.43920655,1.366924558,0.459958238,0,7.83062635,7.697505702,0.707
QY236,QY236,2008,208.2484157,11.12988485,1379.999995,Calcareous,1.887971021,6.702808,0.191773479,1.11,11.78189776,1.366924558,0.466468012,0,7.7483933,7.616670614,0.7255
QY236,QY236,2009,208.2484157,10.70074941,1379.999995,Calcareous,1.880615949,6.700608,0.196225448,0.95,12.12458897,1.366924558,0.478958778,0,7.314759226,7.19040832,0.744
QY236,QY236,2010,208.2484157,10.27161397,1379.999995,Calcareous,1.873442035,6.697352,0.200836954,0.91,12.12458897,1.366924558,0.485180329,0,6.844835166,6.728472968,0.7625
QY236,QY236,2011,208.2484157,9.842478529,1379.999995,Calcareous,1.867391311,6.682656,0.205469462,0.6,11.22647126,1.366924558,0.499630542,0,6.95511684,6.836879854,0.781
QY236,QY236,2012,208.2484157,9.413343088,1379.999995,Calcareous,1.861195659,6.689608,0.209809315,0.98,10.32835356,1.366924558,0.509856166,0,7.072804937,6.952567253,0.7995
QY236,QY236,2013,208.2484157,8.984207647,1379.999995,Calcareous,1.848224644,6.680984,0.21376562,0.43,9.430235862,1.366924558,0.519168529,0,7.085820268,6.965361323,0.818
QY236,QY236,2014,208.2484157,8.555072206,1379.999995,Calcareous,1.841521745,6.700256,0.217475417,1.16,8.532118161,1.366924558,0.547640401,0,7.054041147,6.934122447,0.8365
QY236,QY236,2015,208.2484157,8.125936765,1379.999995,Calcareous,1.835797108,6.696032,0.220764381,0.93,7.634000459,1.366924558,0.66523852,0,7.054663585,6.934734304,0.84
QY236,QY236,2016,208.2484157,7.696801324,1379.999995,Calcareous,1.828115948,6.69876,0.22379238,1.24,6.735882758,1.366924558,0.680203149,0,7.055317086,6.935376696,0.84
QY236,QY236,2017,208.2484157,7.267665882,1379.999995,Calcareous,1.819202905,6.696912,0.226439226,0.95,5.837765057,1.366924558,0.630791324,0,7.29620736,7.172171835,0.84
QY236,QY236,2018,208.2484157,6.838530441,1379.999995,Calcareous,1.823695658,6.696296,0.228762921,0.93,4.939647356,1.366924558,0.658720649,0,6.928197795,6.810418433,0.84
QY236,QY236,2019,208.2484157,6.409395,1379.999995,Calcareous,1.8118116,6.694888,0.230779178,0.91,4.041529655,1.366924558,0.656547813,0,6.774465652,6.659299736,0.84
QY242,QY242,1985,143.2813688,48,1250,Calcareous,2.19352,6.709144,0.077665355,1.47,24.62383118,1.284953888,0.176133224,0,12.58968667,12.375662,0.3
QY242,QY242,1986,143.2813688,46.8720452,1250,Calcareous,2.17784,6.708088,0.087801012,1.48,24.62383118,1.284953888,0.182438596,0,13.41193832,13.18393537,0.3185
QY242,QY242,1987,143.2813688,45.74409039,1250,Calcareous,2.16856,6.707736,0.097882772,1.53,24.62383118,1.284953888,0.221173891,0,12.17169268,11.96477391,0.337
QY242,QY242,1988,143.2813688,44.61613559,1250,Calcareous,2.15404,6.703072,0.107967206,1.2,24.62383118,1.284953888,0.23118176,0,12.25795662,12.04957135,0.3555
QY242,QY242,1989,143.2813688,43.48818078,1250,Calcareous,2.14252,6.7014,0.118037068,1.2,24.62383118,1.284953888,0.264412552,0,12.25712143,12.04875037,0.374
QY242,QY242,1990,143.2813688,42.36022598,1250,Calcareous,2.13208,6.70404,0.128085648,1.47,24.62383118,1.284953888,0.297883019,0,12,11.796,0.3925
QY242,QY242,1991,143.2813688,41.23227118,1250,Calcareous,2.12324,6.70096,0.138103198,1.48,28.76859741,1.284953888,0.311863292,0,11.82533268,11.62430202,0.411
QY242,QY242,1992,143.2813688,40.10431637,1250,Calcareous,2.11476,6.701224,0.149753998,1.53,32.91336365,1.284953888,0.323640044,0,12.51268693,12.29997125,0.4295
QY242,QY242,1993,143.2813688,38.97636157,1250,Calcareous,2.10512,6.697616,0.163001741,1.2,37.05812988,1.284953888,0.337644616,0,12.51268693,12.29997125,0.448
QY242,QY242,1994,143.2813688,37.84840676,1250,Calcareous,2.09536,6.706592,0.177898481,1.95,41.20289612,1.284953888,0.332446394,0,12.41031069,12.19933541,0.4665
QY242,QY242,1995,143.2813688,36.72045196,1250,Calcareous,2.09624,6.69656,0.194332078,0.89,45.34766235,1.284953888,0.38375161,0,12.33416691,12.12448608,0.485
QY242,QY242,1996,143.2813688,35.59249716,1250,Calcareous,2.10152,6.700168,0.212507822,1.47,49.49242859,1.284953888,0.38292992,0,12.09055212,11.88501273,0.5035
QY242,QY242,1997,143.2813688,34.46454235,1250,Calcareous,2.10408,6.704568,0.232229729,1.98,53.63719482,1.284953888,0.368371621,0,12.40048201,12.18967382,0.522
QY242,QY242,1998,143.2813688,33.33658755,1250,Calcareous,2.10756,6.704656,0.253463394,1.33,57.78196106,1.284953888,0.387806123,0,12.66450434,12.44920776,0.5405
QY242,QY242,1999,143.2813688,32.20863275,1250,Calcareous,2.12596,6.699464,0.276383028,1,61.92672729,1.284953888,0.395432608,0,12.60760935,12.39327999,0.559
QY242,QY242,2000,143.2813688,31.08067794,1250,Calcareous,2.14724,6.698936,0.300955899,1.41,66.07149353,1.284953888,0.399667441,0,12.53684645,12.32372006,0.5775
QY242,QY242,2001,143.2813688,29.95272314,1250,Calcareous,2.1468,6.69788,0.327062351,1.14,70.21625976,1.284953888,0.406862588,0,12.44031168,12.22882638,0.596
QY242,QY242,2002,143.2813688,28.82476833,1250,Calcareous,2.1454,6.708528,0.354830106,2.09,74.361026,1.284953888,0.394182117,0,12.47691833,12.26481072,0.6145
QY242,QY242,2003,143.2813688,27.69681353,1250,Calcareous,2.1474,6.68688,0.383985553,0.85,78.50579223,1.284953888,0.481455373,0,12.9782788,12.75764806,0.633
QY242,QY242,2004,143.2813688,26.56885873,1250,Calcareous,2.15188,6.70272,0.414979268,1.31,82.65055847,1.284953888,0.521836512,0,13.98719959,13.7494172,0.6515
QY242,QY242,2005,143.2813688,25.44090392,1250,Calcareous,2.15732,6.694976,0.447403793,1.31,86.7953247,1.284953888,0.570965347,0,13.11857348,12.89555773,0.67
QY242,QY242,2006,143.2813688,24.31294912,1250,Calcareous,2.1636,6.704832,0.481481717,1.55,90.94009094,1.284953888,0.572341125,0,11.90466099,11.70228175,0.6885
QY242,QY242,2007,143.2813688,23.18499431,1250,Calcareous,2.16572,6.702368,0.51718028,1.18,95.08485717,1.284953888,0.581341397,0,11.74593953,11.54625855,0.707
QY242,QY242,2008,143.2813688,22.05703951,1250,Calcareous,2.16556,6.69832,0.554589325,1.11,99.22962341,1.284953888,0.590268078,0,11.62258995,11.42500592,0.7255
QY242,QY242,2009,143.2813688,20.92908471,1250,Calcareous,2.1728,6.694976,0.593614124,0.95,103.3743896,1.284953888,0.607303466,0,10.97213884,10.78561248,0.744
QY242,QY242,2010,143.2813688,19.8011299,1250,Calcareous,2.18008,6.693304,0.634343084,0.91,103.3743896,1.284953888,0.616031117,0,10.26725275,10.09270945,0.7625
QY242,QY242,2011,143.2813688,18.6731751,1250,Calcareous,2.189,6.6728,0.675093118,0.6,95.71702744,1.284953888,0.636852188,0,10.43267526,10.25531978,0.781
QY242,QY242,2012,143.2813688,17.54522029,1250,Calcareous,2.1974,6.68336,0.712820974,0.98,88.05966525,1.284953888,0.65241907,0,10.6092074,10.42885088,0.7995
QY242,QY242,2013,143.2813688,16.41726549,1250,Calcareous,2.19432,6.665496,0.747272838,0.43,80.40230305,1.284953888,0.663509944,0,10.6287304,10.44804198,0.818
QY242,QY242,2014,143.2813688,15.28931069,1250,Calcareous,2.20112,6.697704,0.778863996,1.16,72.74494086,1.284953888,0.703649365,0,10.58106172,10.40118367,0.8365
QY242,QY242,2015,143.2813688,14.16135588,1250,Calcareous,2.20936,6.6904,0.807065804,0.93,65.08757866,1.284953888,0.800847162,0,10.58199538,10.40210146,0.84
QY242,QY242,2016,143.2813688,13.03340108,1250,Calcareous,2.21412,6.694976,0.832286691,1.24,57.43021647,1.284953888,0.817023556,0,10.58297563,10.40306504,0.84
QY242,QY242,2017,143.2813688,11.90544627,1250,Calcareous,2.21648,6.691544,0.854237616,0.95,49.77285427,1.284953888,0.773643729,0,10.94431104,10.75825775,0.84
QY242,QY242,2018,143.2813688,10.77749147,1250,Calcareous,2.24072,6.691632,0.873153446,0.93,42.11549208,1.284953888,0.797151789,0,10.39229669,10.21562765,0.84
QY242,QY242,2019,143.2813688,9.649536667,1250,Calcareous,2.23796,6.689696,0.889038396,0.91,34.45812988,1.284953888,0.795919908,0,10.16169848,9.988949603,0.84
QY243,QY243,1985,139.234474,21,1379.999995,Calcareous,2.552318849,6.709144,0.111604851,1.47,30.71457949,1.260113576,0.209392667,0,13.63882723,13.40696716,0.3
QY243,QY243,1986,139.234474,20.69970695,1379.999995,Calcareous,2.529565226,6.707824,0.122944956,1.48,30.71457949,1.260113576,0.220737094,0,14.52959985,14.28259665,0.3185
QY243,QY243,1987,139.234474,20.3994139,1379.999995,Calcareous,2.513152183,6.707736,0.134237026,1.53,30.71457949,1.260113576,0.266311549,0,13.18600041,12.9618384,0.337
QY243,QY243,1988,139.234474,20.09912084,1379.999995,Calcareous,2.491666675,6.70272,0.145539109,1.2,30.71457949,1.260113576,0.27448239,0,13.279453,13.0537023,0.3555
QY243,QY243,1989,139.234474,19.79882779,1379.999995,Calcareous,2.473152182,6.700872,0.156829989,1.2,30.71457949,1.260113576,0.313960681,0,13.27854822,13.0528129,0.374
QY243,QY243,1990,139.234474,19.49853474,1379.999995,Calcareous,2.455905806,6.703512,0.168104752,1.47,30.71457949,1.260113576,0.353757056,0,13,12.779,0.3925
QY243,QY243,1991,139.234474,19.19824169,1379.999995,Calcareous,2.4402174,6.700696,0.17935377,1.48,36.07749539,1.260113576,0.368006265,0,12.81077707,12.59299386,0.411
QY243,QY243,1992,139.234474,18.89794863,1379.999995,Calcareous,2.425072472,6.700696,0.192524718,1.53,41.44041128,1.260113576,0.380610392,0,13.55541084,13.32496885,0.4295
QY243,QY243,1993,139.234474,18.59765558,1379.999995,Calcareous,2.40887682,6.69656,0.207581958,1.2,46.80332718,1.260113576,0.396748077,0,13.55541084,13.32496885,0.448
QY243,QY243,1994,139.234474,18.29736253,1379.999995,Calcareous,2.392681168,6.705712,0.224576666,1.95,52.16624308,1.260113576,0.387916206,0,13.44450325,13.2159467,0.4665
QY243,QY243,1995,139.234474,17.99706948,1379.999995,Calcareous,2.387028994,6.695768,0.243400222,0.89,57.52915898,1.260113576,0.45489095,0,13.36201416,13.13485992,0.485
QY243,QY243,1996,139.234474,17.69677642,1379.999995,Calcareous,2.385688414,6.698936,0.264254266,1.47,62.89207487,1.260113576,0.446120864,0,13.09809813,12.87543046,0.5035
QY243,QY243,1997,139.234474,17.39648337,1379.999995,Calcareous,2.381775371,6.7036,0.2869439,1.98,68.25499077,1.260113576,0.425177067,0,13.43385551,13.20547997,0.522
QY243,QY243,1998,139.234474,17.09619032,1379.999995,Calcareous,2.378840588,6.704128,0.311437112,1.33,73.61790667,1.260113576,0.444418548,0,13.7198797,13.48664174,0.5405
QY243,QY243,1999,139.234474,16.79589727,1379.999995,Calcareous,2.39061595,6.698408,0.337900216,1,78.98082257,1.260113576,0.45384256,0,13.65824346,13.42605333,0.559
QY243,QY243,2000,139.234474,16.49560421,1379.999995,Calcareous,2.405144936,6.698056,0.366302194,1.41,84.34373846,1.260113576,0.466712579,0,13.58158365,13.35069673,0.5775
QY243,QY243,2001,139.234474,16.19531116,1379.999995,Calcareous,2.398405805,6.697088,0.39653224,1.14,89.70665436,1.260113576,0.469516575,0,13.47700432,13.24789525,0.596
QY243,QY243,2002,139.234474,15.89501811,1379.999995,Calcareous,2.390869573,6.707472,0.428705219,2.09,95.06957026,1.260113576,0.459421277,0,13.51666153,13.28687828,0.6145
QY243,QY243,2003,139.234474,15.59472506,1379.999995,Calcareous,2.386847834,6.686176,0.46256634,0.85,100.4324862,1.260113576,0.566610838,0,14.05980204,13.8207854,0.633
QY243,QY243,2004,139.234474,15.294432,1379.999995,Calcareous,2.385326095,6.701136,0.498544576,1.31,105.7954021,1.260113576,0.619863691,0,15.15279956,14.89520197,0.6515
QY243,QY243,2005,139.234474,14.99413895,1379.999995,Calcareous,2.384818849,6.693392,0.536251289,1.31,111.158318,1.260113576,0.683408236,0,14.21178794,13.97018754,0.67
QY243,QY243,2006,139.234474,14.6938459,1379.999995,Calcareous,2.385181168,6.703248,0.575899944,1.55,116.5212338,1.260113576,0.686270369,0,12.89671607,12.6774719,0.6885
QY243,QY243,2007,139.234474,14.39355285,1379.999995,Calcareous,2.381594211,6.700168,0.617456228,1.18,121.8841497,1.260113576,0.694751091,0,12.72476782,12.50844677,0.707
QY243,QY243,2008,139.234474,14.09325979,1379.999995,Calcareous,2.375833342,6.695768,0.66100146,1.11,127.2470656,1.260113576,0.705025711,0,12.59113911,12.37708975,0.7255
QY243,QY243,2009,139.234474,13.79296674,1379.999995,Calcareous,2.377427544,6.692512,0.706446809,0.95,132.6099815,1.260113576,0.724597096,0,11.88648374,11.68441352,0.744
QY243,QY243,2010,139.234474,13.49267369,1379.999995,Calcareous,2.379166675,6.689872,0.753878323,0.91,132.6099815,1.260113576,0.734479526,0,11.12285715,10.93376857,0.7625
QY243,QY243,2011,139.234474,13.19238064,1379.999995,Calcareous,2.38253624,6.668576,0.801326895,0.6,122.7870199,1.260113576,0.757426071,0,11.30206487,11.10992976,0.781
QY243,QY243,2012,139.234474,12.89208758,1379.999995,Calcareous,2.385434791,6.680016,0.845250933,0.98,112.9640583,1.260113576,0.774241099,0,11.49330802,11.29792179,0.7995
QY243,QY243,2013,139.234474,12.59179453,1379.999995,Calcareous,2.377173921,6.660128,0.885408559,0.43,103.1410968,1.260113576,0.787959316,0,11.51445794,11.31871215,0.818
QY243,QY243,2014,139.234474,12.29150148,1379.999995,Calcareous,2.378731892,6.694008,0.922196043,1.16,93.31813516,1.260113576,0.833275176,0,11.46281686,11.26794898,0.8365
QY243,QY243,2015,139.234474,11.99120843,1379.999995,Calcareous,2.381811602,6.687144,0.955109594,0.93,83.49517356,1.260113576,0.983801519,0,11.46382833,11.26894324,0.84
QY243,QY243,2016,139.234474,11.69091537,1379.999995,Calcareous,2.381449284,6.69172,0.984556156,1.24,73.67221197,1.260113576,1.004887795,0,11.46489027,11.26998713,0.84
QY243,QY243,2017,139.234474,11.39062232,1379.999995,Calcareous,2.37887682,6.68776,1.010238921,0.95,63.84925037,1.260113576,0.940359988,0,11.85633696,11.65477923,0.84
QY243,QY243,2018,139.234474,11.09032927,1379.999995,Calcareous,2.397862327,6.68776,1.032376067,0.93,54.02628878,1.260113576,0.976320185,0,11.25832142,11.06692995,0.84
QY243,QY243,2019,139.234474,10.79003622,1379.999995,Calcareous,2.390253631,6.68556,1.050985262,0.91,44.20332718,1.260113576,0.973826186,0,11.00850668,10.82136207,0.84
QY246,QY246,1985,191.287706,24,1409.999967,Calcareous,2.134539058,6.70624,0.397206864,1.47,4.856684321,1.339023974,0.240767731,0,8.393124447,8.250441332,0.3
QY246,QY246,1986,191.287706,23.89249951,1409.999967,Calcareous,2.111276646,6.704304,0.398763333,1.48,4.856684321,1.339023974,0.257636656,0,8.941292215,8.789290247,0.3185
QY246,QY246,1987,191.287706,23.78499902,1409.999967,Calcareous,2.091950404,6.703952,0.400283451,1.53,4.856684321,1.339023974,0.307049921,0,8.114461789,7.976515939,0.337
QY246,QY246,1988,191.287706,23.67749853,1409.999967,Calcareous,2.069645439,6.699112,0.401844898,1.2,4.856684321,1.339023974,0.311230596,0,8.171971077,8.033047569,0.3555
QY246,QY246,1989,191.287706,23.56999804,1409.999967,Calcareous,2.04932629,6.697704,0.403463655,1.2,4.856684321,1.339023974,0.353421736,0,8.17141429,8.032500247,0.374
QY246,QY246,1990,191.287706,23.46249755,1409.999967,Calcareous,2.029893665,6.701312,0.405088749,1.47,4.856684321,1.339023974,0.396038249,0,8,7.864,0.3925
QY246,QY246,1991,191.287706,23.35499706,1409.999967,Calcareous,2.011560331,6.69876,0.406674409,1.48,5.048021186,1.339023974,0.408375485,0,7.883555119,7.749534682,0.411
QY246,QY246,1992,191.287706,23.24749657,1409.999967,Calcareous,1.99368799,6.699112,0.408326619,1.53,5.23935805,1.339023974,0.419550148,0,8.341791284,8.199980833,0.4295
QY246,QY246,1993,191.287706,23.13999608,1409.999967,Calcareous,1.975354657,6.695152,0.410007519,1.2,5.430694914,1.339023974,0.43759047,0,8.341791284,8.199980833,0.448
QY246,QY246,1994,191.287706,23.03249559,1409.999967,Calcareous,1.957198628,6.70448,0.411829096,1.95,5.622031778,1.339023974,0.424618449,0,8.273540462,8.132890274,0.4665
QY246,QY246,1995,191.287706,22.9249951,1409.999967,Calcareous,1.945531961,6.694008,0.413541751,0.89,5.813368643,1.339023974,0.507145092,0,8.222777943,8.082990718,0.485
QY246,QY246,1996,191.287706,22.81749461,1409.999967,Calcareous,1.936595791,6.697528,0.415591808,1.47,6.004705507,1.339023974,0.488415776,0,8.06036808,7.923341823,0.5035
QY246,QY246,1997,191.287706,22.70999412,1409.999967,Calcareous,1.926312102,6.702368,0.417568963,1.98,6.196042371,1.339023974,0.461795666,0,8.266988007,8.126449211,0.522
QY246,QY246,1998,191.287706,22.60249363,1409.999967,Calcareous,1.916702173,6.703248,0.41946852,1.33,6.387379235,1.339023974,0.479276706,0,8.443002891,8.299471841,0.5405
QY246,QY246,1999,191.287706,22.49499314,1409.999967,Calcareous,1.916134797,6.696736,0.421590784,1,6.5787161,1.339023974,0.489516436,0,8.405072901,8.262186662,0.559
QY246,QY246,2000,191.287706,22.38749265,1409.999967,Calcareous,1.917375932,6.696208,0.423862119,1.41,6.770052964,1.339023974,0.513895853,0,8.35789763,8.21581337,0.5775
QY246,QY246,2001,191.287706,22.27999216,1409.999967,Calcareous,1.905992953,6.695768,0.426108298,1.14,6.961389828,1.339023974,0.51135552,0,8.293541121,8.152550922,0.596
QY246,QY246,2002,191.287706,22.17249167,1409.999967,Calcareous,1.894219903,6.706064,0.42849682,2.09,7.152726692,1.339023974,0.503807656,0,8.317945555,8.176540481,0.6145
QY246,QY246,2003,191.287706,22.06499118,1409.999967,Calcareous,1.884680896,6.685032,0.430707612,0.85,7.344063557,1.339023974,0.62580205,0,8.652185868,8.505098709,0.633
QY246,QY246,2004,191.287706,21.95749069,1409.999967,Calcareous,1.876773094,6.69876,0.433316615,1.31,7.535400421,1.339023974,0.6937258,0,9.324799729,9.166278133,0.6515
QY246,QY246,2005,191.287706,21.8499902,1409.999967,Calcareous,1.869645434,6.69128,0.435866288,1.31,7.726737285,1.339023974,0.770381851,0,8.745715653,8.597038487,0.67
QY246,QY246,2006,191.287706,21.74248971,1409.999967,Calcareous,1.863156072,6.700784,0.438532391,1.55,7.918074149,1.339023974,0.774053289,0,7.936440658,7.801521167,0.6885
QY246,QY246,2007,191.287706,21.63498922,1409.999967,Calcareous,1.854361746,6.697968,0.441250162,1.18,8.109411014,1.339023974,0.781589228,0,7.83062635,7.697505702,0.707
QY246,QY246,2008,191.287706,21.52748873,1409.999967,Calcareous,1.844432668,6.69348,0.444142637,1.11,8.300747878,1.339023974,0.79246799,0,7.7483933,7.616670614,0.7255
QY246,QY246,2009,191.287706,21.41998824,1409.999967,Calcareous,1.839042597,6.68952,0.447124901,0.95,8.492084742,1.339023974,0.813536591,0,7.314759226,7.19040832,0.744
QY246,QY246,2010,191.287706,21.31248775,1409.999967,Calcareous,1.833865292,6.68644,0.450245675,0.91,8.492084742,1.339023974,0.824005862,0,6.844835166,6.728472968,0.7625
QY246,QY246,2011,191.287706,21.20498725,1409.999967,Calcareous,1.829751816,6.665232,0.453403588,0.6,7.863041428,1.339023974,0.848891723,0,6.95511684,6.836879854,0.781
QY246,QY246,2012,191.287706,21.09748676,1409.999967,Calcareous,1.825496497,6.6772,0.456423407,0.98,7.233998114,1.339023974,0.866182175,0,7.072804937,6.952567253,0.7995
QY246,QY246,2013,191.287706,20.98998627,1409.999967,Calcareous,1.814609972,6.657312,0.459111203,0.43,6.604954799,1.339023974,0.882019999,0,7.085820268,6.965361323,0.818
QY246,QY246,2014,191.287706,20.88248578,1409.999967,Calcareous,1.809787277,6.690048,0.461744852,1.16,5.975911485,1.339023974,0.929949468,0,7.054041147,6.934122447,0.8365
QY246,QY246,2015,191.287706,20.77498529,1409.999967,Calcareous,1.805922029,6.68292,0.463963216,0.93,5.346868171,1.339023974,1.132343148,0,7.054663585,6.934734304,0.84
QY246,QY246,2016,191.287706,20.6674848,1409.999967,Calcareous,1.800141887,6.688024,0.466088954,1.24,4.717824857,1.339023974,1.158059379,0,7.055317086,6.935376696,0.84
QY246,QY246,2017,191.287706,20.55998431,1409.999967,Calcareous,1.793085149,6.6838,0.467895351,0.95,4.088781542,1.339023974,1.073028537,0,7.29620736,7.172171835,0.84
QY246,QY246,2018,191.287706,20.45248382,1409.999967,Calcareous,1.799148979,6.682832,0.469514659,0.93,3.459738228,1.339023974,1.121101334,0,6.928197795,6.810418433,0.84
QY246,QY246,2019,191.287706,20.34498333,1409.999967,Calcareous,1.789326283,6.680984,0.470941354,0.91,2.830694914,1.339023974,1.117353684,0,6.774465652,6.659299736,0.84
QY248,QY248,1985,181.4359949,21,1379.999995,Calcareous,1.797246383,6.708528,0.11834481,1.47,4.418090844,1.295719614,0.190760473,0,11.54054611,11.34435683,0.3
QY248,QY248,1986,181.4359949,21.06431971,1379.999995,Calcareous,1.783804354,6.707208,0.120150792,1.48,4.418090844,1.295719614,0.201311876,0,12.2942768,12.08527409,0.3185
QY248,QY248,1987,181.4359949,21.12863941,1379.999995,Calcareous,1.775724644,6.706944,0.121937317,1.53,4.418090844,1.295719614,0.235795726,0,11.15738496,10.96770942,0.337
QY248,QY248,1988,181.4359949,21.19295912,1379.999995,Calcareous,1.763260876,6.70272,0.123749407,1.2,4.418090844,1.295719614,0.238824674,0,11.23646023,11.04544041,0.3555
QY248,QY248,1989,181.4359949,21.25727882,1379.999995,Calcareous,1.753260876,6.701576,0.125580851,1.2,4.418090844,1.295719614,0.265949605,0,11.23569465,11.04468784,0.374
QY248,QY248,1990,181.4359949,21.32159853,1379.999995,Calcareous,1.744202905,6.703952,0.127416645,1.47,4.418090844,1.295719614,0.293440458,0,11,10.813,0.3925
QY248,QY248,1991,181.4359949,21.38591824,1379.999995,Calcareous,1.736413049,6.701224,0.12924123,1.48,4.521709013,1.295719614,0.301581887,0,10.83988829,10.65561019,0.411
QY248,QY248,1992,181.4359949,21.45023794,1379.999995,Calcareous,1.728949281,6.701136,0.131103099,1.53,4.625327182,1.295719614,0.307612666,0,11.46996302,11.27497364,0.4295
QY248,QY248,1993,181.4359949,21.51455765,1379.999995,Calcareous,1.720507252,6.697704,0.132982424,1.2,4.728945351,1.295719614,0.322265651,0,11.46996302,11.27497364,0.448
QY248,QY248,1994,181.4359949,21.57887735,1379.999995,Calcareous,1.71199276,6.706504,0.134928131,1.95,4.83256352,1.295719614,0.313566399,0,11.37611814,11.18272413,0.4665
QY248,QY248,1995,181.4359949,21.64319706,1379.999995,Calcareous,1.712282615,6.696032,0.136841497,0.89,4.936181689,1.295719614,0.37372624,0,11.30631967,11.11411224,0.485
QY248,QY248,1996,181.4359949,21.70751676,1379.999995,Calcareous,1.716159426,6.699464,0.138904445,1.47,5.039799858,1.295719614,0.362792965,0,11.08300611,10.89459501,0.5035
QY248,QY248,1997,181.4359949,21.77183647,1379.999995,Calcareous,1.717789861,6.703952,0.140950294,1.98,5.143418027,1.295719614,0.34650329,0,11.36710851,11.17386767,0.522
QY248,QY248,1998,181.4359949,21.83615618,1379.999995,Calcareous,1.720144933,6.70316,0.14297337,1.33,5.247036195,1.295719614,0.361575795,0,11.60912897,11.41177378,0.5405
QY248,QY248,1999,181.4359949,21.90047588,1379.999995,Calcareous,1.734855078,6.698672,0.145094241,1,5.350654364,1.295719614,0.367532403,0,11.55697524,11.36050666,0.559
QY248,QY248,2000,181.4359949,21.96479559,1379.999995,Calcareous,1.751847832,6.698232,0.147285259,1.41,5.454272533,1.295719614,0.384691354,0,11.49210924,11.29674338,0.5775
QY248,QY248,2001,181.4359949,22.02911529,1379.999995,Calcareous,1.750797107,6.696032,0.149482374,1.14,5.557890702,1.295719614,0.386782964,0,11.40361904,11.20975752,0.596
QY248,QY248,2002,181.4359949,22.093435,1379.999995,Calcareous,1.748949281,6.70756,0.151748284,2.09,5.661508871,1.295719614,0.37539171,0,11.43717514,11.24274316,0.6145
QY248,QY248,2003,181.4359949,22.15775471,1379.999995,Calcareous,1.750000006,6.68292,0.153953781,0.85,5.76512704,1.295719614,0.460232263,0,11.89675557,11.69451072,0.633
QY248,QY248,2004,181.4359949,22.22207441,1379.999995,Calcareous,1.753079716,6.699728,0.156332511,1.31,5.868745209,1.295719614,0.513154458,0,12.82159963,12.60363243,0.6515
QY248,QY248,2005,181.4359949,22.28639412,1379.999995,Calcareous,1.756956528,6.69128,0.158704747,1.31,5.972363378,1.295719614,0.567111053,0,12.02535902,11.82092792,0.67
QY248,QY248,2006,181.4359949,22.35071382,1379.999995,Calcareous,1.761485513,6.701576,0.161146428,1.55,6.075981546,1.295719614,0.567453154,0,10.9126059,10.7270916,0.6885
QY248,QY248,2007,181.4359949,22.41503353,1379.999995,Calcareous,1.76257247,6.69744,0.163626783,1.18,6.179599715,1.295719614,0.575026259,0,10.76711123,10.58407034,0.707
QY248,QY248,2008,181.4359949,22.47935324,1379.999995,Calcareous,1.7618116,6.692952,0.166188366,1.11,6.283217884,1.295719614,0.582697989,0,10.65404079,10.47292209,0.7255
QY248,QY248,2009,181.4359949,22.54367294,1379.999995,Calcareous,1.767173919,6.688376,0.168797496,0.95,6.386836053,1.295719614,0.598377507,0,10.05779394,9.886811439,0.744
QY248,QY248,2010,181.4359949,22.60799265,1379.999995,Calcareous,1.77257247,6.686176,0.171477533,0.91,6.386836053,1.295719614,0.606229041,0,9.411648354,9.251650332,0.7625
QY248,QY248,2011,181.4359949,22.67231235,1379.999995,Calcareous,1.779275368,6.661624,0.174177939,0.6,5.913737086,1.295719614,0.627856442,0,9.563285655,9.400709799,0.781
QY248,QY248,2012,181.4359949,22.73663206,1379.999995,Calcareous,1.785579716,6.675,0.176742166,0.98,5.440638119,1.295719614,0.642069111,0,9.725106788,9.559779972,0.7995
QY248,QY248,2013,181.4359949,22.80095176,1379.999995,Calcareous,1.782282615,6.649744,0.179095206,0.43,4.967539152,1.295719614,0.653300334,0,9.743002868,9.577371819,0.818
QY248,QY248,2014,181.4359949,22.86527147,1379.999995,Calcareous,1.787318847,6.690488,0.181343894,1.16,4.494440185,1.295719614,0.689470996,0,9.699306577,9.534418365,0.8365
QY248,QY248,2015,181.4359949,22.92959118,1379.999995,Calcareous,1.793478267,6.681336,0.183355779,0.93,4.021341219,1.295719614,0.813409266,0,9.70016243,9.535259668,0.84
QY248,QY248,2016,181.4359949,22.99391088,1379.999995,Calcareous,1.796739137,6.687496,0.185262674,1.24,3.548242252,1.295719614,0.83168409,0,9.701060994,9.536142957,0.84
QY248,QY248,2017,181.4359949,23.05823059,1379.999995,Calcareous,1.798043484,6.682744,0.186963054,0.95,3.075143285,1.295719614,0.777854784,0,10.03228512,9.861736274,0.84
QY248,QY248,2018,181.4359949,23.12255029,1379.999995,Calcareous,1.817536238,6.682216,0.188495147,0.93,2.602044318,1.295719614,0.807615936,0,9.526271968,9.364325345,0.84
QY248,QY248,2019,181.4359949,23.18687,1379.999995,Calcareous,1.81449276,6.680192,0.18987422,0.91,2.128945351,1.295719614,0.80568459,0,9.314890271,9.156537136,0.84
QY264,QY264,1985,211.5,48,1250,Non-calcareous,2.96284,6.397536,0.27489806,1.47,6.543369556,1.366166785,0.052447679,0,5.245702779,5.156525832,0.3
QY264,QY264,1986,211.5,47.07584824,1250,Non-calcareous,2.92404,6.315344,0.27763612,1.48,6.543369556,1.366166785,0.056057843,0,5.588307634,5.493306404,0.3185
QY264,QY264,1987,211.5,46.15169647,1250,Non-calcareous,2.88812,6.255504,0.280301367,1.53,6.543369556,1.366166785,0.067105664,0,5.071538618,4.985322462,0.337
QY264,QY264,1988,211.5,45.22754471,1250,Non-calcareous,2.85044,6.237464,0.28293354,1.2,6.543369556,1.366166785,0.068244358,0,5.107481923,5.020654731,0.3555
QY264,QY264,1989,211.5,44.30339294,1250,Non-calcareous,2.8144,6.210712,0.285613322,1.2,6.543369556,1.366166785,0.077783502,0,5.107133931,5.020312654,0.374
QY264,QY264,1990,211.5,43.37924118,1250,Non-calcareous,2.77936,6.1756,0.288269052,1.47,6.543369556,1.366166785,0.087411828,0,5,4.915,0.3925
QY264,QY264,1991,211.5,42.45508941,1250,Non-calcareous,2.74552,6.146384,0.290829327,1.48,7.072043467,1.366166785,0.090324324,0,4.92722195,4.843459176,0.411
QY264,QY264,1992,211.5,41.53093765,1250,Non-calcareous,2.71232,6.120248,0.293565781,1.53,7.600717378,1.366166785,0.09299349,0,5.213619553,5.12498802,0.4295
QY264,QY264,1993,211.5,40.60678588,1250,Non-calcareous,2.6792,6.12368,0.296446736,1.2,8.129391289,1.366166785,0.096932662,0,5.213619553,5.12498802,0.448
QY264,QY264,1994,211.5,39.68263412,1250,Non-calcareous,2.64652,6.089712,0.299628334,1.95,8.6580652,1.366166785,0.094171182,0,5.170962789,5.083056421,0.4665
QY264,QY264,1995,211.5,38.75848235,1250,Non-calcareous,2.61876,6.094552,0.30273279,0.89,9.186739111,1.366166785,0.11209508,0,5.139236214,5.051869198,0.485
QY264,QY264,1996,211.5,37.83433059,1250,Non-calcareous,2.59336,6.066568,0.306399029,1.47,9.715413022,1.366166785,0.108244383,0,5.03773005,4.952088639,0.5035
QY264,QY264,1997,211.5,36.91017882,1250,Non-calcareous,2.56736,6.045976,0.310039395,1.98,10.24408693,1.366166785,0.102388611,0,5.166867505,5.079030757,0.522
QY264,QY264,1998,211.5,35.98602706,1250,Non-calcareous,2.54224,6.03744,0.313645653,1.33,10.77276084,1.366166785,0.106349487,0,5.276876807,5.187169901,0.5405
QY264,QY264,1999,211.5,35.06187529,1250,Non-calcareous,2.52376,6.054512,0.317681228,1,11.30143476,1.366166785,0.108678355,0,5.253170563,5.163866664,0.559
QY264,QY264,2000,211.5,34.13772353,1250,Non-calcareous,2.507,6.018344,0.322062846,1.41,11.83010867,1.366166785,0.11366118,0,5.223686019,5.134883357,0.5775
QY264,QY264,2001,211.5,33.21357176,1250,Non-calcareous,2.48164,6.026792,0.32643668,1.14,12.35878258,1.366166785,0.113209639,0,5.183463201,5.095344326,0.596
QY264,QY264,2002,211.5,32.28942,1250,Non-calcareous,2.45636,6.00092,0.331135879,2.09,12.88745649,1.366166785,0.111579421,0,5.198715972,5.1103378,0.6145
QY264,QY264,2003,211.5,31.36526824,1250,Non-calcareous,2.43292,6.011656,0.335552642,0.85,13.4161304,1.366166785,0.138608462,0,5.407616168,5.315686693,0.633
QY264,QY264,2004,211.5,30.44111647,1250,Non-calcareous,2.41092,5.9952,0.340754203,1.31,13.94480431,1.366166785,0.153154823,0,5.82799983,5.728923833,0.6515
QY264,QY264,2005,211.5,29.51696471,1250,Non-calcareous,2.3898,5.984552,0.345881765,1.31,14.47347822,1.366166785,0.169933341,0,5.466072283,5.373149054,0.67
QY264,QY264,2006,211.5,28.59281294,1250,Non-calcareous,2.3694,5.975752,0.351215428,1.55,15.00215213,1.366166785,0.170804455,0,4.960275411,4.875950729,0.6885
QY264,QY264,2007,211.5,27.66866118,1250,Non-calcareous,2.34772,5.979096,0.356629584,1.18,15.53082604,1.366166785,0.172484339,0,4.894141469,4.810941064,0.707
QY264,QY264,2008,211.5,26.74450941,1250,Non-calcareous,2.32548,5.979976,0.36244626,1.11,16.05949996,1.366166785,0.174925504,0,4.842745813,4.760419134,0.7255
QY264,QY264,2009,211.5,25.82035765,1250,Non-calcareous,2.30672,5.978392,0.368497258,0.95,16.58817387,1.366166785,0.179609542,0,4.571724516,4.4940052,0.744
QY264,QY264,2010,211.5,24.89620588,1250,Non-calcareous,2.2884,5.985608,0.374851456,0.91,16.58817387,1.366166785,0.181942623,0,4.278021979,4.205295605,0.7625
QY264,QY264,2011,211.5,23.97205412,1250,Non-calcareous,2.27112,6.000304,0.381241087,0.6,15.35942025,1.366166785,0.187361453,0,4.346948025,4.273049909,0.781
QY264,QY264,2012,211.5,23.04790235,1250,Non-calcareous,2.254,5.970472,0.387324491,0.98,14.13066663,1.366166785,0.191196062,0,4.420503085,4.345354533,0.7995
QY264,QY264,2013,211.5,22.12375059,1250,Non-calcareous,2.23244,6.01852,0.392624696,0.43,12.90191301,1.366166785,0.194688198,0,4.428637667,4.353350827,0.818
QY264,QY264,2014,211.5,21.19959882,1250,Non-calcareous,2.2154,5.974344,0.397822897,1.16,11.67315939,1.366166785,0.20536515,0,4.408775717,4.33382653,0.8365
QY264,QY264,2015,211.5,20.27544706,1250,Non-calcareous,2.19932,5.960704,0.401990368,0.93,10.44440577,1.366166785,0.249464445,0,4.409164741,4.33420894,0.84
QY264,QY264,2016,211.5,19.35129529,1250,Non-calcareous,2.18212,5.953576,0.405802561,1.24,9.215652148,1.366166785,0.255076181,0,4.409573179,4.334610435,0.84
QY264,QY264,2017,211.5,18.42714353,1250,Non-calcareous,2.16428,5.959824,0.40885893,0.95,7.986898529,1.366166785,0.236546747,0,4.5601296,4.482607397,0.84
QY264,QY264,2018,211.5,17.50299176,1250,Non-calcareous,2.15588,5.945568,0.411604316,0.93,6.758144909,1.366166785,0.247020243,0,4.330123622,4.25651152,0.84
QY264,QY264,2019,211.5,16.57884,1250,Non-calcareous,2.1366,5.953048,0.413851339,0.91,5.529391289,1.366166785,0.24620543,0,4.234041032,4.162062335,0.84
QY267,QY267,1985,168.2179975,21,1379.999995,Calcareous,2.200072471,6.703248,0.198,1.47,5.081464016,1.3332554,0.447781598,0,12.58968667,12.375662,0.3
QY267,QY267,1986,168.2179975,20.69970695,1379.999995,Calcareous,2.181485515,6.700696,0.199860721,1.48,5.081464016,1.3332554,0.478991897,0,13.41193832,13.18393537,0.3185
QY267,QY267,1987,168.2179975,20.3994139,1379.999995,Calcareous,2.168768123,6.699112,0.201689085,1.53,5.081464016,1.3332554,0.563859243,0,12.17169268,11.96477391,0.337
QY267,QY267,1988,168.2179975,20.09912084,1379.999995,Calcareous,2.151304355,6.693304,0.203582468,1.2,5.081464016,1.3332554,0.567560768,0,12.25795662,12.04957135,0.3555
QY267,QY267,1989,168.2179975,19.79882779,1379.999995,Calcareous,2.136557978,6.69084,0.205500351,1.2,5.081464016,1.3332554,0.637135728,0,12.25712143,12.04875037,0.374
QY267,QY267,1990,168.2179975,19.49853474,1379.999995,Calcareous,2.12293479,6.693568,0.207435448,1.47,5.081464016,1.3332554,0.707575136,0,12,11.796,0.3925
QY267,QY267,1991,168.2179975,19.19824169,1379.999995,Calcareous,2.110760877,6.6904,0.209371817,1.48,5.31775682,1.3332554,0.725884616,0,11.82533268,11.62430202,0.411
QY267,QY267,1992,168.2179975,18.89794863,1379.999995,Calcareous,2.098985514,6.690048,0.211398544,1.53,5.554049623,1.3332554,0.741319866,0,12.51268693,12.29997125,0.4295
QY267,QY267,1993,168.2179975,18.59765558,1379.999995,Calcareous,2.086231891,6.684944,0.213477242,1.2,5.790342426,1.3332554,0.774872905,0,12.51268693,12.29997125,0.448
QY267,QY267,1994,168.2179975,18.29736253,1379.999995,Calcareous,2.073442036,6.69832,0.215684631,1.95,6.026635229,1.3332554,0.750352306,0,12.41031069,12.19933541,0.4665
QY267,QY267,1995,168.2179975,17.99706948,1379.999995,Calcareous,2.070326094,6.677464,0.217885111,0.89,6.262928033,1.3332554,0.902384048,0,12.33416691,12.12448608,0.485
QY267,QY267,1996,168.2179975,17.69677642,1379.999995,Calcareous,2.071159427,6.687408,0.220341203,1.47,6.499220836,1.3332554,0.86535973,0,12.09055212,11.88501273,0.5035
QY267,QY267,1997,168.2179975,17.39648337,1379.999995,Calcareous,2.069601456,6.6948,0.222809772,1.98,6.735513639,1.3332554,0.819018669,0,12.40048201,12.18967382,0.522
QY267,QY267,1998,168.2179975,17.09619032,1379.999995,Calcareous,2.068876819,6.688816,0.225273686,1.33,6.971806442,1.3332554,0.849439867,0,12.66450434,12.44920776,0.5405
QY267,QY267,1999,168.2179975,16.79589727,1379.999995,Calcareous,2.081702906,6.681512,0.227901013,1,7.208099246,1.3332554,0.865803374,0,12.60760935,12.39327999,0.559
QY267,QY267,2000,168.2179975,16.49560421,1379.999995,Calcareous,2.097065225,6.68424,0.230660097,1.41,7.444392049,1.3332554,0.915837573,0,12.53684645,12.32372006,0.5775
QY267,QY267,2001,168.2179975,16.19531116,1379.999995,Calcareous,2.092717399,6.679312,0.233476895,1.14,7.680684852,1.3332554,0.911215675,0,12.44031168,12.22882638,0.596
QY267,QY267,2002,168.2179975,15.89501811,1379.999995,Calcareous,2.087644935,6.69788,0.236419727,2.09,7.916977655,1.3332554,0.894478039,0,12.47691833,12.26481072,0.6145
QY267,QY267,2003,168.2179975,15.59472506,1379.999995,Calcareous,2.085760877,6.65784,0.239322743,0.85,8.153270459,1.3332554,1.108134165,0,12.9782788,12.75764806,0.633
QY267,QY267,2004,168.2179975,15.294432,1379.999995,Calcareous,2.086123196,6.681512,0.242509559,1.31,8.389563262,1.3332554,1.238375774,0,13.98719959,13.7494172,0.6515
QY267,QY267,2005,168.2179975,14.99413895,1379.999995,Calcareous,2.087427543,6.671392,0.245737011,1.31,8.625856065,1.3332554,1.37647536,0,13.11857348,12.89555773,0.67
QY267,QY267,2006,168.2179975,14.6938459,1379.999995,Calcareous,2.089492761,6.684768,0.249126841,1.55,8.862148868,1.3332554,1.380902923,0,11.90466099,11.70228175,0.6885
QY267,QY267,2007,168.2179975,14.39355285,1379.999995,Calcareous,2.087862326,6.676496,0.25262584,1.18,9.098441672,1.3332554,1.394983745,0,11.74593953,11.54625855,0.707
QY267,QY267,2008,168.2179975,14.09325979,1379.999995,Calcareous,2.084239138,6.670952,0.256270288,1.11,9.334734475,1.3332554,1.413550457,0,11.62258995,11.42500592,0.7255
QY267,QY267,2009,168.2179975,13.79296674,1379.999995,Calcareous,2.08735508,6.663032,0.260017592,0.95,9.571027278,1.3332554,1.450637637,0,10.97213884,10.78561248,0.744
QY267,QY267,2010,168.2179975,13.49267369,1379.999995,Calcareous,2.090543485,6.660128,0.263908065,0.91,9.571027278,1.3332554,1.468998569,0,10.26725275,10.09270945,0.7625
QY267,QY267,2011,168.2179975,13.19238064,1379.999995,Calcareous,2.095217399,6.624576,0.267838533,0.6,8.862062294,1.3332554,1.516187176,0,10.43267526,10.25531978,0.781
QY267,QY267,2012,168.2179975,12.89208758,1379.999995,Calcareous,2.099492761,6.64816,0.27155717,0.98,8.153097311,1.3332554,1.547398318,0,10.6092074,10.42885088,0.7995
QY267,QY267,2013,168.2179975,12.59179453,1379.999995,Calcareous,2.093333341,6.603896,0.274973511,0.43,7.444132327,1.3332554,1.575526782,0,10.6287304,10.44804198,0.818
QY267,QY267,2014,168.2179975,12.29150148,1379.999995,Calcareous,2.096304355,6.666112,0.278219501,1.16,6.735167344,1.3332554,1.659759405,0,10.58106172,10.40118367,0.8365
QY267,QY267,2015,168.2179975,11.99120843,1379.999995,Calcareous,2.100579717,6.6508,0.281146906,0.93,6.02620236,1.3332554,2.019439904,0,10.58199538,10.40210146,0.84
QY267,QY267,2016,168.2179975,11.69091537,1379.999995,Calcareous,2.101702906,6.661712,0.283970267,1.24,5.317237377,1.3332554,2.066142812,0,10.58297563,10.40306504,0.84
QY267,QY267,2017,168.2179975,11.39062232,1379.999995,Calcareous,2.100724645,6.65212,0.28649592,0.95,4.608272393,1.3332554,1.914269916,0,10.94431104,10.75825775,0.84
QY267,QY267,2018,168.2179975,11.09032927,1379.999995,Calcareous,2.11967392,6.650184,0.288728832,0.93,3.89930741,1.3332554,1.999866182,0,10.39229669,10.21562765,0.84
QY267,QY267,2019,168.2179975,10.79003622,1379.999995,Calcareous,2.114021746,6.64728,0.2907494,0.91,3.190342426,1.3332554,1.99334088,0,10.16169848,9.988949603,0.84
QY270,QY270,1985,249.5,21,1379.999995,Calcareous,3.248695663,6.700784,0.406252464,1.47,5.163778925,1.207096556,0.218480633,0,8.393124447,8.250441332,0.3
QY270,QY270,1986,249.5,20.58479304,1379.999995,Calcareous,3.206557982,6.699464,0.407950576,1.48,5.163778925,1.207096556,0.227252177,0,8.941292215,8.789290247,0.3185
QY270,QY270,1987,249.5,20.16958608,1379.999995,Calcareous,3.168550736,6.697704,0.409606666,1.53,5.163778925,1.207096556,0.271079376,0,8.114461789,7.976515939,0.337
QY270,QY270,1988,249.5,19.75437912,1379.999995,Calcareous,3.127753634,6.694008,0.411311517,1.2,5.163778925,1.207096556,0.280110906,0,8.171971077,8.033047569,0.3555
QY270,QY270,1989,249.5,19.33917216,1379.999995,Calcareous,3.089239141,6.692336,0.41305111,1.2,5.163778925,1.207096556,0.316148948,0,8.17141429,8.032500247,0.374
QY270,QY270,1990,249.5,18.9239652,1379.999995,Calcareous,3.0519203,6.695152,0.414794435,1.47,5.163778925,1.207096556,0.352535968,0,8,7.864,0.3925
QY270,QY270,1991,249.5,18.50875824,1379.999995,Calcareous,3.016050735,6.692512,0.416516537,1.48,5.41653471,1.207096556,0.366536228,0,7.883555119,7.749534682,0.411
QY270,QY270,1992,249.5,18.09355127,1379.999995,Calcareous,2.980942039,6.691544,0.41833091,1.53,5.669290495,1.207096556,0.37765338,0,8.341791284,8.199980833,0.4295
QY270,QY270,1993,249.5,17.67834431,1379.999995,Calcareous,2.945652184,6.689168,0.420195245,1.2,5.92204628,1.207096556,0.394887087,0,8.341791284,8.199980833,0.448
QY270,QY270,1994,249.5,17.26313735,1379.999995,Calcareous,2.910833343,6.702544,0.422198661,1.95,6.174802065,1.207096556,0.387489085,0,8.273540462,8.132890274,0.4665
QY270,QY270,1995,249.5,16.84793039,1379.999995,Calcareous,2.882898561,6.68336,0.424179652,0.89,6.42755785,1.207096556,0.451908563,0,8.222777943,8.082990718,0.485
QY270,QY270,1996,249.5,16.43272343,1379.999995,Calcareous,2.858043488,6.692952,0.426426073,1.47,6.680313635,1.207096556,0.447498188,0,8.06036808,7.923341823,0.5035
QY270,QY270,1997,249.5,16.01751647,1379.999995,Calcareous,2.831956532,6.699464,0.428678194,1.98,6.93306942,1.207096556,0.430295518,0,8.266988007,8.126449211,0.522
QY270,QY270,1998,249.5,15.60230951,1379.999995,Calcareous,2.806884068,6.6926,0.430916459,1.33,7.185825205,1.207096556,0.452137499,0,8.443002891,8.299471841,0.5405
QY270,QY270,1999,249.5,15.18710255,1379.999995,Calcareous,2.791268126,6.687496,0.433340329,1,7.43858099,1.207096556,0.460134788,0,8.405072901,8.262186662,0.559
QY270,QY270,2000,249.5,14.77189559,1379.999995,Calcareous,2.777608705,6.68952,0.435909744,1.41,7.691336775,1.207096556,0.4702463,0,8.35789763,8.21581337,0.5775
QY270,QY270,2001,249.5,14.35668863,1379.999995,Calcareous,2.751231894,6.684944,0.438503891,1.14,7.94409256,1.207096556,0.47767002,0,8.293541121,8.152550922,0.596
QY270,QY270,2002,249.5,13.94148167,1379.999995,Calcareous,2.724782618,6.7036,0.441240041,2.09,8.196848345,1.207096556,0.461721484,0,8.317945555,8.176540481,0.6145
QY270,QY270,2003,249.5,13.52627471,1379.999995,Calcareous,2.700942038,6.666464,0.443896633,0.85,8.44960413,1.207096556,0.56321158,0,8.652185868,8.505098709,0.633
QY270,QY270,2004,249.5,13.11106775,1379.999995,Calcareous,2.678985517,6.692512,0.446854198,1.31,8.702359915,1.207096556,0.617005102,0,9.324799729,9.166278133,0.6515
QY270,QY270,2005,249.5,12.69586078,1379.999995,Calcareous,2.658043487,6.68292,0.449804956,1.31,8.9551157,1.207096556,0.676742129,0,8.745715653,8.597038487,0.67
QY270,QY270,2006,249.5,12.28065382,1379.999995,Calcareous,2.637971024,6.695944,0.452893987,1.55,9.207871485,1.207096556,0.677384676,0,7.936440658,7.801521167,0.6885
QY270,QY270,2007,249.5,11.86544686,1379.999995,Calcareous,2.61579711,6.689344,0.456086799,1.18,9.46062727,1.207096556,0.687984464,0,7.83062635,7.697505702,0.707
QY270,QY270,2008,249.5,11.4502399,1379.999995,Calcareous,2.592681168,6.685648,0.459446522,1.11,9.713383055,1.207096556,0.697996348,0,7.7483933,7.616670614,0.7255
QY270,QY270,2009,249.5,11.03503294,1379.999995,Calcareous,2.574420299,6.679928,0.462914063,0.95,9.96613884,1.207096556,0.71772272,0,7.314759226,7.19040832,0.744
QY270,QY270,2010,249.5,10.61982598,1379.999995,Calcareous,2.556594212,6.679488,0.466534474,0.91,9.96613884,1.207096556,0.727768924,0,6.844835166,6.728472968,0.7625
QY270,QY270,2011,249.5,10.20461902,1379.999995,Calcareous,2.540072473,6.649128,0.47019558,0.6,9.227906333,1.207096556,0.753632657,0,6.95511684,6.836879854,0.781
QY270,QY270,2012,249.5,9.789412059,1379.999995,Calcareous,2.523586965,6.667344,0.473641371,0.98,8.489673827,1.207096556,0.771932669,0,7.072804937,6.952567253,0.7995
QY270,QY270,2013,249.5,9.374205098,1379.999995,Calcareous,2.500507255,6.634608,0.476740972,0.43,7.75144132,1.207096556,0.785062676,0,7.085820268,6.965361323,0.818
QY270,QY270,2014,249.5,8.958998137,1379.999995,Calcareous,2.48387682,6.68732,0.479689256,1.16,7.013208813,1.207096556,0.831344725,0,7.054041147,6.934122447,0.8365
QY270,QY270,2015,249.5,8.543791176,1379.999995,Calcareous,2.468442038,6.674032,0.48224605,0.93,6.274976307,1.207096556,0.951669639,0,7.054663585,6.934734304,0.84
QY270,QY270,2016,249.5,8.128584216,1379.999995,Calcareous,2.451231893,6.682744,0.484610946,1.24,5.5367438,1.207096556,0.971584703,0,7.055317086,6.935376696,0.84
QY270,QY270,2017,249.5,7.713377255,1379.999995,Calcareous,2.432898559,6.67632,0.486630794,0.95,4.798511293,1.207096556,0.91790514,0,7.29620736,7.172171835,0.84
QY270,QY270,2018,249.5,7.298170294,1379.999995,Calcareous,2.428188414,6.675792,0.488396582,0.93,4.060278787,1.207096556,0.94702361,0,6.928197795,6.810418433,0.84
QY270,QY270,2019,249.5,6.882963333,1379.999995,Calcareous,2.407282617,6.673768,0.489918817,0.91,3.32204628,1.207096556,0.945474777,0,6.774465652,6.659299736,0.84
QY274,QY274,1985,182.6476553,21,1379.999995,Calcareous,2.171630442,6.703248,0.117472391,1.47,5.153609181,1.377063064,0.489117788,0,11.54054611,11.34435683,0.3
QY274,QY274,1986,182.6476553,21.02921461,1379.999995,Calcareous,2.15217392,6.700432,0.119746804,1.48,5.153609181,1.377063064,0.527278468,0,12.2942768,12.08527409,0.3185
QY274,QY274,1987,182.6476553,21.05842922,1379.999995,Calcareous,2.138079718,6.699376,0.122014221,1.53,5.153609181,1.377063064,0.622290505,0,11.15738496,10.96770942,0.337
QY274,QY274,1988,182.6476553,21.08764382,1379.999995,Calcareous,2.119710152,6.692776,0.124325308,1.2,5.153609181,1.377063064,0.624080784,0,11.23646023,11.04544041,0.3555
QY274,QY274,1989,182.6476553,21.11685843,1379.999995,Calcareous,2.103876819,6.690136,0.126648971,1.2,5.153609181,1.377063064,0.703596817,0,11.23569465,11.04468784,0.374
QY274,QY274,1990,182.6476553,21.14607304,1379.999995,Calcareous,2.08909421,6.693656,0.128995012,1.47,5.153609181,1.377063064,0.784062341,0,11,10.813,0.3925
QY274,QY274,1991,182.6476553,21.17528765,1379.999995,Calcareous,2.075652181,6.690488,0.13135189,1.48,5.404331017,1.377063064,0.803443926,0,10.83988829,10.65561019,0.411
QY274,QY274,1992,182.6476553,21.20450225,1379.999995,Calcareous,2.062644935,6.690576,0.133802136,1.53,5.655052853,1.377063064,0.820984009,0,11.46996302,11.27497364,0.4295
QY274,QY274,1993,182.6476553,21.23371686,1379.999995,Calcareous,2.048768123,6.684416,0.136328877,1.2,5.905774689,1.377063064,0.857101724,0,11.46996302,11.27497364,0.448
QY274,QY274,1994,182.6476553,21.26293147,1379.999995,Calcareous,2.034927543,6.697352,0.138975919,1.95,6.156496525,1.377063064,0.827715611,0,11.37611814,11.18272413,0.4665
QY274,QY274,1995,182.6476553,21.29214608,1379.999995,Calcareous,2.029963775,6.677816,0.141646999,0.89,6.407218361,1.377063064,1.000584972,0,11.30631967,11.11411224,0.485
QY274,QY274,1996,182.6476553,21.32136069,1379.999995,Calcareous,2.028695659,6.686968,0.144541936,1.47,6.657940197,1.377063064,0.952907831,0,11.08300611,10.89459501,0.5035
QY274,QY274,1997,182.6476553,21.35057529,1379.999995,Calcareous,2.025217398,6.694184,0.147466837,1.98,6.908662034,1.377063064,0.897241719,0,11.36710851,11.17386767,0.522
QY274,QY274,1998,182.6476553,21.3797899,1379.999995,Calcareous,2.022608703,6.691016,0.150413841,1.33,7.15938387,1.377063064,0.927285503,0,11.60912897,11.41177378,0.5405
QY274,QY274,1999,182.6476553,21.40900451,1379.999995,Calcareous,2.032427543,6.681952,0.153505441,1,7.410105706,1.377063064,0.946600636,0,11.55697524,11.36050666,0.559
QY274,QY274,2000,182.6476553,21.43821912,1379.999995,Calcareous,2.044601456,6.684152,0.156717093,1.41,7.660827542,1.377063064,1.007534728,0,11.49210924,11.29674338,0.5775
QY274,QY274,2001,182.6476553,21.46743373,1379.999995,Calcareous,2.038804355,6.681336,0.160006137,1.14,7.911549378,1.377063064,0.996462377,0,11.40361904,11.20975752,0.596
QY274,QY274,2002,182.6476553,21.49664833,1379.999995,Calcareous,2.032318848,6.697528,0.163405547,2.09,8.162271214,1.377063064,0.984438096,0,11.43717514,11.24274316,0.6145
QY274,QY274,2003,182.6476553,21.52586294,1379.999995,Calcareous,2.028804355,6.663384,0.166806066,0.85,8.41299305,1.377063064,1.226670338,0,11.89675557,11.69451072,0.633
QY274,QY274,2004,182.6476553,21.55507755,1379.999995,Calcareous,2.027391311,6.682656,0.170473202,1.31,8.663714886,1.377063064,1.372831894,0,12.82159963,12.60363243,0.6515
QY274,QY274,2005,182.6476553,21.58429216,1379.999995,Calcareous,2.026847833,6.673592,0.174223174,1.31,8.914436723,1.377063064,1.530808182,0,12.02535902,11.82092792,0.67
QY274,QY274,2006,182.6476553,21.61350676,1379.999995,Calcareous,2.027065224,6.685208,0.178129246,1.55,9.165158559,1.377063064,1.537878294,0,10.9126059,10.7270916,0.6885
QY274,QY274,2007,182.6476553,21.64272137,1379.999995,Calcareous,2.02391305,6.677992,0.18212715,1.18,9.415880395,1.377063064,1.550923847,0,10.76711123,10.58407034,0.707
QY274,QY274,2008,182.6476553,21.67193598,1379.999995,Calcareous,2.018949282,6.672008,0.18625486,1.11,9.666602231,1.377063064,1.571517539,0,10.65404079,10.47292209,0.7255
QY274,QY274,2009,182.6476553,21.70115059,1379.999995,Calcareous,2.020181166,6.66444,0.19048414,0.95,9.917324067,1.377063064,1.612156144,0,10.05779394,9.886811439,0.744
QY274,QY274,2010,182.6476553,21.7303652,1379.999995,Calcareous,2.021557978,6.660304,0.194842176,0.91,9.917324067,1.377063064,1.632141483,0,9.411648354,9.251650332,0.7625
QY274,QY274,2011,182.6476553,21.7595798,1379.999995,Calcareous,2.024311601,6.627832,0.199221392,0.6,9.182707469,1.377063064,1.681445564,0,9.563285655,9.400709799,0.781
QY274,QY274,2012,182.6476553,21.78879441,1379.999995,Calcareous,2.026702906,6.649568,0.203374763,0.98,8.448090872,1.377063064,1.714155239,0,9.725106788,9.559779972,0.7995
QY274,QY274,2013,182.6476553,21.81800902,1379.999995,Calcareous,2.019637688,6.60856,0.207228114,0.43,7.713474274,1.377063064,1.745964226,0,9.743002868,9.577371819,0.818
QY274,QY274,2014,182.6476553,21.84722363,1379.999995,Calcareous,2.020869572,6.664352,0.210884582,1.16,6.978857677,1.377063064,1.837429389,0,9.699306577,9.534418365,0.8365
QY274,QY274,2015,182.6476553,21.87643824,1379.999995,Calcareous,2.023369572,6.6508,0.21422907,0.93,6.244241079,1.377063064,2.27337959,0,9.70016243,9.535259668,0.84
QY274,QY274,2016,182.6476553,21.90565284,1379.999995,Calcareous,2.023007253,6.660656,0.217483596,1.24,5.509624482,1.377063064,2.326772735,0,9.701060994,9.536142957,0.84
QY274,QY274,2017,182.6476553,21.93486745,1379.999995,Calcareous,2.020760877,6.651504,0.220446345,0.95,4.775007884,1.377063064,2.144898108,0,10.03228512,9.861736274,0.84
QY274,QY274,2018,182.6476553,21.96408206,1379.999995,Calcareous,2.036775369,6.649304,0.223096684,0.93,4.040391287,1.377063064,2.248253573,0,9.526271968,9.364325345,0.84
QY274,QY274,2019,182.6476553,21.99329667,1379.999995,Calcareous,2.03025363,6.646136,0.22552374,0.91,3.305774689,1.377063064,2.23987733,0,9.314890271,9.156537136,0.84
QY278,QY278,1985,235.5,21,1389.999986,Calcareous,2.676187078,6.70844,0.198,1.47,4.983659351,1.664208361,0.240229362,4.075239462,14.68796778,14.43827233,0.3
QY278,QY278,1986,235.5,20.69970695,1389.999986,Calcareous,2.653956862,6.706944,0.201393504,1.48,4.983659351,1.664208361,0.2524256,4.207598022,15.64726138,15.38125793,0.3185
QY278,QY278,1987,235.5,20.3994139,1389.999986,Calcareous,2.638453265,6.706328,0.204796716,1.53,4.983659351,1.664208361,0.308286671,4.58213038,14.20030813,13.95890289,0.337
QY278,QY278,1988,235.5,20.09912084,1389.999986,Calcareous,2.617410099,6.700608,0.208384283,1.2,4.983659351,1.664208361,0.32053816,4.878349715,14.30094939,14.05783325,0.3555
QY278,QY278,1989,235.5,19.79882779,1389.999986,Calcareous,2.599352545,6.698848,0.212095169,1.2,4.983659351,1.664208361,0.370217275,4.886647147,14.29997501,14.05687543,0.374
QY278,QY278,1990,235.5,19.49853474,1389.999986,Calcareous,2.582410099,6.702632,0.215816025,1.47,4.983659351,1.664208361,0.420217447,4.895086365,14,13.762,0.3925
QY278,QY278,1991,235.5,19.19824169,1389.999986,Calcareous,2.566978444,6.699904,0.219536478,1.48,5.200391221,1.664208361,0.439402416,4.651611775,13.79622146,13.56168569,0.411
QY278,QY278,1992,235.5,18.89794863,1389.999986,Calcareous,2.551906501,6.700256,0.223249074,1.53,5.417123091,1.664208361,0.456823162,4.412384546,14.59813475,14.34996646,0.4295
QY278,QY278,1993,235.5,18.59765558,1389.999986,Calcareous,2.536115134,6.696208,0.226919943,1.2,5.633854961,1.664208361,0.475456114,4.922075648,14.59813475,14.34996646,0.448
QY278,QY278,1994,235.5,18.29736253,1389.999986,Calcareous,2.520179882,6.70536,0.230879392,1.95,5.850586831,1.664208361,0.466137761,5.039272172,14.47869581,14.23255798,0.4665
QY278,QY278,1995,235.5,17.99706948,1389.999986,Calcareous,2.515503623,6.69524,0.234882332,0.89,6.067318701,1.664208361,0.542293667,5.198673775,14.3898614,14.14523376,0.485
QY278,QY278,1996,235.5,17.69677642,1389.999986,Calcareous,2.515575565,6.698584,0.239141719,1.47,6.284050571,1.664208361,0.535132026,5.54548007,14.10564414,13.86584819,0.5035
QY278,QY278,1997,235.5,17.39648337,1389.999986,Calcareous,2.513021609,6.7036,0.24354713,1.98,6.500782442,1.664208361,0.510393139,6.106458048,14.46722901,14.22128612,0.522
QY278,QY278,1998,235.5,17.09619032,1389.999986,Calcareous,2.51158276,6.7036,0.248155052,1.33,6.717514312,1.664208361,0.534400262,6.555543033,14.77525506,14.52407572,0.5405
QY278,QY278,1999,235.5,16.79589727,1389.999986,Calcareous,2.525935278,6.698056,0.253063116,1,6.934246182,1.664208361,0.546449044,7.075766734,14.70887758,14.45882666,0.559
QY278,QY278,2000,235.5,16.49560421,1389.999986,Calcareous,2.543093551,6.697616,0.258270083,1.41,7.150978052,1.664208361,0.557072115,7.265568676,14.62632085,14.3776734,0.5775
QY278,QY278,2001,235.5,16.19531116,1389.999986,Calcareous,2.537482041,6.696208,0.263582592,1.14,7.367709922,1.664208361,0.561581632,7.489701766,14.51369696,14.26696411,0.596
QY278,QY278,2002,235.5,15.89501811,1389.999986,Calcareous,2.530863335,6.70712,0.269088849,2.09,7.584441792,1.664208361,0.550166485,7.495488291,14.55640472,14.30894584,0.6145
QY278,QY278,2003,235.5,15.59472506,1389.999986,Calcareous,2.527949666,6.684768,0.274559113,0.85,7.801173662,1.664208361,0.678856088,7.565966223,15.14132527,14.88392274,0.633
QY278,QY278,2004,235.5,15.294432,1389.999986,Calcareous,2.527805781,6.700432,0.280282901,1.31,8.017905532,1.664208361,0.736796446,7.886993174,16.31839953,16.04098673,0.6515
QY278,QY278,2005,235.5,14.99413895,1389.999986,Calcareous,2.528848947,6.692424,0.286126544,1.31,8.234637403,1.664208361,0.810698615,8.230749713,15.30500239,15.04481735,0.67
QY278,QY278,2006,235.5,14.6938459,1389.999986,Calcareous,2.530791393,6.702456,0.292223391,1.55,8.451369273,1.664208361,0.814878295,8.552436098,13.88877115,13.65266204,0.6885
QY278,QY278,2007,235.5,14.39355285,1389.999986,Calcareous,2.528453263,6.6992,0.298536904,1.18,8.668101143,1.664208361,0.825094092,8.77776106,13.70359611,13.47063498,0.707
QY278,QY278,2008,235.5,14.09325979,1389.999986,Calcareous,2.522733839,6.694888,0.305060752,1.11,8.884833013,1.664208361,0.837781255,7.246519759,13.55968828,13.32917358,0.7255
QY278,QY278,2009,235.5,13.79296674,1389.999986,Calcareous,2.525431681,6.69128,0.311122592,0.95,9.101564883,1.664208361,0.861426597,7.43287523,12.80082865,12.58321456,0.744
QY278,QY278,2010,235.5,13.49267369,1389.999986,Calcareous,2.528381321,6.688992,0.317380532,0.91,9.101564883,1.664208361,0.873426363,7.625475199,11.97846154,11.77482769,0.7625
QY278,QY278,2011,235.5,13.19238064,1389.999986,Calcareous,2.532913695,6.666904,0.323744348,0.6,8.427374892,1.664208361,0.899727946,7.504427881,12.17145447,11.96453974,0.781
QY278,QY278,2012,235.5,12.89208758,1389.999986,Calcareous,2.537086357,6.67896,0.329857608,0.98,7.7531849,1.664208361,0.919880274,7.622231095,12.37740864,12.16699269,0.7995
QY278,QY278,2013,235.5,12.59179453,1389.999986,Calcareous,2.529172688,6.657576,0.335719345,0.43,7.078994909,1.664208361,0.936147839,7.534795746,12.40018547,12.18938232,0.818
QY278,QY278,2014,235.5,12.29150148,1389.999986,Calcareous,2.531798587,6.693392,0.341387616,1.16,6.404804918,1.664208361,0.991115844,7.52,12.34457201,12.13471428,0.8365
QY278,QY278,2015,235.5,11.99120843,1389.999986,Calcareous,2.535575566,6.685472,0.346733057,0.93,5.730614926,1.664208361,1.163882621,6.854046187,12.34566127,12.13578503,0.84
QY278,QY278,2016,235.5,11.69091537,1389.999986,Calcareous,2.53600722,6.690664,0.351678304,1.24,5.056424935,1.664208361,1.188194689,6.904246041,12.3468049,12.13690922,0.84
QY278,QY278,2017,235.5,11.39062232,1389.999986,Calcareous,2.533992832,6.686352,0.356347558,0.95,4.382234944,1.664208361,1.114102904,6.874991269,12.76836288,12.55130071,0.84
QY278,QY278,2018,235.5,11.09032927,1389.999986,Calcareous,2.554784199,6.686176,0.360750161,0.93,3.708044952,1.664208361,1.155363826,6.386657767,12.12434614,11.91823226,0.84
QY278,QY278,2019,235.5,10.79003622,1389.999986,Calcareous,2.547086357,6.68424,0.364762233,0.91,3.033854961,1.664208361,1.152524012,6.039894797,11.85531489,11.65377454,0.84
QY284,QY284,1985,169.1609632,21,1379.999995,Calcareous,3.646376824,6.705536,0.093027777,1.47,5.114194268,1.37913174,0.100052214,0,8.393124447,8.250441332,0.3
QY284,QY284,1986,169.1609632,21.214537,1379.999995,Calcareous,3.600036244,6.704656,0.09533363,1.48,5.114194268,1.37913174,0.102614754,0,8.941292215,8.789290247,0.3185
QY284,QY284,1987,169.1609632,21.429074,1379.999995,Calcareous,3.55764494,6.704128,0.097633691,1.53,5.114194268,1.37913174,0.12217596,0,8.114461789,7.976515939,0.337
QY284,QY284,1988,169.1609632,21.643611,1379.999995,Calcareous,3.512536244,6.700872,0.099941953,1.2,5.114194268,1.37913174,0.127306979,0,8.171971077,8.033047569,0.3555
QY284,QY284,1989,169.1609632,21.858148,1379.999995,Calcareous,3.469782621,6.700168,0.102256656,1.2,5.114194268,1.37913174,0.142952055,0,8.17141429,8.032500247,0.374
QY284,QY284,1990,169.1609632,22.072685,1379.999995,Calcareous,3.428260881,6.702544,0.104574281,1.47,5.114194268,1.37913174,0.158751717,0,8,7.864,0.3925
QY284,QY284,1991,169.1609632,22.287222,1379.999995,Calcareous,3.388260881,6.699992,0.10688916,1.48,5.357033122,1.37913174,0.165596484,0,7.883555119,7.749534682,0.411
QY284,QY284,1992,169.1609632,22.501759,1379.999995,Calcareous,3.349130446,6.699376,0.109291854,1.53,5.599871975,1.37913174,0.170687125,0,8.341791284,8.199980833,0.4295
QY284,QY284,1993,169.1609632,22.716296,1379.999995,Calcareous,3.309891316,6.696648,0.111776478,1.2,5.842710829,1.37913174,0.178770517,0,8.341791284,8.199980833,0.448
QY284,QY284,1994,169.1609632,22.930833,1379.999995,Calcareous,3.271159432,6.70668,0.114358487,1.95,6.085549683,1.37913174,0.176335326,0,8.273540462,8.132890274,0.4665
QY284,QY284,1995,169.1609632,23.14537,1379.999995,Calcareous,3.239456533,6.695064,0.11700281,0.89,6.328388536,1.37913174,0.203458331,0,8.222777943,8.082990718,0.485
QY284,QY284,1996,169.1609632,23.359907,1379.999995,Calcareous,3.210905808,6.699904,0.119774692,1.47,6.57122739,1.37913174,0.204137513,0,8.06036808,7.923341823,0.5035
QY284,QY284,1997,169.1609632,23.574444,1379.999995,Calcareous,3.181340591,6.70448,0.122614274,1.98,6.814066244,1.37913174,0.19792825,0,8.266988007,8.126449211,0.522
QY284,QY284,1998,169.1609632,23.788981,1379.999995,Calcareous,3.152826098,6.702808,0.125517386,1.33,7.056905097,1.37913174,0.20917037,0,8.443002891,8.299471841,0.5405
QY284,QY284,1999,169.1609632,24.003518,1379.999995,Calcareous,3.133913054,6.698144,0.128530605,1,7.299743951,1.37913174,0.212437261,0,8.405072901,8.262186662,0.559
QY284,QY284,2000,169.1609632,24.218055,1379.999995,Calcareous,3.117173924,6.69832,0.131642087,1.41,7.542582804,1.37913174,0.214597473,0,8.35789763,8.21581337,0.5775
QY284,QY284,2001,169.1609632,24.432592,1379.999995,Calcareous,3.08786233,6.696208,0.134824068,1.14,7.785421658,1.37913174,0.220156329,0,8.293541121,8.152550922,0.596
QY284,QY284,2002,169.1609632,24.647129,1379.999995,Calcareous,3.058478271,6.708792,0.138104474,2.09,8.028260512,1.37913174,0.210727718,0,8.317945555,8.176540481,0.6145
QY284,QY284,2003,169.1609632,24.861666,1379.999995,Calcareous,3.031702909,6.683536,0.141427835,0.85,8.271099365,1.37913174,0.25462781,0,8.652185868,8.505098709,0.633
QY284,QY284,2004,169.1609632,25.076203,1379.999995,Calcareous,3.0069203,6.702456,0.14489822,1.31,8.513938219,1.37913174,0.277683858,0,9.324799729,9.166278133,0.6515
QY284,QY284,2005,169.1609632,25.29074,1379.999995,Calcareous,2.983188416,6.694448,0.14843715,1.31,8.756777073,1.37913174,0.302683173,0,8.745715653,8.597038487,0.67
QY284,QY284,2006,169.1609632,25.505277,1379.999995,Calcareous,2.960434793,6.70492,0.152073595,1.55,8.999615926,1.37913174,0.302284453,0,7.936440658,7.801521167,0.6885
QY284,QY284,2007,169.1609632,25.719814,1379.999995,Calcareous,2.935652184,6.701752,0.155791897,1.18,9.24245478,1.37913174,0.307974419,0,7.83062635,7.697505702,0.707
QY284,QY284,2008,169.1609632,25.934351,1379.999995,Calcareous,2.909963778,6.698408,0.159615674,1.11,9.485293633,1.37913174,0.312522826,0,7.7483933,7.616670614,0.7255
QY284,QY284,2009,169.1609632,26.148888,1379.999995,Calcareous,2.889166677,6.694976,0.163529646,0.95,9.728132487,1.37913174,0.32160612,0,7.314759226,7.19040832,0.744
QY284,QY284,2010,169.1609632,26.363425,1379.999995,Calcareous,2.868876822,6.694272,0.16754419,0.91,9.728132487,1.37913174,0.326282688,0,6.844835166,6.728472968,0.7625
QY284,QY284,2011,169.1609632,26.577962,1379.999995,Calcareous,2.85000001,6.67236,0.17156457,0.6,9.007530081,1.37913174,0.338890462,0,6.95511684,6.836879854,0.781
QY284,QY284,2012,169.1609632,26.792499,1379.999995,Calcareous,2.831231894,6.683624,0.175340751,0.98,8.286927674,1.37913174,0.347810682,0,7.072804937,6.952567253,0.7995
QY284,QY284,2013,169.1609632,27.007036,1379.999995,Calcareous,2.805942039,6.665496,0.178833414,0.43,7.566325268,1.37913174,0.353494655,0,7.085820268,6.965361323,0.818
QY284,QY284,2014,169.1609632,27.221573,1379.999995,Calcareous,2.787065227,6.69964,0.182098482,1.16,6.845722861,1.37913174,0.375108215,0,7.054041147,6.934122447,0.8365
QY284,QY284,2015,169.1609632,27.43611,1379.999995,Calcareous,2.769492763,6.691368,0.185065005,0.93,6.125120455,1.37913174,0.415503087,0,7.054663585,6.934734304,0.84
QY284,QY284,2016,169.1609632,27.650647,1379.999995,Calcareous,2.750144937,6.696384,0.18779493,1.24,5.404518048,1.37913174,0.423819804,0,7.055317086,6.935376696,0.84
QY284,QY284,2017,169.1609632,27.865184,1379.999995,Calcareous,2.729782618,6.69304,0.190241736,0.95,4.683915642,1.37913174,0.404692692,0,7.29620736,7.172171835,0.84
QY284,QY284,2018,169.1609632,28.079721,1379.999995,Calcareous,2.72307972,6.692952,0.192432906,0.93,3.963313235,1.37913174,0.414660056,0,6.928197795,6.810418433,0.84
QY284,QY284,2019,169.1609632,28.294258,1379.999995,Calcareous,2.700326096,6.69128,0.194367907,0.91,3.242710829,1.37913174,0.414379014,0,6.774465652,6.659299736,0.84
QY285,QY285,1985,229.5576679,47,1230.000019,Calcareous,3.541300758,6.704304,0.292642562,1.47,5.13459664,1.390191365,0.162540551,0,8.393124447,8.250441332,0.3
QY285,QY285,1986,229.5576679,46.15261123,1230.000019,Calcareous,3.498617832,6.703072,0.295016221,1.48,5.13459664,1.390191365,0.167962918,0,8.941292215,8.789290247,0.3185
QY285,QY285,1987,229.5576679,45.30522245,1230.000019,Calcareous,3.460447101,6.70228,0.297369898,1.53,5.13459664,1.390191365,0.200182205,0,8.114461789,7.976515939,0.337
QY285,QY285,1988,229.5576679,44.45783368,1230.000019,Calcareous,3.419146288,6.698496,0.299747944,1.2,5.13459664,1.390191365,0.207656171,0,8.171971077,8.033047569,0.3555
QY285,QY285,1989,229.5576679,43.6104449,1230.000019,Calcareous,3.3802845,6.697176,0.302151053,1.2,5.13459664,1.390191365,0.233815797,0,8.17141429,8.032500247,0.374
QY285,QY285,1990,229.5576679,42.76305613,1230.000019,Calcareous,3.342723525,6.699816,0.304559008,1.47,5.13459664,1.390191365,0.260231083,0,8,7.864,0.3925
QY285,QY285,1991,229.5576679,41.91566735,1230.000019,Calcareous,3.306707266,6.697176,0.306951995,1.48,5.381515968,1.390191365,0.270975493,0,7.883555119,7.749534682,0.411
QY285,QY285,1992,229.5576679,41.06827858,1230.000019,Calcareous,3.271463364,6.696648,0.309445321,1.53,5.628435296,1.390191365,0.279245884,0,8.341791284,8.199980833,0.4295
QY285,QY285,1993,229.5576679,40.2208898,1230.000019,Calcareous,3.23597556,6.694008,0.312018436,1.2,5.875354624,1.390191365,0.292212168,0,8.341791284,8.199980833,0.448
QY285,QY285,1994,229.5576679,39.37350103,1230.000019,Calcareous,3.20093491,6.705184,0.314724956,1.95,6.122273952,1.390191365,0.287431092,0,8.273540462,8.132890274,0.4665
QY285,QY285,1995,229.5576679,38.52611225,1230.000019,Calcareous,3.173617837,6.691104,0.317451086,0.89,6.36919328,1.390191365,0.333552819,0,8.222777943,8.082990718,0.485
QY285,QY285,1996,229.5576679,37.67872348,1230.000019,Calcareous,3.149756049,6.69744,0.320401291,1.47,6.616112608,1.390191365,0.332319119,0,8.06036808,7.923341823,0.5035
QY285,QY285,1997,229.5576679,36.83133471,1230.000019,Calcareous,3.124593447,6.702632,0.323389151,1.98,6.863031936,1.390191365,0.320786895,0,8.266988007,8.126449211,0.522
QY285,QY285,1998,229.5576679,35.98394593,1230.000019,Calcareous,3.100528407,6.699728,0.326406042,1.33,7.109951264,1.390191365,0.337976875,0,8.443002891,8.299471841,0.5405
QY285,QY285,1999,229.5576679,35.13655716,1230.000019,Calcareous,3.087032472,6.694536,0.32959357,1,7.356870592,1.390191365,0.343626545,0,8.405072901,8.262186662,0.559
QY285,QY285,2000,229.5576679,34.28916838,1230.000019,Calcareous,3.075975562,6.694976,0.332917846,1.41,7.60378992,1.390191365,0.349275064,0,8.35789763,8.21581337,0.5775
QY285,QY285,2001,229.5576679,33.44177961,1230.000019,Calcareous,3.05073166,6.692512,0.336293694,1.14,7.850709248,1.390191365,0.356436016,0,8.293541121,8.152550922,0.596
QY285,QY285,2002,229.5576679,32.59439083,1230.000019,Calcareous,3.025243856,6.706768,0.339804685,2.09,8.097628576,1.390191365,0.342958857,0,8.317945555,8.176540481,0.6145
QY285,QY285,2003,229.5576679,31.74700206,1230.000019,Calcareous,3.002520279,6.678256,0.343292029,0.85,8.344547904,1.390191365,0.416508448,0,8.652185868,8.505098709,0.633
QY285,QY285,2004,229.5576679,30.89961328,1230.000019,Calcareous,2.981869872,6.6992,0.347040975,1.31,8.591467232,1.390191365,0.455331157,0,9.324799729,9.166278133,0.6515
QY285,QY285,2005,229.5576679,30.05222451,1230.000019,Calcareous,2.962317027,6.690488,0.350829204,1.31,8.83838656,1.390191365,0.497984976,0,8.745715653,8.597038487,0.67
QY285,QY285,2006,229.5576679,29.20483574,1230.000019,Calcareous,2.943739792,6.701752,0.354743877,1.55,9.085305888,1.390191365,0.497937302,0,7.936440658,7.801521167,0.6885
QY285,QY285,2007,229.5576679,28.35744696,1230.000019,Calcareous,2.922804833,6.697616,0.358751212,1.18,9.332225216,1.390191365,0.506457192,0,7.83062635,7.697505702,0.707
QY285,QY285,2008,229.5576679,27.51005819,1230.000019,Calcareous,2.900691012,6.694096,0.362911161,1.11,9.579144544,1.390191365,0.513877937,0,7.7483933,7.616670614,0.7255
QY285,QY285,2009,229.5576679,26.66266941,1230.000019,Calcareous,2.883983695,6.68996,0.367181381,0.95,9.826063872,1.390191365,0.528591239,0,7.314759226,7.19040832,0.744
QY285,QY285,2010,229.5576679,25.81528064,1230.000019,Calcareous,2.867723533,6.688816,0.371589193,0.91,9.826063872,1.390191365,0.53612282,0,6.844835166,6.728472968,0.7625
QY285,QY285,2011,229.5576679,24.96789186,1230.000019,Calcareous,2.852926785,6.664968,0.376017207,0.6,9.098207289,1.390191365,0.555943645,0,6.95511684,6.836879854,0.781
QY285,QY285,2012,229.5576679,24.12050309,1230.000019,Calcareous,2.838170688,6.678696,0.380192708,0.98,8.370350706,1.390191365,0.56996761,0,7.072804937,6.952567253,0.7995
QY285,QY285,2013,229.5576679,23.27311431,1230.000019,Calcareous,2.816016216,6.656256,0.384015646,0.43,7.642494123,1.390191365,0.579486317,0,7.085820268,6.965361323,0.818
QY285,QY285,2014,229.5576679,22.42572554,1230.000019,Calcareous,2.800894266,6.695152,0.387629548,1.16,6.91463754,1.390191365,0.614236037,0,7.054041147,6.934122447,0.8365
QY285,QY285,2015,229.5576679,21.57833676,1230.000019,Calcareous,2.787113778,6.685296,0.390851793,0.93,6.186780956,1.390191365,0.692595474,0,7.054663585,6.934734304,0.84
QY285,QY285,2016,229.5576679,20.73094799,1230.000019,Calcareous,2.77134142,6.69128,0.393836939,1.24,5.458924373,1.390191365,0.706802061,0,7.055317086,6.935376696,0.84
QY285,QY285,2017,229.5576679,19.88355922,1230.000019,Calcareous,2.75426825,6.686968,0.396472473,0.95,4.73106779,1.390191365,0.671005115,0,7.29620736,7.172171835,0.84
QY285,QY285,2018,229.5576679,19.03617044,1230.000019,Calcareous,2.752357681,6.686352,0.398829164,0.93,4.003211207,1.390191365,0.690113543,0,6.928197795,6.810418433,0.84
QY285,QY285,2019,229.5576679,18.18878167,1230.000019,Calcareous,2.732520283,6.68468,0.400904005,0.91,3.275354624,1.390191365,0.689286147,0,6.774465652,6.659299736,0.84
QY291,QY291,1985,100,48,1250,Non-calcareous,1.94764,6.061024,0.282195879,1.47,5.929605925,1.404456085,0.136952264,0,13.63882723,13.40696716,0.3
QY291,QY291,1986,100,46.69839132,1250,Non-calcareous,1.93708,5.974432,0.281652677,1.48,5.929605925,1.404456085,0.143670723,0,14.52959985,14.28259665,0.3185
QY291,QY291,1987,100,45.39678265,1250,Non-calcareous,1.9334,5.908168,0.280600805,1.53,5.929605925,1.404456085,0.174112185,0,13.18600041,12.9618384,0.337
QY291,QY291,1988,100,44.09517397,1250,Non-calcareous,1.924,5.857392,0.279579814,1.2,5.929605925,1.404456085,0.180463704,0,13.279453,13.0537023,0.3555
QY291,QY291,1989,100,42.79356529,1250,Non-calcareous,1.91772,5.812072,0.278614036,1.2,5.929605925,1.404456085,0.206979284,0,13.27854822,13.0528129,0.374
QY291,QY291,1990,100,41.49195662,1250,Non-calcareous,1.91252,5.776168,0.277503018,1.47,5.929605925,1.404456085,0.233691067,0,13,12.779,0.3925
QY291,QY291,1991,100,40.19034794,1250,Non-calcareous,1.90892,5.73252,0.276126771,1.48,6.33552711,1.404456085,0.243810162,0,12.81077707,12.59299386,0.411
QY291,QY291,1992,100,38.88873926,1250,Non-calcareous,1.9056,5.695648,0.274797492,1.53,6.741448295,1.404456085,0.252727755,0,13.55541084,13.32496885,0.4295
QY291,QY291,1993,100,37.58713059,1250,Non-calcareous,1.90092,5.687816,0.273271407,1.2,7.14736948,1.404456085,0.263377281,0,13.55541084,13.32496885,0.448
QY291,QY291,1994,100,36.28552191,1250,Non-calcareous,1.89604,5.693888,0.272246463,1.95,7.553290665,1.404456085,0.258123484,0,13.44450325,13.2159467,0.4665
QY291,QY291,1995,100,34.98391324,1250,Non-calcareous,1.90256,5.610112,0.270754751,0.89,7.95921185,1.404456085,0.300930991,0,13.36201416,13.13485992,0.485
QY291,QY291,1996,100,33.68230456,1250,Non-calcareous,1.91368,5.624104,0.270189909,1.47,8.365133035,1.404456085,0.296810714,0,13.09809813,12.87543046,0.5035
QY291,QY291,1997,100,32.38069588,1250,Non-calcareous,1.92176,5.631848,0.269361323,1.98,8.77105422,1.404456085,0.283541411,0,13.43385551,13.20547997,0.522
QY291,QY291,1998,100,31.07908721,1250,Non-calcareous,1.93076,5.588464,0.268202849,1.33,9.176975405,1.404456085,0.297004977,0,13.7198797,13.48664174,0.5405
QY291,QY291,1999,100,29.77747853,1250,Non-calcareous,1.95576,5.559248,0.267694694,1,9.58289659,1.404456085,0.303310355,0,13.65824346,13.42605333,0.559
QY291,QY291,2000,100,28.47586985,1250,Non-calcareous,1.98376,5.54068,0.267679224,1.41,9.988817775,1.404456085,0.309910236,0,13.58158365,13.35069673,0.5775
QY291,QY291,2001,100,27.17426118,1250,Non-calcareous,1.98812,5.54288,0.267405524,1.14,10.39473896,1.404456085,0.312802877,0,13.47700432,13.24789525,0.596
QY291,QY291,2002,100,25.8726525,1250,Non-calcareous,1.99132,5.579312,0.267771669,2.09,10.80066015,1.404456085,0.305485787,0,13.51666153,13.28687828,0.6145
QY291,QY291,2003,100,24.57104382,1250,Non-calcareous,1.9982,5.461216,0.26747958,0.85,11.20658133,1.404456085,0.375981511,0,14.05980204,13.8207854,0.633
QY291,QY291,2004,100,23.26943515,1250,Non-calcareous,2.00764,5.496416,0.268155114,1.31,11.61250252,1.404456085,0.409534142,0,15.15279956,14.89520197,0.6515
QY291,QY291,2005,100,21.96782647,1250,Non-calcareous,2.018,5.477232,0.26840237,1.31,12.0184237,1.404456085,0.450488333,0,14.21178794,13.97018754,0.67
QY291,QY291,2006,100,20.66621779,1250,Non-calcareous,2.0292,5.489464,0.26902449,1.55,12.42434489,1.404456085,0.452318997,0,12.89671607,12.6774719,0.6885
QY291,QY291,2007,100,19.36460912,1250,Non-calcareous,2.0358,5.464208,0.269946014,1.18,12.83026607,1.404456085,0.458272364,0,12.72476782,12.50844677,0.707
QY291,QY291,2008,100,18.06300044,1250,Non-calcareous,2.03992,5.467992,0.271469395,1.11,13.23618726,1.404456085,0.465184304,0,12.59113911,12.37708975,0.7255
QY291,QY291,2009,100,16.76139176,1250,Non-calcareous,2.05188,5.441944,0.27333416,0.95,13.64210844,1.404456085,0.478273813,0,11.88648374,11.68441352,0.744
QY291,QY291,2010,100,15.45978309,1250,Non-calcareous,2.06384,5.456112,0.275650448,0.91,13.64210844,1.404456085,0.484914985,0,11.12285715,10.93376857,0.7625
QY291,QY291,2011,100,14.15817441,1250,Non-calcareous,2.07748,5.403664,0.278285725,0.6,12.63158189,1.404456085,0.500187867,0,11.30206487,11.10992976,0.781
QY291,QY291,2012,100,12.85656574,1250,Non-calcareous,2.09048,5.447664,0.280757683,0.98,11.62105534,1.404456085,0.511572799,0,11.49330802,11.29792179,0.7995
QY291,QY291,2013,100,11.55495706,1250,Non-calcareous,2.09092,5.389496,0.282476108,0.43,10.61052879,1.404456085,0.520549186,0,11.51445794,11.31871215,0.818
QY291,QY291,2014,100,10.25334838,1250,Non-calcareous,2.10208,5.489112,0.284404534,1.16,9.600002236,1.404456085,0.551014308,0,11.46281686,11.26794898,0.8365
QY291,QY291,2015,100,8.951739706,1250,Non-calcareous,2.11468,5.42628,0.285347862,0.93,8.589475684,1.404456085,0.644275274,0,11.46382833,11.26894324,0.84
QY291,QY291,2016,100,7.650131029,1250,Non-calcareous,2.12344,5.457256,0.285973668,1.24,7.578949133,1.404456085,0.657809701,0,11.46489027,11.26998713,0.84
QY291,QY291,2017,100,6.348522353,1250,Non-calcareous,2.12952,5.451008,0.285897663,0.95,6.568422582,1.404456085,0.617522906,0,11.85633696,11.65477923,0.84
QY291,QY291,2018,100,5.046913676,1250,Non-calcareous,2.15928,5.413784,0.285658664,0.93,5.557896031,1.404456085,0.63985155,0,11.25832142,11.06692995,0.84
QY291,QY291,2019,100,3.745305,1250,Non-calcareous,2.15964,5.431736,0.28501105,0.91,4.54736948,1.404456085,0.638376854,0,11.00850668,10.82136207,0.84
QY293,QY293,1985,177.0811153,21,1379.999995,Calcareous,2.823188416,6.708352,0.13780101,1.47,5.311607534,1.36587176,0.119956346,0,9.442265003,9.281746498,0.3
QY293,QY293,1986,177.0811153,20.91355284,1379.999995,Calcareous,2.790289865,6.707032,0.14005145,1.48,5.311607534,1.36587176,0.126051168,0,10.05895374,9.887951528,0.3185
QY293,QY293,1987,177.0811153,20.82710569,1379.999995,Calcareous,2.761920299,6.707208,0.142288301,1.53,5.311607534,1.36587176,0.150562199,0,9.128769513,8.973580431,0.337
QY293,QY293,1988,177.0811153,20.74065853,1379.999995,Calcareous,2.730217401,6.703336,0.144540931,1.2,5.311607534,1.36587176,0.154645967,0,9.193467462,9.037178515,0.3555
QY293,QY293,1989,177.0811153,20.65421137,1379.999995,Calcareous,2.700869575,6.70228,0.146805512,1.2,5.311607534,1.36587176,0.175187364,0,9.192841076,9.036562778,0.374
QY293,QY293,1990,177.0811153,20.56776422,1379.999995,Calcareous,2.672644937,6.705184,0.14907262,1.47,5.311607534,1.36587176,0.195924963,0,9,8.847,0.3925
QY293,QY293,1991,177.0811153,20.48131706,1379.999995,Calcareous,2.645797111,6.702456,0.151331578,1.48,5.593929041,1.36587176,0.203230674,0,8.868999509,8.718226517,0.411
QY293,QY293,1992,177.0811153,20.3948699,1379.999995,Calcareous,2.619601458,6.702632,0.153691574,1.53,5.876250547,1.36587176,0.209334883,0,9.384515195,9.224978437,0.4295
QY293,QY293,1993,177.0811153,20.30842275,1379.999995,Calcareous,2.592934792,6.699288,0.156139372,1.2,6.158572054,1.36587176,0.218628808,0,9.384515195,9.224978437,0.448
QY293,QY293,1994,177.0811153,20.22197559,1379.999995,Calcareous,2.56655798,6.707472,0.158706931,1.95,6.440893561,1.36587176,0.213729239,0,9.30773302,9.149501558,0.4665
QY293,QY293,1995,177.0811153,20.13552843,1379.999995,Calcareous,2.547753632,6.698936,0.1613265,0.89,6.723215068,1.36587176,0.251189272,0,9.250625185,9.093364557,0.485
QY293,QY293,1996,177.0811153,20.04908127,1379.999995,Calcareous,2.532173922,6.701488,0.164123136,1.47,7.005536574,1.36587176,0.246394601,0,9.06791409,8.91375955,0.5035
QY293,QY293,1997,177.0811153,19.96263412,1379.999995,Calcareous,2.515108704,6.705448,0.166981533,1.98,7.287858081,1.36587176,0.235482273,0,9.300361508,9.142255363,0.522
QY293,QY293,1998,177.0811153,19.87618696,1379.999995,Calcareous,2.498913052,6.706768,0.169895676,1.33,7.570179588,1.36587176,0.246384501,0,9.498378252,9.336905822,0.5405
QY293,QY293,1999,177.0811153,19.7897398,1379.999995,Calcareous,2.493188414,6.701752,0.172952844,1,7.852501095,1.36587176,0.251123103,0,9.455707014,9.294959995,0.559
QY293,QY293,2000,177.0811153,19.70329265,1379.999995,Calcareous,2.489601458,6.700872,0.176132852,1.41,8.134822601,1.36587176,0.258846976,0,9.402634834,9.242790042,0.5775
QY293,QY293,2001,177.0811153,19.61684549,1379.999995,Calcareous,2.471521748,6.700344,0.179385307,1.14,8.417144108,1.36587176,0.26102435,0,9.330233761,9.171619787,0.596
QY293,QY293,2002,177.0811153,19.53039833,1379.999995,Calcareous,2.453152182,6.709408,0.182759552,2.09,8.699465615,1.36587176,0.25413642,0,9.35768875,9.198608041,0.6145
QY293,QY293,2003,177.0811153,19.44395118,1379.999995,Calcareous,2.437427545,6.690928,0.18615697,0.85,8.981787122,1.36587176,0.312125188,0,9.733709102,9.568236047,0.633
QY293,QY293,2004,177.0811153,19.35750402,1379.999995,Calcareous,2.423659429,6.704832,0.189758156,1.31,9.264108628,1.36587176,0.34304836,0,10.49039969,10.3120629,0.6515
QY293,QY293,2005,177.0811153,19.27105686,1379.999995,Calcareous,2.410833342,6.697528,0.193419356,1.31,9.546430135,1.36587176,0.377919375,0,9.838930109,9.671668297,0.67
QY293,QY293,2006,177.0811153,19.18460971,1379.999995,Calcareous,2.398840588,6.70668,0.197201031,1.55,9.828751642,1.36587176,0.3788815,0,8.92849574,8.776711313,0.6885
QY293,QY293,2007,177.0811153,19.09816255,1379.999995,Calcareous,2.384311602,6.704832,0.2010806,1.18,10.11107315,1.36587176,0.383966329,0,8.809454644,8.659693915,0.707
QY293,QY293,2008,177.0811153,19.01171539,1379.999995,Calcareous,2.368550733,6.701048,0.205094423,1.11,10.39339466,1.36587176,0.389495419,0,8.716942463,8.568754441,0.7255
QY293,QY293,2009,177.0811153,18.92526824,1379.999995,Calcareous,2.358043486,6.698408,0.209215147,0.95,10.67571616,1.36587176,0.400282449,0,8.22910413,8.089209359,0.744
QY293,QY293,2010,177.0811153,18.83882108,1379.999995,Calcareous,2.347826095,6.69612,0.213462107,0.91,10.67571616,1.36587176,0.405731509,0,7.700439562,7.56953209,0.7625
QY293,QY293,2011,177.0811153,18.75237392,1379.999995,Calcareous,2.338949283,6.678432,0.217721817,0.6,9.884922372,1.36587176,0.419260502,0,7.824506445,7.691489836,0.781
QY293,QY293,2012,177.0811153,18.66592676,1379.999995,Calcareous,2.330000008,6.687144,0.221722168,0.98,9.094128582,1.36587176,0.428833424,0,7.956905554,7.821638159,0.7995
QY293,QY293,2013,177.0811153,18.57947961,1379.999995,Calcareous,2.313442037,6.674208,0.225396074,0.43,8.303334793,1.36587176,0.436331592,0,7.971547801,7.836031489,0.818
QY293,QY293,2014,177.0811153,18.49303245,1379.999995,Calcareous,2.303949283,6.700168,0.228841405,1.16,7.512541003,1.36587176,0.461374308,0,7.93579629,7.800887753,0.8365
QY293,QY293,2015,177.0811153,18.40658529,1379.999995,Calcareous,2.29561595,6.694272,0.231933133,0.93,6.721747213,1.36587176,0.540370804,0,7.936496533,7.801576092,0.84
QY293,QY293,2016,177.0811153,18.32013814,1379.999995,Calcareous,2.285144935,6.697968,0.234784508,1.24,5.930953423,1.36587176,0.552011477,0,7.937231722,7.802298783,0.84
QY293,QY293,2017,177.0811153,18.23369098,1379.999995,Calcareous,2.273297109,6.695504,0.237311703,0.95,5.140159634,1.36587176,0.517742008,0,8.208233281,8.068693315,0.84
QY293,QY293,2018,177.0811153,18.14724382,1379.999995,Calcareous,2.276594211,6.695152,0.239559354,0.93,4.349365844,1.36587176,0.536690352,0,7.79422252,7.661720737,0.84
QY293,QY293,2019,177.0811153,18.06079667,1379.999995,Calcareous,2.261630443,6.693656,0.241531613,0.91,3.558572054,1.36587176,0.535463414,0,7.621273858,7.491712203,0.84
QY295,QY295,1985,185.3333333,10,1580.000043,Calcareous,3.504430285,6.704656,0.120860201,1.47,5.131196791,1.381581936,0.193378988,0,9.442265003,9.281746498,0.3
QY295,QY295,1986,185.3333333,10.02099804,1580.000043,Calcareous,3.456961931,6.703248,0.122826817,1.48,5.131196791,1.381581936,0.204026374,0,10.05895374,9.887951528,0.3185
QY295,QY295,1987,185.3333333,10.04199608,1580.000043,Calcareous,3.413923958,6.702456,0.12478454,1.53,5.131196791,1.381581936,0.243827925,0,9.128769513,8.973580431,0.337
QY295,QY295,1988,185.3333333,10.06299412,1580.000043,Calcareous,3.368354339,6.698408,0.12676085,1.2,5.131196791,1.381581936,0.249848821,0,9.193467462,9.037178515,0.3555
QY295,QY295,1989,185.3333333,10.08399216,1580.000043,Calcareous,3.324683454,6.696912,0.128744073,1.2,5.131196791,1.381581936,0.283448349,0,9.192841076,9.036562778,0.374
QY295,QY295,1990,185.3333333,10.1049902,1580.000043,Calcareous,3.282594848,6.699552,0.130733984,1.47,5.131196791,1.381581936,0.317367124,0,9,8.847,0.3925
QY295,QY295,1991,185.3333333,10.12598824,1580.000043,Calcareous,3.24208852,6.697088,0.132724904,1.48,5.377436149,1.381581936,0.328899518,0,8.868999509,8.718226517,0.411
QY295,QY295,1992,185.3333333,10.14698627,1580.000043,Calcareous,3.202215103,6.696912,0.134794511,1.53,5.623675507,1.381581936,0.338740209,0,9.384515195,9.224978437,0.4295
QY295,QY295,1993,185.3333333,10.16798431,1580.000043,Calcareous,3.162373332,6.693744,0.136932162,1.2,5.869914865,1.381581936,0.353614614,0,9.384515195,9.224978437,0.448
QY295,QY295,1994,185.3333333,10.18898235,1580.000043,Calcareous,3.12303789,6.70448,0.139159948,1.95,6.116154223,1.381581936,0.345177626,0,9.30773302,9.149501558,0.4665
QY295,QY295,1995,185.3333333,10.20998039,1580.000043,Calcareous,3.090601182,6.691192,0.141433387,0.89,6.362393581,1.381581936,0.406910043,0,9.250625185,9.093364557,0.485
QY295,QY295,1996,185.3333333,10.23097843,1580.000043,Calcareous,3.061202448,6.696912,0.143839809,1.47,6.608632939,1.381581936,0.397655131,0,9.06791409,8.91375955,0.5035
QY295,QY295,1997,185.3333333,10.25197647,1580.000043,Calcareous,3.030664475,6.702104,0.146297632,1.98,6.854872298,1.381581936,0.379120432,0,9.300361508,9.142255363,0.522
QY295,QY295,1998,185.3333333,10.27297451,1580.000043,Calcareous,3.00120245,6.70008,0.1487996,1.33,7.101111656,1.381581936,0.395994954,0,9.498378252,9.336905822,0.5405
QY295,QY295,1999,185.3333333,10.29397255,1580.000043,Calcareous,2.981075868,6.694712,0.151404955,1,7.347351014,1.381581936,0.403857465,0,9.455707014,9.294959995,0.559
QY295,QY295,2000,185.3333333,10.31497059,1580.000043,Calcareous,2.962942957,6.694888,0.154101302,1.41,7.593590372,1.381581936,0.417705272,0,9.402634834,9.242790042,0.5775
QY295,QY295,2001,185.3333333,10.33596863,1580.000043,Calcareous,2.932278401,6.692952,0.156858705,1.14,7.83982973,1.381581936,0.4199949,0,9.330233761,9.171619787,0.596
QY295,QY295,2002,185.3333333,10.35696667,1580.000043,Calcareous,2.901708782,6.706064,0.159705256,2.09,8.086069088,1.381581936,0.410092187,0,9.35768875,9.198608041,0.6145
QY295,QY295,2003,185.3333333,10.37796471,1580.000043,Calcareous,2.873765745,6.679488,0.162578205,0.85,8.332308446,1.381581936,0.50503114,0,9.733709102,9.568236047,0.633
QY295,QY295,2004,185.3333333,10.39896275,1580.000043,Calcareous,2.847784733,6.698144,0.165605086,1.31,8.578547804,1.381581936,0.555773913,0,10.49039969,10.3120629,0.6515
QY295,QY295,2005,185.3333333,10.41996078,1580.000043,Calcareous,2.822848025,6.690048,0.16868902,1.31,8.824787163,1.381581936,0.613320976,0,9.838930109,9.671668297,0.67
QY295,QY295,2006,185.3333333,10.44095882,1580.000043,Calcareous,2.798829038,6.700784,0.171873685,1.55,9.071026521,1.381581936,0.615263693,0,8.92849574,8.776711313,0.6885
QY295,QY295,2007,185.3333333,10.46195686,1580.000043,Calcareous,2.77281638,6.696648,0.175137157,1.18,9.317265879,1.381581936,0.622988381,0,8.809454644,8.659693915,0.707
QY295,QY295,2008,185.3333333,10.4829549,1580.000043,Calcareous,2.745980938,6.692776,0.178499195,1.11,9.563505237,1.381581936,0.631922331,0,8.716942463,8.568754441,0.7255
QY295,QY295,2009,185.3333333,10.50395294,1580.000043,Calcareous,2.723987268,6.688552,0.181942915,0.95,9.809744595,1.381581936,0.649283778,0,8.22910413,8.089209359,0.744
QY295,QY295,2010,185.3333333,10.52495098,1580.000043,Calcareous,2.702436635,6.686792,0.185483843,0.91,9.809744595,1.381581936,0.658025154,0,7.700439562,7.56953209,0.7625
QY295,QY295,2011,185.3333333,10.54594902,1580.000043,Calcareous,2.682246763,6.662944,0.189036028,0.6,9.083096847,1.381581936,0.679403331,0,7.824506445,7.691489836,0.781
QY295,QY295,2012,185.3333333,10.56694706,1580.000043,Calcareous,2.662183472,6.676232,0.192376684,0.98,8.356449099,1.381581936,0.694530504,0,7.956905554,7.821638159,0.7995
QY295,QY295,2013,185.3333333,10.5879451,1580.000043,Calcareous,2.635664485,6.653176,0.195463152,0.43,7.629801352,1.381581936,0.706804017,0,7.971547801,7.836031489,0.818
QY295,QY295,2014,185.3333333,10.60894314,1580.000043,Calcareous,2.615601195,6.692072,0.198357355,1.16,6.903153604,1.381581936,0.746938046,0,7.93579629,7.800887753,0.8365
QY295,QY295,2015,185.3333333,10.62994118,1580.000043,Calcareous,2.596772081,6.683008,0.200986176,0.93,6.176505856,1.381581936,0.882599783,0,7.936496533,7.801576092,0.84
QY295,QY295,2016,185.3333333,10.65093922,1580.000043,Calcareous,2.576202462,6.68908,0.203436999,1.24,5.449858108,1.381581936,0.901819513,0,7.937231722,7.802298783,0.84
QY295,QY295,2017,185.3333333,10.67193725,1580.000043,Calcareous,2.554651829,6.684592,0.205634432,0.95,4.723210361,1.381581936,0.843490949,0,8.208233281,8.068693315,0.84
QY295,QY295,2018,185.3333333,10.69293529,1580.000043,Calcareous,2.546518918,6.684152,0.207592477,0.93,3.996562613,1.381581936,0.875940501,0,7.79422252,7.661720737,0.84
QY295,QY295,2019,185.3333333,10.71393333,1580.000043,Calcareous,2.522468286,6.682392,0.209333616,0.91,3.269914865,1.381581936,0.873720521,0,7.621273858,7.491712203,0.84
QY296,QY296,1985,194.851711,21,1379.999995,Non-calcareous,1.748985513,6.41144,0.229973561,1.47,5.151288921,1.399947217,0.381699039,0,14.68796778,14.43827233,0.3
QY296,QY296,1986,194.851711,20.90479059,1379.999995,Non-calcareous,1.740108702,6.313848,0.231322999,1.48,5.151288921,1.399947217,0.405605187,0,15.64726138,15.38125793,0.3185
QY296,QY296,1987,194.851711,20.80958118,1379.999995,Non-calcareous,1.737934789,6.246616,0.232485721,1.53,5.151288921,1.399947217,0.483772181,0,14.20030813,13.95890289,0.337
QY296,QY296,1988,194.851711,20.71437176,1379.999995,Non-calcareous,1.73007247,6.219688,0.233648713,1.2,5.151288921,1.399947217,0.49283506,0,14.30094939,14.05783325,0.3555
QY296,QY296,1989,194.851711,20.61916235,1379.999995,Non-calcareous,1.725253629,6.18924,0.23487872,1.2,5.151288921,1.399947217,0.559086582,0,14.29997501,14.05687543,0.374
QY296,QY296,1990,194.851711,20.52395294,1379.999995,Non-calcareous,1.721449281,6.155184,0.236086025,1.47,5.151288921,1.399947217,0.625993544,0,14,13.762,0.3925
QY296,QY296,1991,194.851711,20.42874353,1379.999995,Non-calcareous,1.719166673,6.120688,0.237185283,1.48,5.401546705,1.399947217,0.646950679,0,13.79622146,13.56168569,0.411
QY296,QY296,1992,194.851711,20.33353412,1379.999995,Non-calcareous,1.717101455,6.088744,0.238335229,1.53,5.651804489,1.399947217,0.665296867,0,14.59813475,14.34996646,0.4295
QY296,QY296,1993,194.851711,20.23832471,1379.999995,Non-calcareous,1.713695658,6.08584,0.239450414,1.2,5.902062273,1.399947217,0.694272422,0,14.59813475,14.34996646,0.448
QY296,QY296,1994,194.851711,20.14311529,1379.999995,Non-calcareous,1.710036238,6.082232,0.240804357,1.95,6.152320057,1.399947217,0.675624893,0,14.47869581,14.23255798,0.4665
QY296,QY296,1995,194.851711,20.04790588,1379.999995,Non-calcareous,1.717463774,6.034008,0.241916639,0.89,6.402577841,1.399947217,0.801960055,0,14.3898614,14.14523376,0.485
QY296,QY296,1996,194.851711,19.95269647,1379.999995,Non-calcareous,1.7293116,6.045448,0.243566901,1.47,6.652835625,1.399947217,0.777826524,0,14.10564414,13.86584819,0.5035
QY296,QY296,1997,194.851711,19.85748706,1379.999995,Non-calcareous,1.738115948,6.043952,0.24507573,1.98,6.90309341,1.399947217,0.738527487,0,14.46722901,14.22128612,0.522
QY296,QY296,1998,194.851711,19.76227765,1379.999995,Non-calcareous,1.747681165,6.01236,0.246410611,1.33,7.153351194,1.399947217,0.768922173,0,14.77525506,14.52407572,0.5405
QY296,QY296,1999,194.851711,19.66706824,1379.999995,Non-calcareous,1.772862325,6.013328,0.24808688,1,7.403608978,1.399947217,0.784695546,0,14.70887758,14.45882666,0.559
QY296,QY296,2000,194.851711,19.57185882,1379.999995,Non-calcareous,1.800760876,5.993264,0.250041243,1.41,7.653866762,1.399947217,0.817939945,0,14.62632085,14.3776734,0.5775
QY296,QY296,2001,194.851711,19.47664941,1379.999995,Non-calcareous,1.805507253,5.993968,0.251895998,1.14,7.904124546,1.399947217,0.818140781,0,14.51369696,14.26696411,0.596
QY296,QY296,2002,194.851711,19.38144,1379.999995,Non-calcareous,1.809202905,6.003648,0.254017996,2.09,8.15438233,1.399947217,0.802320423,0,14.55640472,14.30894584,0.6145
QY296,QY296,2003,194.851711,19.28623059,1379.999995,Non-calcareous,1.816449282,5.907816,0.255778337,0.85,8.404640114,1.399947217,0.992224729,0,15.14132527,14.88392274,0.633
QY296,QY296,2004,194.851711,19.19102118,1379.999995,Non-calcareous,1.826159427,5.945568,0.258130413,1.31,8.654897898,1.399947217,1.09634489,0,16.31839953,16.04098673,0.6515
QY296,QY296,2005,194.851711,19.09581176,1379.999995,Non-calcareous,1.836775369,5.925768,0.260350218,1.31,8.905155683,1.399947217,1.213769485,0,15.30500239,15.04481735,0.67
QY296,QY296,2006,194.851711,19.00060235,1379.999995,Non-calcareous,1.848115948,5.938,0.262746579,1.55,9.155413467,1.399947217,1.218512527,0,13.88877115,13.65266204,0.6885
QY296,QY296,2007,194.851711,18.90539294,1379.999995,Non-calcareous,1.854963775,5.916,0.265233829,1.18,9.405671251,1.399947217,1.23209327,0,13.70359611,13.47063498,0.707
QY296,QY296,2008,194.851711,18.81018353,1379.999995,Non-calcareous,1.859311601,5.919168,0.26800689,1.11,9.655929035,1.399947217,1.249464817,0,13.55968828,13.32917358,0.7255
QY296,QY296,2009,194.851711,18.71497412,1379.999995,Non-calcareous,1.871376818,5.90104,0.270938262,0.95,9.906186819,1.399947217,1.283210827,0,12.80082865,12.58321456,0.744
QY296,QY296,2010,194.851711,18.61976471,1379.999995,Non-calcareous,1.883405804,5.920048,0.274090367,0.91,9.906186819,1.399947217,1.300088393,0,11.97846154,11.77482769,0.7625
QY296,QY296,2011,194.851711,18.52455529,1379.999995,Non-calcareous,1.896956528,5.87728,0.27736357,0.6,9.172395203,1.399947217,1.340933602,0,12.17145447,11.96453974,0.781
QY296,QY296,2012,194.851711,18.42934588,1379.999995,Non-calcareous,1.909855079,5.924184,0.280513825,0.98,8.438603587,1.399947217,1.369516617,0,12.37740864,12.16699269,0.7995
QY296,QY296,2013,194.851711,18.33413647,1379.999995,Non-calcareous,1.910507253,5.8544,0.283242041,0.43,7.70481197,1.399947217,1.394135818,0,12.40018547,12.18938232,0.818
QY296,QY296,2014,194.851711,18.23892706,1379.999995,Non-calcareous,1.921630441,5.95912,0.285975803,1.16,6.971020354,1.399947217,1.471522364,0,12.34457201,12.13471428,0.8365
QY296,QY296,2015,194.851711,18.14371765,1379.999995,Non-calcareous,1.934166673,5.90368,0.28817799,0.93,6.237228738,1.399947217,1.765478486,0,12.34566127,12.13578503,0.84
QY296,QY296,2016,194.851711,18.04850824,1379.999995,Non-calcareous,1.942862326,5.926824,0.290264904,1.24,5.503437122,1.399947217,1.804802711,0,12.3468049,12.13690922,0.84
QY296,QY296,2017,194.851711,17.95329882,1379.999995,Non-calcareous,1.948949282,5.916616,0.29194095,0.95,4.769645505,1.399947217,1.67997274,0,12.76836288,12.55130071,0.84
QY296,QY296,2018,194.851711,17.85808941,1379.999995,Non-calcareous,1.978152181,5.897168,0.293423996,0.93,4.035853889,1.399947217,1.750021591,0,12.12434614,11.91823226,0.84
QY296,QY296,2019,194.851711,17.76288,1379.999995,Non-calcareous,1.9785145,5.905352,0.294676199,0.91,3.302062273,1.399947217,1.744868775,0,11.85531489,11.65377454,0.84
QY297,QY297,1985,451.1596958,32,1320.000052,Calcareous,3.060795333,6.708616,0.1272731,1.47,5.088664109,1.418954494,0.097453457,0,8.393124447,8.250441332,0.3
QY297,QY297,1986,451.1596958,31.58631525,1320.000052,Calcareous,3.023977153,6.707384,0.12960245,1.48,5.088664109,1.418954494,0.102720059,0,8.941292215,8.789290247,0.3185
QY297,QY297,1987,451.1596958,31.17263049,1320.000052,Calcareous,2.991401396,6.707648,0.131920755,1.53,5.088664109,1.418954494,0.122743354,0,8.114461789,7.976515939,0.337
QY297,QY297,1988,451.1596958,30.75894574,1320.000052,Calcareous,2.955871095,6.70404,0.134251312,1.2,5.088664109,1.418954494,0.125845431,0,8.171971077,8.033047569,0.3555
QY297,QY297,1989,451.1596958,30.34526098,1320.000052,Calcareous,2.922575641,6.70316,0.136592052,1.2,5.088664109,1.418954494,0.14271941,0,8.17141429,8.032500247,0.374
QY297,QY297,1990,451.1596958,29.93157623,1320.000052,Calcareous,2.890416552,6.705888,0.13893477,1.47,5.088664109,1.418954494,0.159753918,0,8,7.864,0.3925
QY297,QY297,1991,451.1596958,29.51789147,1320.000052,Calcareous,2.859696856,6.703512,0.141269732,1.48,5.326396931,1.418954494,0.165595224,0,7.883555119,7.749534682,0.411
QY297,QY297,1992,451.1596958,29.10420672,1320.000052,Calcareous,2.8296211,6.703776,0.143693215,1.53,5.564129752,1.418954494,0.170554419,0,8.341791284,8.199980833,0.4295
QY297,QY297,1993,451.1596958,28.69052196,1320.000052,Calcareous,2.799242313,6.700256,0.146194433,1.2,5.801862574,1.418954494,0.178063426,0,8.341791284,8.199980833,0.448
QY297,QY297,1994,451.1596958,28.27683721,1320.000052,Calcareous,2.769242314,6.708176,0.148800686,1.95,6.039595396,1.418954494,0.173876553,0,8.273540462,8.132890274,0.4665
QY297,QY297,1995,451.1596958,27.86315245,1320.000052,Calcareous,2.746363527,6.7014,0.151452171,0.89,6.277328218,1.418954494,0.204824542,0,8.222777943,8.082990718,0.485
QY297,QY297,1996,451.1596958,27.4494677,1320.000052,Calcareous,2.726666558,6.702896,0.15425961,1.47,6.515061039,1.418954494,0.200344528,0,8.06036808,7.923341823,0.5035
QY297,QY297,1997,451.1596958,27.03578294,1320.000052,Calcareous,2.705681711,6.706592,0.157120307,1.98,6.752793861,1.418954494,0.191117719,0,8.266988007,8.126449211,0.522
QY297,QY297,1998,451.1596958,26.62209819,1320.000052,Calcareous,2.685643833,6.709056,0.160029591,1.33,6.990526683,1.418954494,0.199706163,0,8.443002891,8.299471841,0.5405
QY297,QY297,1999,451.1596958,26.20841343,1320.000052,Calcareous,2.67541656,6.703864,0.163065055,1,7.228259505,1.418954494,0.20364152,0,8.405072901,8.262186662,0.559
QY297,QY297,2000,451.1596958,25.79472868,1320.000052,Calcareous,2.6673105,6.702192,0.166208461,1.41,7.465992326,1.418954494,0.210451711,0,8.35789763,8.21581337,0.5775
QY297,QY297,2001,451.1596958,25.38104392,1320.000052,Calcareous,2.645908986,6.702896,0.169414573,1.14,7.703725148,1.418954494,0.21175278,0,8.293541121,8.152550922,0.596
QY297,QY297,2002,451.1596958,24.96735917,1320.000052,Calcareous,2.624280199,6.710464,0.172727602,2.09,7.94145797,1.418954494,0.20661742,0,8.317945555,8.176540481,0.6145
QY297,QY297,2003,451.1596958,24.55367441,1320.000052,Calcareous,2.60518929,6.694976,0.176059223,0.85,8.179190792,1.418954494,0.254286279,0,8.652185868,8.505098709,0.633
QY297,QY297,2004,451.1596958,24.13998966,1320.000052,Calcareous,2.587992321,6.706856,0.179572617,1.31,8.416923613,1.418954494,0.279750514,0,9.324799729,9.166278133,0.6515
QY297,QY297,2005,451.1596958,23.7263049,1320.000052,Calcareous,2.571780201,6.700256,0.183137925,1.31,8.654656435,1.418954494,0.308590697,0,8.745715653,8.597038487,0.67
QY297,QY297,2006,451.1596958,23.31262015,1320.000052,Calcareous,2.556439292,6.708616,0.18680813,1.55,8.892389257,1.418954494,0.309522485,0,7.936440658,7.801521167,0.6885
QY297,QY297,2007,451.1596958,22.89893539,1320.000052,Calcareous,2.538825657,6.707736,0.190562276,1.18,9.130122079,1.418954494,0.313472332,0,7.83062635,7.697505702,0.707
QY297,QY297,2008,451.1596958,22.48525064,1320.000052,Calcareous,2.520113536,6.703952,0.194434994,1.11,9.3678549,1.418954494,0.317972114,0,7.7483933,7.616670614,0.7255
QY297,QY297,2009,451.1596958,22.07156588,1320.000052,Calcareous,2.506363537,6.70228,0.1984015,0.95,9.605587722,1.418954494,0.326724813,0,7.314759226,7.19040832,0.744
QY297,QY297,2010,451.1596958,21.65788113,1320.000052,Calcareous,2.492992325,6.699376,0.202478797,0.91,9.605587722,1.418954494,0.331135214,0,6.844835166,6.728472968,0.7625
QY297,QY297,2011,451.1596958,21.24419637,1320.000052,Calcareous,2.480946871,6.683976,0.206566254,0.6,8.894062706,1.418954494,0.341960819,0,6.95511684,6.836879854,0.781
QY297,QY297,2012,451.1596958,20.83051162,1320.000052,Calcareous,2.468901417,6.691016,0.210409135,0.98,8.182537689,1.418954494,0.34962097,0,7.072804937,6.952567253,0.7995
QY297,QY297,2013,451.1596958,20.41682686,1320.000052,Calcareous,2.449924145,6.682216,0.213945431,0.43,7.471012673,1.418954494,0.355783794,0,7.085820268,6.965361323,0.818
QY297,QY297,2014,451.1596958,20.00314211,1320.000052,Calcareous,2.437462024,6.702896,0.21726543,1.16,6.759487656,1.418954494,0.376037922,0,7.054041147,6.934122447,0.8365
QY297,QY297,2015,451.1596958,19.58945735,1320.000052,Calcareous,2.426249904,6.69832,0.220252497,0.93,6.04796264,1.418954494,0.443402017,0,7.054663585,6.934734304,0.84
QY297,QY297,2016,451.1596958,19.1757726,1320.000052,Calcareous,2.413105965,6.700872,0.223012011,1.24,5.336437623,1.418954494,0.453033045,0,7.055317086,6.935376696,0.84
QY297,QY297,2017,451.1596958,18.76208784,1320.000052,Calcareous,2.398712026,6.699376,0.225467003,0.95,4.624912607,1.418954494,0.424010254,0,7.29620736,7.172171835,0.84
QY297,QY297,2018,451.1596958,18.34840309,1320.000052,Calcareous,2.398484753,6.699112,0.227660197,0.93,3.91338759,1.418954494,0.440133649,0,6.928197795,6.810418433,0.84
QY297,QY297,2019,451.1596958,17.93471833,1320.000052,Calcareous,2.381363542,6.697792,0.229593261,0.91,3.201862574,1.418954494,0.439044086,0,6.774465652,6.659299736,0.84
QY299,QY299,1985,170.5,48,1250,Non-calcareous,1.72424,6.353888,0.099587644,1.47,4.485840314,1.48434468,0.192249005,0,7.343983891,7.219136165,0.3
QY299,QY299,1986,170.5,47.31361588,1250,Non-calcareous,1.70864,6.261928,0.101692177,1.48,4.485840314,1.48434468,0.205214156,0,7.823630688,7.690628966,0.3185
QY299,QY299,1987,170.5,46.62723176,1250,Non-calcareous,1.6968,6.193112,0.103734354,1.53,4.485840314,1.48434468,0.244209701,0,7.100154065,6.979451446,0.337
QY299,QY299,1988,170.5,45.94084764,1250,Non-calcareous,1.68204,6.157824,0.105756929,1.2,4.485840314,1.48434468,0.247722912,0,7.150474693,7.028916623,0.3555
QY299,QY299,1989,170.5,45.25446352,1250,Non-calcareous,1.66908,6.124296,0.107807169,1.2,4.485840314,1.48434468,0.280756588,0,7.149987504,7.028437716,0.374
QY299,QY299,1990,170.5,44.5680794,1250,Non-calcareous,1.65688,6.085752,0.109841725,1.47,4.485840314,1.48434468,0.314131109,0,7,6.881,0.3925
QY299,QY299,1991,170.5,43.88169528,1250,Non-calcareous,1.64568,6.04844,0.111803755,1.48,4.603008377,1.48434468,0.323942124,0,6.898110729,6.780842847,0.411
QY299,QY299,1992,170.5,43.19531116,1250,Non-calcareous,1.63488,6.013944,0.113778849,1.53,4.72017644,1.48434468,0.332647415,0,7.299067374,7.174983229,0.4295
QY299,QY299,1993,170.5,42.50892704,1250,Non-calcareous,1.62348,6.000656,0.115737633,1.2,4.837344503,1.48434468,0.347117848,0,7.299067374,7.174983229,0.448
QY299,QY299,1994,170.5,41.82254292,1250,Non-calcareous,1.61212,5.997488,0.11781167,1.95,4.954512566,1.48434468,0.337069931,0,7.239347904,7.11627899,0.4665
QY299,QY299,1995,170.5,41.1361588,1250,Non-calcareous,1.60708,5.936152,0.119709268,0.89,5.071680629,1.48434468,0.402093258,0,7.1949307,7.072616878,0.485
QY299,QY299,1996,170.5,40.44977468,1250,Non-calcareous,1.60472,5.947416,0.121924682,1.47,5.188848692,1.48434468,0.387972915,0,7.05282207,6.932924095,0.5035
QY299,QY299,1997,170.5,39.76339056,1250,Non-calcareous,1.60092,5.941872,0.124003929,1.98,5.306016755,1.48434468,0.367417069,0,7.233614507,7.11064306,0.522
QY299,QY299,1998,170.5,39.07700644,1250,Non-calcareous,1.5978,5.887664,0.125934043,1.33,5.423184817,1.48434468,0.381714748,0,7.387627529,7.262037861,0.5405
QY299,QY299,1999,170.5,38.39062232,1250,Non-calcareous,1.60352,5.883,0.128058536,1,5.54035288,1.48434468,0.389646706,0,7.354438788,7.229413329,0.559
QY299,QY299,2000,170.5,37.7042382,1250,Non-calcareous,1.61104,5.876136,0.130339457,1.41,5.657520943,1.48434468,0.408458486,0,7.313160426,7.188836699,0.5775
QY299,QY299,2001,170.5,37.01785408,1250,Non-calcareous,1.60608,5.849472,0.132511556,1.14,5.774689006,1.48434468,0.407173291,0,7.256848481,7.133482057,0.596
QY299,QY299,2002,170.5,36.33146996,1250,Non-calcareous,1.6006,5.87508,0.134805446,2.09,5.891857069,1.48434468,0.400309343,0,7.278202361,7.154472921,0.6145
QY299,QY299,2003,170.5,35.64508584,1250,Non-calcareous,1.59716,5.758832,0.136783381,0.85,6.009025132,1.48434468,0.496300092,0,7.570662635,7.44196137,0.633
QY299,QY299,2004,170.5,34.95870172,1250,Non-calcareous,1.59528,5.799576,0.139212586,1.31,6.126193195,1.48434468,0.550154989,0,8.159199763,8.020493367,0.6515
QY299,QY299,2005,170.5,34.2723176,1250,Non-calcareous,1.59404,5.775376,0.141498379,1.31,6.243361258,1.48434468,0.610375299,0,7.652501196,7.522408676,0.67
QY299,QY299,2006,170.5,33.58593348,1250,Non-calcareous,1.5934,5.784968,0.143836454,1.55,6.36052932,1.48434468,0.612972118,0,6.944385576,6.826331021,0.6885
QY299,QY299,2007,170.5,32.89954936,1250,Non-calcareous,1.59044,5.747304,0.146138624,1.18,6.477697383,1.48434468,0.619278189,0,6.851798056,6.735317489,0.707
QY299,QY299,2008,170.5,32.21316524,1250,Non-calcareous,1.58624,5.737008,0.148620174,1.11,6.594865446,1.48434468,0.627884506,0,6.779844138,6.664586788,0.7255
QY299,QY299,2009,170.5,31.52678112,1250,Non-calcareous,1.58636,5.706824,0.151167457,0.95,6.712033509,1.48434468,0.644639232,0,6.400414323,6.29160728,0.744
QY299,QY299,2010,170.5,30.840397,1250,Non-calcareous,1.58668,5.711664,0.153829364,0.91,6.712033509,1.48434468,0.652979655,0,5.989230771,5.887413847,0.7625
QY299,QY299,2011,170.5,30.15401288,1250,Non-calcareous,1.588,5.645488,0.156533996,0.6,6.214845842,1.48434468,0.673148773,0,6.085727235,5.982269872,0.781
QY299,QY299,2012,170.5,29.46762876,1250,Non-calcareous,1.58912,5.686672,0.159165746,0.98,5.717658174,1.48434468,0.687101234,0,6.18870432,6.083496346,0.7995
QY299,QY299,2013,170.5,28.78124464,1250,Non-calcareous,1.5836,5.579136,0.161386462,0.43,5.220470507,1.48434468,0.699580982,0,6.200092734,6.094691158,0.818
QY299,QY299,2014,170.5,28.09486052,1250,Non-calcareous,1.58392,5.703128,0.163684815,1.16,4.72328284,1.48434468,0.737795797,0,6.172286004,6.067357142,0.8365
QY299,QY299,2015,170.5,27.4084764,1250,Non-calcareous,1.58516,5.654904,0.165414271,0.93,4.226095172,1.48434468,0.893689637,0,6.172830637,6.067892516,0.84
QY299,QY299,2016,170.5,26.72209228,1250,Non-calcareous,1.58444,5.67576,0.16708467,1.24,3.728907505,1.48434468,0.913902967,0,6.173402451,6.068454609,0.84
QY299,QY299,2017,170.5,26.03570816,1250,Non-calcareous,1.5824,5.651472,0.16836256,0.95,3.231719838,1.48434468,0.848129229,0,6.38418144,6.275650356,0.84
QY299,QY299,2018,170.5,25.34932404,1250,Non-calcareous,1.5932,5.635896,0.169558228,0.93,2.73453217,1.48434468,0.885207142,0,6.062173071,5.959116129,0.84
QY299,QY299,2019,170.5,24.66293992,1250,Non-calcareous,1.58836,5.627888,0.170566261,0.91,2.237344503,1.48434468,0.882379355,0,5.927657445,5.826887269,0.84
QY308,QY308,1985,213,12,1539.999962,Calcareous,1.944805243,6.70536,0.198,1.47,5.268474036,1.425765356,0.253071626,0,9.442265003,9.281746498,0.3
QY308,QY308,1986,213,11.82840397,1539.999962,Calcareous,1.923376671,6.703424,0.19959156,1.48,5.268474036,1.425765356,0.271515811,0,10.05895374,9.887951528,0.3185
QY308,QY308,1987,213,11.65680794,1539.999962,Calcareous,1.905941606,6.702808,0.201142607,1.53,5.268474036,1.425765356,0.320387049,0,9.128769513,8.973580431,0.337
QY308,QY308,1988,213,11.48521191,1539.999962,Calcareous,1.885422125,6.698584,0.202744589,1.2,5.268474036,1.425765356,0.322303186,0,9.193467462,9.037178515,0.3555
QY308,QY308,1989,213,11.31361588,1539.999962,Calcareous,1.866883163,6.696824,0.204372146,1.2,5.268474036,1.425765356,0.362888177,0,9.192841076,9.036562778,0.374
QY308,QY308,1990,213,11.14201985,1539.999962,Calcareous,1.849188357,6.699728,0.206003431,1.47,5.268474036,1.425765356,0.403957996,0,9,8.847,0.3925
QY308,QY308,1991,213,10.97042382,1539.999962,Calcareous,1.832629916,6.697264,0.207619669,1.48,5.542168844,1.425765356,0.414485717,0,8.868999509,8.718226517,0.411
QY308,QY308,1992,213,10.79882779,1539.999962,Calcareous,1.816461084,6.697088,0.209324795,1.53,5.815863651,1.425765356,0.423688645,0,9.384515195,9.224978437,0.4295
QY308,QY308,1993,213,10.62723176,1539.999962,Calcareous,1.799740304,6.69304,0.211078041,1.2,6.089558458,1.425765356,0.442547614,0,9.384515195,9.224978437,0.448
QY308,QY308,1994,213,10.45563573,1539.999962,Calcareous,1.783149395,6.703248,0.212959436,1.95,6.363253265,1.425765356,0.428206909,0,9.30773302,9.149501558,0.4665
QY308,QY308,1995,213,10.2840397,1539.999962,Calcareous,1.77321433,6.690224,0.21482775,0.89,6.636948073,1.425765356,0.515552853,0,9.250625185,9.093364557,0.485
QY308,QY308,1996,213,10.11244367,1539.999962,Calcareous,1.766006537,6.695416,0.216944771,1.47,6.91064288,1.425765356,0.493357213,0,9.06791409,8.91375955,0.5035
QY308,QY308,1997,213,9.94084764,1539.999962,Calcareous,1.757207836,6.70096,0.219070864,1.98,7.184337687,1.425765356,0.465975889,0,9.300361508,9.142255363,0.522
QY308,QY308,1998,213,9.76925161,1539.999962,Calcareous,1.749058485,6.699992,0.221190291,1.33,7.458032494,1.425765356,0.482682397,0,9.498378252,9.336905822,0.5405
QY308,QY308,1999,213,9.59765558,1539.999962,Calcareous,1.750129913,6.693832,0.223480361,1,7.731727302,1.425765356,0.492385671,0,9.455707014,9.294959995,0.559
QY308,QY308,2000,213,9.42605955,1539.999962,Calcareous,1.752889654,6.693832,0.225905396,1.41,8.005422109,1.425765356,0.521585626,0,9.402634834,9.242790042,0.5775
QY308,QY308,2001,213,9.25446352,1539.999962,Calcareous,1.742402641,6.692248,0.228370361,1.14,8.279116916,1.425765356,0.517790577,0,9.330233761,9.171619787,0.596
QY308,QY308,2002,213,9.08286749,1539.999962,Calcareous,1.731655887,6.70448,0.23096852,2.09,8.552811723,1.425765356,0.509728114,0,9.35768875,9.198608041,0.6145
QY308,QY308,2003,213,8.91127146,1539.999962,Calcareous,1.723181861,6.6794,0.233508104,0.85,8.826506531,1.425765356,0.633065927,0,9.733709102,9.568236047,0.633
QY308,QY308,2004,213,8.73967543,1539.999962,Calcareous,1.716363679,6.69568,0.236325087,1.31,9.100201338,1.425765356,0.707181307,0,10.49039969,10.3120629,0.6515
QY308,QY308,2005,213,8.5680794,1539.999962,Calcareous,1.710259783,6.687584,0.239142893,1.31,9.373896145,1.425765356,0.786912134,0,9.838930109,9.671668297,0.67
QY308,QY308,2006,213,8.39648337,1539.999962,Calcareous,1.704740302,6.697968,0.242103315,1.55,9.647590952,1.425765356,0.790006263,0,8.92849574,8.776711313,0.6885
QY308,QY308,2007,213,8.22488734,1539.999962,Calcareous,1.696818224,6.694008,0.24517105,1.18,9.92128576,1.425765356,0.797504074,0,8.809454644,8.659693915,0.707
QY308,QY308,2008,213,8.05329131,1539.999962,Calcareous,1.687694847,6.689432,0.248393545,1.11,10.19498057,1.425765356,0.80816648,0,8.716942463,8.568754441,0.7255
QY308,QY308,2009,213,7.88169528,1539.999962,Calcareous,1.683246795,6.68512,0.251718507,0.95,10.46867537,1.425765356,0.8292878,0,8.22910413,8.089209359,0.744
QY308,QY308,2010,213,7.71009925,1539.999962,Calcareous,1.678896145,6.681688,0.255189447,0.91,10.46867537,1.425765356,0.839722976,0,7.700439562,7.56953209,0.7625
QY308,QY308,2011,213,7.53850322,1539.999962,Calcareous,1.675649392,6.657664,0.258698347,0.6,9.693217939,1.425765356,0.865896205,0,7.824506445,7.691489836,0.781
QY308,QY308,2012,213,7.36690719,1539.999962,Calcareous,1.672175366,6.67192,0.26200118,0.98,8.917760504,1.425765356,0.883327049,0,7.956905554,7.821638159,0.7995
QY308,QY308,2013,213,7.19531116,1539.999962,Calcareous,1.661785755,6.646928,0.264983815,0.43,8.142303069,1.425765356,0.899522006,0,7.971547801,7.836031489,0.818
QY308,QY308,2014,213,7.02371513,1539.999962,Calcareous,1.657727314,6.686264,0.267817373,1.16,7.366845634,1.425765356,0.947339568,0,7.93579629,7.800887753,0.8365
QY308,QY308,2015,213,6.8521191,1539.999962,Calcareous,1.654577963,6.6772,0.270290724,0.93,6.591388198,1.425765356,1.160113485,0,7.936496533,7.801576092,0.84
QY308,QY308,2016,213,6.68052307,1539.999962,Calcareous,1.649415625,6.683624,0.272610369,1.24,5.815930763,1.425765356,1.187045867,0,7.937231722,7.802298783,0.84
QY308,QY308,2017,213,6.50892704,1539.999962,Calcareous,1.642922119,6.67852,0.274613218,0.95,5.040473328,1.425765356,1.097685171,0,8.208233281,8.068693315,0.84
QY308,QY308,2018,213,6.33733101,1539.999962,Calcareous,1.649935106,6.677288,0.276360347,0.93,4.265015893,1.425765356,1.148233232,0,7.79422252,7.661720737,0.84
QY308,QY308,2019,213,6.16573498,1539.999962,Calcareous,1.640324716,6.675264,0.277886105,0.91,3.489558458,1.425765356,1.144272717,0,7.621273858,7.491712203,0.84
QY310,QY310,1985,180.9226869,23,1370.000005,Calcareous,1.552080287,6.70668,0.198,1.47,5.415434802,1.372439536,0.189886585,0,8.393124447,8.250441332,0.3
QY310,QY310,1986,180.9226869,22.67110761,1370.000005,Calcareous,1.538503644,6.705184,0.199853039,1.48,5.415434802,1.372439536,0.200794958,0,8.941292215,8.789290247,0.3185
QY310,QY310,1987,180.9226869,22.34221522,1370.000005,Calcareous,1.528832111,6.704832,0.201665377,1.53,5.415434802,1.372439536,0.240036418,0,8.114461789,7.976515939,0.337
QY310,QY310,1988,180.9226869,22.01332283,1370.000005,Calcareous,1.516058389,6.700344,0.203520061,1.2,5.415434802,1.372439536,0.245638444,0,8.171971077,8.033047569,0.3555
QY310,QY310,1989,180.9226869,21.68443044,1370.000005,Calcareous,1.505109484,6.699024,0.205419141,1.2,5.415434802,1.372439536,0.278898701,0,8.17141429,8.032500247,0.374
QY310,QY310,1990,180.9226869,21.35553805,1370.000005,Calcareous,1.494890506,6.702192,0.207321214,1.47,5.415434802,1.372439536,0.312474068,0,8,7.864,0.3925
QY310,QY310,1991,180.9226869,21.02664566,1370.000005,Calcareous,1.485693425,6.699728,0.209192215,1.48,5.718521762,1.372439536,0.323663106,0,7.883555119,7.749534682,0.411
QY310,QY310,1992,180.9226869,20.69775326,1370.000005,Calcareous,1.476788316,6.699992,0.211173272,1.53,6.021608723,1.372439536,0.333326203,0,8.341791284,8.199980833,0.4295
QY310,QY310,1993,180.9226869,20.36886087,1370.000005,Calcareous,1.467226272,6.696472,0.213225419,1.2,6.324695683,1.372439536,0.347872357,0,8.341791284,8.199980833,0.448
QY310,QY310,1994,180.9226869,20.03996848,1370.000005,Calcareous,1.457700725,6.705712,0.215445656,1.95,6.627782643,1.372439536,0.339290814,0,8.273540462,8.132890274,0.4665
QY310,QY310,1995,180.9226869,19.71107609,1370.000005,Calcareous,1.454635031,6.695328,0.217633126,0.89,6.930869604,1.372439536,0.400649379,0,8.222777943,8.082990718,0.485
QY310,QY310,1996,180.9226869,19.3821837,1370.000005,Calcareous,1.454306564,6.699112,0.220146929,1.47,7.233956564,1.372439536,0.390720445,0,8.06036808,7.923341823,0.5035
QY310,QY310,1997,180.9226869,19.05329131,1370.000005,Calcareous,1.452372258,6.703512,0.222660233,1.98,7.537043525,1.372439536,0.37200042,0,8.266988007,8.126449211,0.522
QY310,QY310,1998,180.9226869,18.72439892,1370.000005,Calcareous,1.451021893,6.703688,0.225162835,1.33,7.840130485,1.372439536,0.388183818,0,8.443002891,8.299471841,0.5405
QY310,QY310,1999,180.9226869,18.39550653,1370.000005,Calcareous,1.458832112,6.69788,0.22789964,1,8.143217445,1.372439536,0.396027576,0,8.405072901,8.262186662,0.559
QY310,QY310,2000,180.9226869,18.06661414,1370.000005,Calcareous,1.468321163,6.697352,0.230813047,1.41,8.446304406,1.372439536,0.410395216,0,8.35789763,8.21581337,0.5775
QY310,QY310,2001,180.9226869,17.73772175,1370.000005,Calcareous,1.464671528,6.69656,0.233760535,1.14,8.749391366,1.372439536,0.411970536,0,8.293541121,8.152550922,0.596
QY310,QY310,2002,180.9226869,17.40882936,1370.000005,Calcareous,1.460510944,6.707384,0.236882909,2.09,9.052478326,1.372439536,0.40290898,0,8.317945555,8.176540481,0.6145
QY310,QY310,2003,180.9226869,17.07993697,1370.000005,Calcareous,1.458503645,6.685648,0.239911829,0.85,9.355565287,1.372439536,0.49693647,0,8.652185868,8.505098709,0.633
QY310,QY310,2004,180.9226869,16.75104457,1370.000005,Calcareous,1.458029192,6.700696,0.243312762,1.31,9.658652247,1.372439536,0.547254791,0,9.324799729,9.166278133,0.6515
QY310,QY310,2005,180.9226869,16.42215218,1370.000005,Calcareous,1.458175177,6.693304,0.246708517,1.31,9.961739208,1.372439536,0.604497163,0,8.745715653,8.597038487,0.67
QY310,QY310,2006,180.9226869,16.09325979,1370.000005,Calcareous,1.458868608,6.702896,0.250259368,1.55,10.26482617,1.372439536,0.606620774,0,7.936440658,7.801521167,0.6885
QY310,QY310,2007,180.9226869,15.7643674,1370.000005,Calcareous,1.457116783,6.699992,0.253917737,1.18,10.56791313,1.372439536,0.613945447,0,7.83062635,7.697505702,0.707
QY310,QY310,2008,180.9226869,15.43547501,1370.000005,Calcareous,1.454014593,6.695944,0.257775789,1.11,10.87100009,1.372439536,0.622729425,0,7.7483933,7.616670614,0.7255
QY310,QY310,2009,180.9226869,15.10658262,1370.000005,Calcareous,1.455437951,6.692424,0.261761755,0.95,11.17408705,1.372439536,0.639761838,0,7.314759226,7.19040832,0.744
QY310,QY310,2010,180.9226869,14.77769023,1370.000005,Calcareous,1.456970798,6.68996,0.265921326,0.91,11.17408705,1.372439536,0.648321673,0,6.844835166,6.728472968,0.7625
QY310,QY310,2011,180.9226869,14.44879784,1370.000005,Calcareous,1.459489046,6.66884,0.270117504,0.6,10.3463769,1.372439536,0.669075773,0,6.95511684,6.836879854,0.781
QY310,QY310,2012,180.9226869,14.11990545,1370.000005,Calcareous,1.46175182,6.680192,0.274079262,0.98,9.518666745,1.372439536,0.683761507,0,7.072804937,6.952567253,0.7995
QY310,QY310,2013,180.9226869,13.79101306,1370.000005,Calcareous,1.457080287,6.661448,0.277644997,0.43,8.690956594,1.372439536,0.695915856,0,7.085820268,6.965361323,0.818
QY310,QY310,2014,180.9226869,13.46212067,1370.000005,Calcareous,1.458467148,6.694184,0.281051005,1.16,7.863246442,1.372439536,0.735194509,0,7.054041147,6.934122447,0.8365
QY310,QY310,2015,180.9226869,13.13322828,1370.000005,Calcareous,1.460802915,6.686968,0.283993241,0.93,7.03553629,1.372439536,0.872990064,0,7.054663585,6.934734304,0.84
QY310,QY310,2016,180.9226869,12.80433588,1370.000005,Calcareous,1.461021893,6.691808,0.286731127,1.24,6.207826138,1.372439536,0.892113051,0,7.055317086,6.935376696,0.84
QY310,QY310,2017,180.9226869,12.47544349,1370.000005,Calcareous,1.459817513,6.688112,0.289081886,0.95,5.380115987,1.372439536,0.83313767,0,7.29620736,7.172171835,0.84
QY310,QY310,2018,180.9226869,12.1465511,1370.000005,Calcareous,1.472007294,6.687496,0.291159998,0.93,4.552405835,1.372439536,0.866050677,0,6.928197795,6.810418433,0.84
QY310,QY310,2019,180.9226869,11.81765871,1370.000005,Calcareous,1.467737221,6.685736,0.292962866,0.91,3.724695683,1.372439536,0.86373732,0,6.774465652,6.659299736,0.84
QY313,QY313,1985,227.0430925,21,1379.999995,Calcareous,2.91750001,6.7036,0.089179702,1.47,5.435488486,1.376404546,0.135017333,58.83085053,10.49140556,10.31305166,0.3
QY313,QY313,1986,227.0430925,20.89742328,1379.999995,Calcareous,2.896702909,6.70052,0.112863433,1.48,5.435488486,1.376404546,0.13998665,60.74160124,11.17661527,10.98661281,0.3185
QY313,QY313,1987,227.0430925,20.79484657,1379.999995,Calcareous,2.880615952,6.69876,0.137194492,1.53,5.435488486,1.376404546,0.16691307,66.1484141,10.14307724,9.970644923,0.337
QY313,QY313,1988,227.0430925,20.69226985,1379.999995,Calcareous,2.859673923,6.696384,0.163466402,1.2,5.435488486,1.376404546,0.172803218,70.42468684,10.21496385,10.04130946,0.3555
QY313,QY313,1989,227.0430925,20.58969314,1379.999995,Calcareous,2.83884059,6.695152,0.191265631,1.2,5.435488486,1.376404546,0.194807723,70.54446998,10.21426786,10.04062531,0.374
QY313,QY313,1990,227.0430925,20.48711642,1379.999995,Calcareous,2.818007256,6.697352,0.219075321,1.47,5.435488486,1.376404546,0.217026269,70.66629997,10,9.83,0.3925
QY313,QY313,1991,227.0430925,20.38453971,1379.999995,Calcareous,2.796195662,6.694536,0.246881153,1.48,5.742586184,1.376404546,0.2258127,67.15145935,9.854443899,9.686918353,0.411
QY313,QY313,1992,227.0430925,20.28196299,1379.999995,Calcareous,2.773695662,6.693656,0.273486804,1.53,6.049683881,1.376404546,0.232682785,63.69793435,10.42723911,10.24997604,0.4295
QY313,QY313,1993,227.0430925,20.17938627,1379.999995,Calcareous,2.754420299,6.692424,0.298892259,1.2,6.356781578,1.376404546,0.243392292,71.05592185,10.42723911,10.24997604,0.448
QY313,QY313,1994,227.0430925,20.07680956,1379.999995,Calcareous,2.734130444,6.704304,0.327073915,1.95,6.663879275,1.376404546,0.239116114,72.74779083,10.34192558,10.16611284,0.4665
QY313,QY313,1995,227.0430925,19.97423284,1379.999995,Calcareous,2.722355082,6.6882,0.355853665,0.89,6.970976973,1.376404546,0.278188384,75.0489395,10.27847243,10.1037384,0.485
QY313,QY313,1996,227.0430925,19.87165613,1379.999995,Calcareous,2.715362328,6.695416,0.385679851,1.47,7.27807467,1.376404546,0.276300435,80.05549421,10.0754601,9.904177278,0.5035
QY313,QY313,1997,227.0430925,19.76907941,1379.999995,Calcareous,2.708550734,6.700784,0.417317626,1.98,7.585172367,1.376404546,0.266187324,88.15386778,10.33373501,10.15806151,0.522
QY313,QY313,1998,227.0430925,19.6665027,1379.999995,Calcareous,2.703043488,6.695592,0.451862688,1.33,7.892270064,1.376404546,0.280070028,94.63693506,10.55375361,10.3743398,0.5405
QY313,QY313,1999,227.0430925,19.56392598,1379.999995,Calcareous,2.710036241,6.691896,0.488918544,1,8.199367762,1.376404546,0.284889497,102.146973,10.50634113,10.32773333,0.559
QY313,QY313,2000,227.0430925,19.46134926,1379.999995,Calcareous,2.717971024,6.691544,0.52882205,1.41,8.506465459,1.376404546,0.290371593,104.8869861,10.44737204,10.26976671,0.5775
QY313,QY313,2001,227.0430925,19.35877255,1379.999995,Calcareous,2.709601459,6.688024,0.569703439,1.14,8.813563156,1.376404546,0.295629422,108.1226095,10.3669264,10.19068865,0.596
QY313,QY313,2002,227.0430925,19.25619583,1379.999995,Calcareous,2.699347835,6.703688,0.611883363,2.09,9.120660853,1.376404546,0.285113998,108.2061448,10.39743194,10.2206756,0.6145
QY313,QY313,2003,227.0430925,19.15361912,1379.999995,Calcareous,2.691775372,6.66972,0.653930688,0.85,9.427758551,1.376404546,0.347033452,109.2235762,10.81523234,10.63137339,0.633
QY313,QY313,2004,227.0430925,19.0510424,1379.999995,Calcareous,2.687608705,6.694624,0.696683886,1.31,9.734856248,1.376404546,0.379787074,113.8579759,11.65599966,11.45784767,0.6515
QY313,QY313,2005,227.0430925,18.94846569,1379.999995,Calcareous,2.685000009,6.684944,0.741033681,1.31,10.04195395,1.376404546,0.415972067,118.8205038,10.93214457,10.74629811,0.67
QY313,QY313,2006,227.0430925,18.84588897,1379.999995,Calcareous,2.683550734,6.697176,0.78728318,1.55,10.34905164,1.376404546,0.41615409,123.4644232,9.920550823,9.751901459,0.6885
QY313,QY313,2007,227.0430925,18.74331225,1379.999995,Calcareous,2.678913053,6.691896,0.835273318,1.18,10.65614934,1.376404546,0.422963979,126.7172527,9.788282938,9.621882128,0.707
QY313,QY313,2008,227.0430925,18.64073554,1379.999995,Calcareous,2.661630444,6.687496,0.884628279,1.11,10.96324704,1.376404546,0.429139829,104.6119927,9.685491626,9.520838268,0.7255
QY313,QY313,2009,227.0430925,18.53815882,1379.999995,Calcareous,2.656376821,6.683448,0.926063522,0.95,11.27034473,1.376404546,0.441345814,107.302252,9.143449033,8.988010399,0.744
QY313,QY313,2010,227.0430925,18.43558211,1379.999995,Calcareous,2.65231885,6.683448,0.968640711,0.91,11.27034473,1.376404546,0.447577771,110.0826579,8.556043958,8.410591211,0.7625
QY313,QY313,2011,227.0430925,18.33300539,1379.999995,Calcareous,2.648369574,6.657136,1.012251549,0.6,10.43550438,1.376404546,0.463798097,108.3351982,8.69389605,8.546099817,0.781
QY313,QY313,2012,227.0430925,18.23042868,1379.999995,Calcareous,2.645434792,6.67104,1.054999405,0.98,9.600664033,1.376404546,0.475274723,110.0358255,8.841006171,8.690709066,0.7995
QY313,QY313,2013,227.0430925,18.12785196,1379.999995,Calcareous,2.633079719,6.646576,1.097862486,0.43,8.765823682,1.376404546,0.483286787,108.7735939,8.857275335,8.706701654,0.818
QY313,QY313,2014,227.0430925,18.02527525,1379.999995,Calcareous,2.628659429,6.689608,1.140182232,1.16,7.930983331,1.376404546,0.512018315,108.56,8.817551434,8.667653059,0.8365
QY313,QY313,2015,227.0430925,17.92269853,1379.999995,Calcareous,2.621340589,6.675704,1.18178646,0.93,7.096142981,1.376404546,0.581812717,98.9461774,8.818329482,8.66841788,0.84
QY313,QY313,2016,227.0430925,17.82012181,1379.999995,Calcareous,2.614275371,6.682392,1.219676711,1.24,6.26130263,1.376404546,0.593870591,99.67087104,8.819146358,8.66922087,0.84
QY313,QY313,2017,227.0430925,17.7175451,1379.999995,Calcareous,2.605615951,6.678168,1.257316644,0.95,5.426462279,1.376404546,0.562390523,99.24854416,9.120259201,8.965214794,0.84
QY313,QY313,2018,227.0430925,17.61496838,1379.999995,Calcareous,2.610905806,6.677112,1.294558369,0.93,4.591621929,1.376404546,0.579340218,92.19887862,8.660247244,8.513023041,0.84
QY313,QY313,2019,227.0430925,17.51239167,1379.999995,Calcareous,2.595579719,6.67544,1.328944843,0.91,3.756781578,1.376404546,0.578515967,87.19294936,8.468082065,8.324124669,0.84
